signature,trump_count,strongest_trump_strength,weakest_trump_strength,max_suit_run,trump_strength_sum,color_aces,total_points,non_trump_points,hand_instances,games,win_rate,win_rate_std,avg_points
5-13-4-2-47-2,5,13.0,4.0,2,47,2,47,32,1,50,1.0,0.0,96.16
6-14-6-2-57-0,6,14.0,6.0,2,57,0,27,4,1,50,1.0,0.0,91.72
5-14-3-1-48-2,5,14.0,3.0,1,48,2,32,22,1,50,1.0,0.0,96.66
5-14-9-2-58-1,5,14.0,9.0,2,58,1,34,21,1,50,1.0,0.0,105.24
7-14-6-1-67-0,7,14.0,6.0,1,67,0,35,10,1,50,1.0,0.0,105.6
6-14-5-1-52-2,6,14.0,5.0,1,52,2,53,22,1,50,1.0,0.0,95.58
7-14-0-1-51-0,7,14.0,0.0,1,51,0,24,0,1,50,1.0,0.0,93.6
4-14-4-2-43-1,4,14.0,4.0,2,43,1,44,31,1,50,1.0,0.0,91.7
5-14-3-2-51-1,5,14.0,3.0,2,51,1,32,21,2,50,1.0,0.0,93.04
6-13-7-2-60-0,6,13.0,7.0,2,60,0,19,4,1,50,1.0,0.0,93.42
5-14-0-1-49-1,5,14.0,0.0,1,49,1,32,21,1,50,1.0,0.0,96.2
6-14-4-1-57-1,6,14.0,4.0,1,57,1,36,11,1,50,0.98,0.019798989873223337,100.36
6-14-2-2-59-1,6,14.0,2.0,2,59,1,28,15,1,50,0.98,0.019798989873223337,102.46
5-14-2-1-45-2,5,14.0,2.0,1,45,2,32,22,1,50,0.98,0.019798989873223337,101.52
5-14-7-2-54-1,5,14.0,7.0,2,54,1,34,21,1,50,0.98,0.019798989873223337,95.16
6-14-7-1-62-0,6,14.0,7.0,1,62,0,23,8,1,50,0.98,0.019798989873223337,94.66
5-14-0-1-36-2,5,14.0,0.0,1,36,2,30,22,1,50,0.98,0.019798989873223337,93.66
7-12-3-1-59-1,7,12.0,3.0,1,59,1,34,11,1,50,0.98,0.019798989873223337,100.78
7-13-3-1-52-0,7,13.0,3.0,1,52,0,24,0,1,50,0.98,0.019798989873223337,90.26
7-13-2-1-60-0,7,13.0,2.0,1,60,0,28,4,1,50,0.98,0.019798989873223337,94.82
6-14-3-2-55-0,6,14.0,3.0,2,55,0,32,10,2,50,0.98,0.019798989873223337,92.46
6-14-2-1-54-0,6,14.0,2.0,1,54,0,25,4,2,50,0.98,0.019798989873223337,92.48
6-14-6-1-54-1,6,14.0,6.0,1,54,1,37,15,1,50,0.98,0.019798989873223337,96.76
6-14-3-2-58-0,6,14.0,3.0,2,58,0,17,4,1,50,0.98,0.019798989873223337,94.06
6-13-0-1-38-2,6,13.0,0.0,1,38,2,39,22,1,50,0.98,0.019798989873223337,94.16
7-14-2-1-64-0,7,14.0,2.0,1,64,0,34,10,1,50,0.98,0.019798989873223337,102.2
6-13-4-2-55-0,6,13.0,4.0,2,55,0,20,4,1,50,0.98,0.019798989873223337,88.98
7-14-0-1-59-0,7,14.0,0.0,1,59,0,23,0,1,50,0.98,0.019798989873223337,95.66
6-13-2-2-49-1,6,13.0,2.0,2,49,1,32,11,1,50,0.98,0.019798989873223337,90.98
6-13-2-2-52-1,6,13.0,2.0,2,52,1,23,11,1,50,0.98,0.019798989873223337,92.96
6-14-3-2-63-0,6,14.0,3.0,2,63,0,18,4,1,50,0.98,0.019798989873223337,99.4
6-14-0-1-50-1,6,14.0,0.0,1,50,1,42,21,1,50,0.98,0.019798989873223337,93.62
7-14-4-1-56-0,7,14.0,4.0,1,56,0,39,4,1,50,0.98,0.019798989873223337,95.56
6-14-4-1-63-0,6,14.0,4.0,1,63,0,18,0,1,50,0.98,0.019798989873223337,95.7
7-14-3-1-60-0,7,14.0,3.0,1,60,0,16,0,1,50,0.98,0.019798989873223337,96.14
7-13-3-1-52-1,7,13.0,3.0,1,52,1,35,11,1,50,0.98,0.019798989873223337,92.54
7-14-4-1-62-0,7,14.0,4.0,1,62,0,36,0,1,50,0.98,0.019798989873223337,98.3
6-14-4-1-54-0,6,14.0,4.0,1,54,0,25,0,2,50,0.98,0.019798989873223337,88.88
5-14-2-1-46-2,5,14.0,2.0,1,46,2,42,22,1,50,0.96,0.02771281292110205,94.86
5-13-3-1-42-2,5,13.0,3.0,1,42,2,45,26,1,50,0.96,0.02771281292110205,88.62
6-13-0-1-47-1,6,13.0,0.0,1,47,1,22,11,1,50,0.96,0.02771281292110205,85.54
5-13-2-2-46-1,5,13.0,2.0,2,46,1,22,11,1,50,0.96,0.02771281292110205,88.14
4-12-3-2-35-2,4,12.0,3.0,2,35,2,50,42,1,50,0.96,0.02771281292110205,87.74
5-14-2-1-42-2,5,14.0,2.0,1,42,2,41,22,1,50,0.96,0.02771281292110205,92.56
7-14-0-1-40-1,7,14.0,0.0,1,40,1,28,11,1,50,0.96,0.02771281292110205,87.96
6-13-2-1-50-1,6,13.0,2.0,1,50,1,31,11,1,50,0.96,0.02771281292110205,89.28
5-14-4-1-48-1,5,14.0,4.0,1,48,1,29,15,1,50,0.96,0.02771281292110205,88.26
6-12-5-1-55-1,6,12.0,5.0,1,55,1,37,15,1,50,0.96,0.02771281292110205,90.7
5-14-5-2-51-1,5,14.0,5.0,2,51,1,41,21,1,50,0.96,0.02771281292110205,88.32
7-12-0-1-48-0,7,12.0,0.0,1,48,0,30,0,1,50,0.96,0.02771281292110205,92.06
5-13-2-2-42-1,5,13.0,2.0,2,42,1,30,11,2,50,0.96,0.02771281292110205,84.26
6-12-0-1-43-1,6,12.0,0.0,1,43,1,31,21,1,50,0.96,0.02771281292110205,92.16
5-14-7-2-55-0,5,14.0,7.0,2,55,0,13,0,1,50,0.96,0.02771281292110205,86.14
5-14-7-3-52-0,5,14.0,7.0,3,52,0,17,4,1,50,0.96,0.02771281292110205,85.56
4-14-6-2-42-2,4,14.0,6.0,2,42,2,61,42,1,50,0.96,0.02771281292110205,90.84
6-14-3-1-53-1,6,14.0,3.0,1,53,1,37,15,1,50,0.96,0.02771281292110205,91.54
6-12-5-2-54-1,6,12.0,5.0,2,54,1,43,21,1,50,0.96,0.02771281292110205,91.36
5-14-9-1-57-0,5,14.0,9.0,1,57,0,27,14,1,50,0.96,0.02771281292110205,92.3
5-13-0-1-31-2,5,13.0,0.0,1,31,2,38,22,1,50,0.96,0.02771281292110205,85.78
5-14-3-2-50-1,5,14.0,3.0,2,50,1,32,21,1,50,0.94,0.03358571124749334,91.36
6-14-3-2-55-1,6,14.0,3.0,2,55,1,32,11,1,50,0.94,0.03358571124749334,94.94
5-13-6-1-46-1,5,13.0,6.0,1,46,1,46,25,1,50,0.94,0.03358571124749334,87.86
5-14-4-2-48-1,5,14.0,4.0,2,48,1,36,21,1,50,0.94,0.03358571124749334,90.88
6-14-0-1-45-2,6,14.0,0.0,1,45,2,44,22,1,50,0.94,0.03358571124749334,93.74
6-13-5-1-58-0,6,13.0,5.0,1,58,0,23,0,1,50,0.94,0.03358571124749334,86.52
6-14-2-1-51-1,6,14.0,2.0,1,51,1,36,21,2,50,0.94,0.03358571124749334,93.1
6-14-0-1-54-0,6,14.0,0.0,1,54,0,13,0,1,50,0.94,0.03358571124749334,92.14
5-14-4-1-46-1,5,14.0,4.0,1,46,1,44,21,1,50,0.94,0.03358571124749334,88.74
7-13-3-1-57-0,7,13.0,3.0,1,57,0,31,0,1,50,0.94,0.03358571124749334,94.0
5-13-0-2-43-1,5,13.0,0.0,2,43,1,31,21,1,50,0.94,0.03358571124749334,88.06
5-14-9-2-57-1,5,14.0,9.0,2,57,1,28,15,1,50,0.94,0.03358571124749334,97.0
6-12-6-1-53-1,6,12.0,6.0,1,53,1,38,15,1,50,0.94,0.03358571124749334,91.14
6-14-4-1-52-1,6,14.0,4.0,1,52,1,35,11,1,50,0.94,0.03358571124749334,91.0
3-14-10-3-37-2,3,14.0,10.0,3,37,2,40,32,1,50,0.94,0.03358571124749334,88.62
5-14-0-1-48-0,5,14.0,0.0,1,48,0,11,0,1,50,0.94,0.03358571124749334,86.3
7-14-0-1-50-0,7,14.0,0.0,1,50,0,31,10,1,50,0.94,0.03358571124749334,94.7
5-14-2-2-42-2,5,14.0,2.0,2,42,2,50,32,1,50,0.94,0.03358571124749334,92.42
5-14-2-2-45-1,5,14.0,2.0,2,45,1,41,21,1,50,0.94,0.03358571124749334,90.2
6-14-5-1-59-0,6,14.0,5.0,1,59,0,23,0,1,50,0.94,0.03358571124749334,89.02
6-14-2-1-58-0,6,14.0,2.0,1,58,0,17,4,1,50,0.94,0.03358571124749334,93.04
6-14-5-2-53-1,6,14.0,5.0,2,53,1,42,11,1,50,0.94,0.03358571124749334,88.2
5-13-6-2-50-1,5,13.0,6.0,2,50,1,46,25,2,50,0.94,0.03358571124749334,88.46
6-14-3-2-54-0,6,14.0,3.0,2,54,0,36,14,1,50,0.94,0.03358571124749334,88.5
5-14-6-1-48-1,5,14.0,6.0,1,48,1,42,21,2,50,0.94,0.03358571124749334,90.88
5-14-5-2-52-1,5,14.0,5.0,2,52,1,42,21,2,50,0.94,0.03358571124749334,93.22
5-14-0-2-43-0,5,14.0,0.0,2,43,0,14,4,2,50,0.94,0.03358571124749334,82.86
6-14-3-1-54-0,6,14.0,3.0,1,54,0,12,0,1,50,0.94,0.03358571124749334,87.22
6-13-2-1-44-1,6,13.0,2.0,1,44,1,43,15,1,50,0.94,0.03358571124749334,89.9
7-14-0-1-52-0,7,14.0,0.0,1,52,0,21,0,1,50,0.94,0.03358571124749334,90.54
4-14-3-2-42-1,4,14.0,3.0,2,42,1,24,15,1,50,0.94,0.03358571124749334,84.84
5-14-0-1-44-1,5,14.0,0.0,1,44,1,25,15,1,50,0.94,0.03358571124749334,84.64
6-14-0-1-51-0,6,14.0,0.0,1,51,0,25,4,2,50,0.94,0.03358571124749334,88.54
6-14-3-1-52-0,6,14.0,3.0,1,52,0,12,0,2,50,0.92,0.038366652186501746,86.24
7-14-0-1-46-0,7,14.0,0.0,1,46,0,12,0,1,50,0.92,0.038366652186501746,89.32
6-13-2-2-52-0,6,13.0,2.0,2,52,0,25,4,1,50,0.92,0.038366652186501746,87.18
6-14-0-1-49-0,6,14.0,0.0,1,49,0,28,4,2,50,0.92,0.038366652186501746,86.98
6-13-3-2-51-1,6,13.0,3.0,2,51,1,31,11,1,50,0.92,0.038366652186501746,86.18
5-14-5-2-50-1,5,14.0,5.0,2,50,1,42,21,1,50,0.92,0.038366652186501746,90.5
5-14-8-3-56-0,5,14.0,8.0,3,56,0,27,14,1,50,0.92,0.038366652186501746,90.84
5-14-0-2-36-2,5,14.0,0.0,2,36,2,40,22,1,50,0.92,0.038366652186501746,82.84
7-14-3-1-58-0,7,14.0,3.0,1,58,0,26,4,1,50,0.92,0.038366652186501746,89.9
5-14-6-2-50-1,5,14.0,6.0,2,50,1,37,15,1,50,0.92,0.038366652186501746,85.5
7-13-2-1-55-0,7,13.0,2.0,1,55,0,22,0,1,50,0.92,0.038366652186501746,92.18
6-11-0-1-40-1,6,11.0,0.0,1,40,1,20,11,1,50,0.92,0.038366652186501746,84.1
5-14-0-2-42-2,5,14.0,0.0,2,42,2,32,22,1,50,0.92,0.038366652186501746,87.16
4-14-5-2-37-2,4,14.0,5.0,2,37,2,43,26,2,50,0.92,0.038366652186501746,83.88
6-13-2-1-46-2,6,13.0,2.0,1,46,2,36,22,1,50,0.92,0.038366652186501746,92.38
5-14-3-1-41-1,5,14.0,3.0,1,41,1,39,21,1,50,0.92,0.038366652186501746,86.26
4-14-8-3-46-1,4,14.0,8.0,3,46,1,42,31,1,50,0.92,0.038366652186501746,88.1
6-13-3-2-49-0,6,13.0,3.0,2,49,0,30,10,1,50,0.92,0.038366652186501746,85.5
6-13-0-1-46-1,6,13.0,0.0,1,46,1,31,21,1,50,0.92,0.038366652186501746,90.62
5-14-6-2-53-1,5,14.0,6.0,2,53,1,33,11,1,50,0.92,0.038366652186501746,89.36
6-12-6-1-55-0,6,12.0,6.0,1,55,0,37,14,1,50,0.92,0.038366652186501746,89.72
5-14-2-1-44-1,5,14.0,2.0,1,44,1,31,21,1,50,0.92,0.038366652186501746,85.12
5-13-3-2-42-2,5,13.0,3.0,2,42,2,44,32,1,50,0.92,0.038366652186501746,90.88
5-13-4-2-44-1,5,13.0,4.0,2,44,1,34,11,1,50,0.92,0.038366652186501746,87.2
3-14-11-2-38-2,3,14.0,11.0,2,38,2,35,26,1,50,0.92,0.038366652186501746,83.56
3-14-8-3-34-2,3,14.0,8.0,3,34,2,40,32,1,50,0.92,0.038366652186501746,87.16
5-12-2-1-34-2,5,12.0,2.0,1,34,2,42,22,1,50,0.92,0.038366652186501746,84.1
4-14-9-2-48-1,4,14.0,9.0,2,48,1,32,21,1,50,0.92,0.038366652186501746,85.76
6-13-0-1-30-1,6,13.0,0.0,1,30,1,49,21,1,50,0.92,0.038366652186501746,80.52
6-14-6-1-58-0,6,14.0,6.0,1,58,0,33,10,1,50,0.92,0.038366652186501746,88.3
6-14-2-2-45-1,6,14.0,2.0,2,45,1,33,21,1,50,0.92,0.038366652186501746,88.66
7-13-2-1-56-0,7,13.0,2.0,1,56,0,16,0,1,50,0.92,0.038366652186501746,87.86
4-13-7-2-40-2,4,13.0,7.0,2,40,2,46,36,3,50,0.92,0.038366652186501746,85.36
5-13-5-2-46-2,5,13.0,5.0,2,46,2,46,26,1,50,0.92,0.038366652186501746,89.18
6-14-2-1-51-0,6,14.0,2.0,1,51,0,24,4,1,50,0.92,0.038366652186501746,87.34
6-13-0-2-42-1,6,13.0,0.0,2,42,1,30,21,1,50,0.92,0.038366652186501746,88.06
6-14-6-1-56-1,6,14.0,6.0,1,56,1,34,11,1,50,0.92,0.038366652186501746,93.58
5-14-0-1-43-1,5,14.0,0.0,1,43,1,35,25,1,50,0.92,0.038366652186501746,86.48
5-13-2-1-33-2,5,13.0,2.0,1,33,2,37,22,1,50,0.92,0.038366652186501746,86.3
6-14-2-2-50-0,6,14.0,2.0,2,50,0,21,0,1,50,0.92,0.038366652186501746,82.08
6-13-0-1-42-1,6,13.0,0.0,1,42,1,21,11,1,50,0.92,0.038366652186501746,85.14
5-14-6-2-51-1,5,14.0,6.0,2,51,1,32,11,1,50,0.92,0.038366652186501746,86.64
6-14-0-2-36-1,6,14.0,0.0,2,36,1,41,11,1,50,0.92,0.038366652186501746,88.86
5-14-2-1-38-2,5,14.0,2.0,1,38,2,39,22,1,50,0.92,0.038366652186501746,90.12
6-14-3-1-50-1,6,14.0,3.0,1,50,1,31,11,1,50,0.92,0.038366652186501746,89.96
5-14-2-2-42-1,5,14.0,2.0,2,42,1,33,21,2,50,0.9,0.04242640687119285,88.3
4-14-3-2-36-2,4,14.0,3.0,2,36,2,50,42,1,50,0.9,0.04242640687119285,86.98
6-12-2-2-51-0,6,12.0,2.0,2,51,0,12,0,1,50,0.9,0.04242640687119285,81.96
4-14-3-2-33-2,4,14.0,3.0,2,33,2,38,22,1,50,0.9,0.04242640687119285,82.18
5-12-0-2-40-1,5,12.0,0.0,2,40,1,21,11,1,50,0.9,0.04242640687119285,84.64
7-11-2-1-48-1,7,11.0,2.0,1,48,1,41,11,1,50,0.9,0.04242640687119285,86.9
6-12-0-1-39-1,6,12.0,0.0,1,39,1,29,11,1,50,0.9,0.04242640687119285,83.78
6-14-6-1-62-0,6,14.0,6.0,1,62,0,28,4,1,50,0.9,0.04242640687119285,91.12
6-14-4-1-53-0,6,14.0,4.0,1,53,0,34,10,1,50,0.9,0.04242640687119285,88.66
6-13-0-2-54-0,6,13.0,0.0,2,54,0,23,10,1,50,0.9,0.04242640687119285,88.0
6-12-2-1-44-1,6,12.0,2.0,1,44,1,31,11,1,50,0.9,0.04242640687119285,85.0
5-12-0-1-39-1,5,12.0,0.0,1,39,1,31,21,1,50,0.9,0.04242640687119285,83.6
4-14-4-3-41-2,4,14.0,4.0,3,41,2,39,26,1,50,0.9,0.04242640687119285,85.0
6-12-0-2-36-1,6,12.0,0.0,2,36,1,29,11,1,50,0.9,0.04242640687119285,78.04
6-14-3-1-49-0,6,14.0,3.0,1,49,0,37,8,1,50,0.9,0.04242640687119285,87.24
6-12-4-1-48-1,6,12.0,4.0,1,48,1,34,11,1,50,0.9,0.04242640687119285,86.14
7-13-0-1-49-0,7,13.0,0.0,1,49,0,21,0,1,50,0.9,0.04242640687119285,85.18
4-13-8-3-43-1,4,13.0,8.0,3,43,1,35,25,1,50,0.9,0.04242640687119285,81.48
6-9-2-1-35-1,6,9.0,2.0,1,35,1,38,21,1,50,0.9,0.04242640687119285,84.9
5-14-3-2-44-2,5,14.0,3.0,2,44,2,41,22,1,50,0.9,0.04242640687119285,87.2
7-13-4-1-56-0,7,13.0,4.0,1,56,0,25,0,1,50,0.9,0.04242640687119285,84.42
5-14-0-1-46-0,5,14.0,0.0,1,46,0,25,14,1,50,0.9,0.04242640687119285,83.8
5-13-4-2-38-2,5,13.0,4.0,2,38,2,54,32,1,50,0.9,0.04242640687119285,88.6
5-14-2-1-46-1,5,14.0,2.0,1,46,1,26,15,1,50,0.9,0.04242640687119285,91.0
7-12-0-1-47-0,7,12.0,0.0,1,47,0,20,0,1,50,0.9,0.04242640687119285,87.6
6-13-0-2-49-0,6,13.0,0.0,2,49,0,22,0,1,50,0.9,0.04242640687119285,81.78
4-11-2-2-22-2,4,11.0,2.0,2,22,2,56,42,2,50,0.9,0.04242640687119285,79.22
6-12-3-2-48-0,6,12.0,3.0,2,48,0,35,14,1,50,0.9,0.04242640687119285,79.76
6-14-2-2-42-1,6,14.0,2.0,2,42,1,39,11,1,50,0.9,0.04242640687119285,84.1
4-14-5-2-39-2,4,14.0,5.0,2,39,2,54,36,1,50,0.9,0.04242640687119285,84.94
6-14-2-1-46-0,6,14.0,2.0,1,46,0,22,4,2,50,0.9,0.04242640687119285,81.14
7-12-3-1-55-0,7,12.0,3.0,1,55,0,32,10,1,50,0.9,0.04242640687119285,87.88
7-14-0-1-44-0,7,14.0,0.0,1,44,0,38,10,2,50,0.9,0.04242640687119285,91.5
5-13-4-2-43-1,5,13.0,4.0,2,43,1,43,21,1,50,0.9,0.04242640687119285,85.1
6-14-2-2-48-0,6,14.0,2.0,2,48,0,20,10,1,50,0.9,0.04242640687119285,83.42
6-14-0-1-43-1,6,14.0,0.0,1,43,1,33,11,1,50,0.9,0.04242640687119285,88.82
5-14-2-2-39-0,5,14.0,2.0,2,39,0,42,24,2,50,0.9,0.04242640687119285,80.66
5-14-0-2-39-1,5,14.0,0.0,2,39,1,23,11,1,50,0.9,0.04242640687119285,83.32
4-13-9-3-44-2,4,13.0,9.0,3,44,2,42,32,1,50,0.88,0.04595650117230423,83.2
6-12-5-1-53-0,6,12.0,5.0,1,53,0,22,0,1,50,0.88,0.04595650117230423,88.0
4-14-0-2-37-1,4,14.0,0.0,2,37,1,28,19,1,50,0.88,0.04595650117230423,82.2
5-14-2-1-48-0,5,14.0,2.0,1,48,0,25,14,1,50,0.88,0.04595650117230423,86.62
5-14-3-2-47-2,5,14.0,3.0,2,47,2,32,22,1,50,0.88,0.04595650117230423,89.08
6-14-2-2-46-1,6,14.0,2.0,2,46,1,44,21,1,50,0.88,0.04595650117230423,93.42
4-14-3-2-41-1,4,14.0,3.0,2,41,1,20,11,1,50,0.88,0.04595650117230423,81.76
6-13-0-1-47-0,6,13.0,0.0,1,47,0,15,4,2,50,0.88,0.04595650117230423,81.44
6-10-3-1-37-1,6,10.0,3.0,1,37,1,50,21,1,50,0.88,0.04595650117230423,87.14
4-14-2-2-32-2,4,14.0,2.0,2,32,2,38,32,1,50,0.88,0.04595650117230423,81.36
4-14-9-3-46-1,4,14.0,9.0,3,46,1,22,11,1,50,0.88,0.04595650117230423,83.76
5-11-5-2-43-1,5,11.0,5.0,2,43,1,40,21,1,50,0.88,0.04595650117230423,79.9
5-14-5-3-43-1,5,14.0,5.0,3,43,1,49,21,1,50,0.88,0.04595650117230423,81.4
6-13-4-1-55-0,6,13.0,4.0,1,55,0,20,4,1,50,0.88,0.04595650117230423,87.22
5-14-5-2-45-1,5,14.0,5.0,2,45,1,54,25,2,50,0.88,0.04595650117230423,89.9
6-14-0-1-52-0,6,14.0,0.0,1,52,0,12,0,2,50,0.88,0.04595650117230423,83.9
5-12-6-1-46-1,5,12.0,6.0,1,46,1,32,11,1,50,0.88,0.04595650117230423,84.98
5-14-7-3-52-1,5,14.0,7.0,3,52,1,23,11,1,50,0.88,0.04595650117230423,87.86
5-12-3-1-37-1,5,12.0,3.0,1,37,1,22,11,2,50,0.88,0.04595650117230423,78.06
6-14-3-2-52-0,6,14.0,3.0,2,52,0,31,10,1,50,0.88,0.04595650117230423,88.82
5-13-0-2-31-2,5,13.0,0.0,2,31,2,38,22,1,50,0.88,0.04595650117230423,82.82
4-14-2-3-36-2,4,14.0,2.0,3,36,2,40,32,1,50,0.88,0.04595650117230423,82.44
5-13-7-2-49-0,5,13.0,7.0,2,49,0,36,24,1,50,0.88,0.04595650117230423,84.02
6-14-0-1-44-0,6,14.0,0.0,1,44,0,24,14,2,50,0.88,0.04595650117230423,82.76
5-13-4-1-43-1,5,13.0,4.0,1,43,1,25,11,1,50,0.88,0.04595650117230423,83.2
6-13-0-1-46-0,6,13.0,0.0,1,46,0,14,0,1,50,0.88,0.04595650117230423,82.6
5-13-0-2-44-1,5,13.0,0.0,2,44,1,32,21,1,50,0.88,0.04595650117230423,88.26
6-14-0-1-37-1,6,14.0,0.0,1,37,1,26,15,2,50,0.88,0.04595650117230423,84.92
6-13-0-1-39-1,6,13.0,0.0,1,39,1,32,11,1,50,0.88,0.04595650117230423,87.34
4-14-10-2-49-1,4,14.0,10.0,2,49,1,36,25,1,50,0.88,0.04595650117230423,85.76
6-12-0-1-41-1,6,12.0,0.0,1,41,1,34,11,1,50,0.88,0.04595650117230423,83.06
3-14-11-2-37-2,3,14.0,11.0,2,37,2,35,26,1,50,0.88,0.04595650117230423,78.94
5-13-0-1-28-2,5,13.0,0.0,1,28,2,37,22,1,50,0.88,0.04595650117230423,83.48
6-14-2-1-38-1,6,14.0,2.0,1,38,1,26,15,1,50,0.88,0.04595650117230423,86.58
5-13-5-2-45-1,5,13.0,5.0,2,45,1,40,11,1,50,0.88,0.04595650117230423,81.86
4-14-6-2-43-2,4,14.0,6.0,2,43,2,41,22,1,50,0.88,0.04595650117230423,80.86
4-14-8-2-46-1,4,14.0,8.0,2,46,1,42,31,1,50,0.88,0.04595650117230423,88.58
4-14-7-3-43-1,4,14.0,7.0,3,43,1,45,35,2,50,0.88,0.04595650117230423,85.9
5-14-0-2-41-0,5,14.0,0.0,2,41,0,30,20,2,50,0.88,0.04595650117230423,81.46
6-12-4-1-50-0,6,12.0,4.0,1,50,0,24,0,1,50,0.88,0.04595650117230423,81.6
5-13-2-2-48-0,5,13.0,2.0,2,48,0,25,14,1,50,0.88,0.04595650117230423,86.52
6-12-2-1-47-0,6,12.0,2.0,1,47,0,20,0,1,50,0.88,0.04595650117230423,81.36
4-14-2-2-41-0,4,14.0,2.0,2,41,0,23,14,1,50,0.88,0.04595650117230423,80.48
5-13-7-2-50-0,5,13.0,7.0,2,50,0,22,10,1,50,0.88,0.04595650117230423,84.38
5-13-3-1-31-2,5,13.0,3.0,1,31,2,50,22,1,50,0.88,0.04595650117230423,81.84
5-12-7-2-48-1,5,12.0,7.0,2,48,1,33,21,1,50,0.88,0.04595650117230423,86.36
5-13-4-2-40-2,5,13.0,4.0,2,40,2,48,26,1,50,0.88,0.04595650117230423,80.58
6-11-0-2-43-1,6,11.0,0.0,2,43,1,40,21,1,50,0.88,0.04595650117230423,87.2
4-14-6-2-43-1,4,14.0,6.0,2,43,1,40,21,1,50,0.86,0.04907137658554119,82.24
6-12-2-1-43-0,6,12.0,2.0,1,43,0,26,8,2,50,0.86,0.04907137658554119,81.56
5-13-5-2-43-1,5,13.0,5.0,2,43,1,40,21,2,50,0.86,0.04907137658554119,82.64
4-13-10-2-46-0,4,13.0,10.0,2,46,0,35,24,1,50,0.86,0.04907137658554119,78.14
6-14-3-2-49-0,6,14.0,3.0,2,49,0,28,14,1,50,0.86,0.04907137658554119,80.84
5-14-3-2-50-0,5,14.0,3.0,2,50,0,11,0,1,50,0.86,0.04907137658554119,83.36
5-14-2-2-49-1,5,14.0,2.0,2,49,1,36,25,1,50,0.86,0.04907137658554119,86.16
4-14-5-3-41-2,4,14.0,5.0,3,41,2,44,26,1,50,0.86,0.04907137658554119,80.52
4-14-0-2-39-3,4,14.0,0.0,2,39,3,42,33,1,50,0.86,0.04907137658554119,80.68
5-13-0-2-33-2,5,13.0,0.0,2,33,2,39,32,2,50,0.86,0.04907137658554119,80.74
5-13-2-1-41-0,5,13.0,2.0,1,41,0,23,14,1,50,0.86,0.04907137658554119,78.54
5-12-6-3-46-0,5,12.0,6.0,3,46,0,35,14,1,50,0.86,0.04907137658554119,80.58
6-14-0-2-51-0,6,14.0,0.0,2,51,0,21,0,1,50,0.86,0.04907137658554119,85.42
4-12-9-2-42-1,4,12.0,9.0,2,42,1,31,21,1,50,0.86,0.04907137658554119,82.68
6-12-0-1-46-0,6,12.0,0.0,1,46,0,21,0,1,50,0.86,0.04907137658554119,79.8
4-13-4-2-34-2,4,13.0,4.0,2,34,2,47,26,2,50,0.86,0.04907137658554119,83.16
5-14-2-2-39-1,5,14.0,2.0,2,39,1,39,21,2,50,0.86,0.04907137658554119,80.62
4-14-6-2-39-2,4,14.0,6.0,2,39,2,55,36,2,50,0.86,0.04907137658554119,79.94
5-13-2-1-43-1,5,13.0,2.0,1,43,1,31,21,1,50,0.86,0.04907137658554119,83.94
5-14-5-1-53-0,5,14.0,5.0,1,53,0,41,20,1,50,0.86,0.04907137658554119,86.16
5-14-4-1-52-0,5,14.0,4.0,1,52,0,15,0,2,50,0.86,0.04907137658554119,83.6
5-13-0-2-34-2,5,13.0,0.0,2,34,2,29,22,1,50,0.86,0.04907137658554119,84.34
5-14-2-2-37-2,5,14.0,2.0,2,37,2,30,22,1,50,0.86,0.04907137658554119,84.46
6-14-3-1-44-0,6,14.0,3.0,1,44,0,32,10,1,50,0.86,0.04907137658554119,84.14
6-12-2-1-51-0,6,12.0,2.0,1,51,0,22,10,1,50,0.86,0.04907137658554119,81.26
3-13-8-2-32-2,3,13.0,8.0,2,32,2,44,36,1,50,0.86,0.04907137658554119,76.5
6-13-0-1-51-0,6,13.0,0.0,1,51,0,17,4,1,50,0.86,0.04907137658554119,81.02
4-14-10-2-48-1,4,14.0,10.0,2,48,1,32,21,1,50,0.86,0.04907137658554119,84.94
5-14-2-2-43-0,5,14.0,2.0,2,43,0,28,10,3,50,0.86,0.04907137658554119,78.92
5-12-4-1-36-1,5,12.0,4.0,1,36,1,52,31,1,50,0.86,0.04907137658554119,78.38
6-13-3-1-47-0,6,13.0,3.0,1,47,0,22,0,1,50,0.86,0.04907137658554119,81.26
5-11-0-1-32-1,5,11.0,0.0,1,32,1,33,15,1,50,0.86,0.04907137658554119,75.18
4-14-3-2-39-1,4,14.0,3.0,2,39,1,29,21,1,50,0.86,0.04907137658554119,79.54
6-14-3-1-53-0,6,14.0,3.0,1,53,0,25,4,3,50,0.86,0.04907137658554119,81.02
5-14-3-2-43-1,5,14.0,3.0,2,43,1,27,15,2,50,0.86,0.04907137658554119,85.46
4-14-7-2-44-3,4,14.0,7.0,2,44,3,43,33,1,50,0.86,0.04907137658554119,82.98
5-12-2-1-36-1,5,12.0,2.0,1,36,1,28,21,1,50,0.86,0.04907137658554119,82.5
5-14-4-2-44-1,5,14.0,4.0,2,44,1,35,21,1,50,0.86,0.04907137658554119,83.14
5-13-5-3-49-1,5,13.0,5.0,3,49,1,46,25,1,50,0.86,0.04907137658554119,87.64
6-13-0-1-39-0,6,13.0,0.0,1,39,0,28,10,1,50,0.86,0.04907137658554119,83.58
4-14-2-2-35-2,4,14.0,2.0,2,35,2,29,22,2,50,0.86,0.04907137658554119,83.98
6-13-0-2-40-0,6,13.0,0.0,2,40,0,28,10,1,50,0.86,0.04907137658554119,81.8
6-8-2-1-29-1,6,8.0,2.0,1,29,1,29,11,1,50,0.86,0.04907137658554119,76.34
5-14-2-2-47-0,5,14.0,2.0,2,47,0,21,10,1,50,0.84,0.051845925587262885,81.18
6-13-0-1-31-1,6,13.0,0.0,1,31,1,27,11,1,50,0.84,0.051845925587262885,79.76
5-14-2-2-44-1,5,14.0,2.0,2,44,1,21,11,1,50,0.84,0.051845925587262885,80.22
5-13-5-3-49-0,5,13.0,5.0,3,49,0,34,14,1,50,0.84,0.051845925587262885,83.92
4-14-4-2-36-2,4,14.0,4.0,2,36,2,43,32,1,50,0.84,0.051845925587262885,81.06
5-14-2-1-32-1,5,14.0,2.0,1,32,1,20,11,1,50,0.84,0.051845925587262885,77.16
6-13-0-1-48-0,6,13.0,0.0,1,48,0,26,14,1,50,0.84,0.051845925587262885,83.64
5-13-0-2-34-1,5,13.0,0.0,2,34,1,32,11,1,50,0.84,0.051845925587262885,77.46
6-14-2-2-37-1,6,14.0,2.0,2,37,1,40,21,1,50,0.84,0.051845925587262885,83.46
5-11-0-1-30-2,5,11.0,0.0,1,30,2,33,22,1,50,0.84,0.051845925587262885,81.46
4-12-0-3-32-1,4,12.0,0.0,3,32,1,33,25,1,50,0.84,0.051845925587262885,76.54
6-13-2-2-41-1,6,13.0,2.0,2,41,1,33,11,1,50,0.84,0.051845925587262885,80.72
5-14-3-1-40-1,5,14.0,3.0,1,40,1,23,11,1,50,0.84,0.051845925587262885,80.3
5-14-2-2-50-0,5,14.0,2.0,2,50,0,25,14,1,50,0.84,0.051845925587262885,85.2
4-14-5-2-42-1,4,14.0,5.0,2,42,1,29,11,2,50,0.84,0.051845925587262885,81.9
5-13-6-2-52-0,5,13.0,6.0,2,52,0,22,0,1,50,0.84,0.051845925587262885,83.06
4-14-8-2-44-1,4,14.0,8.0,2,44,1,25,15,1,50,0.84,0.051845925587262885,82.66
4-14-9-2-45-0,4,14.0,9.0,2,45,0,34,24,1,50,0.84,0.051845925587262885,80.52
5-10-0-1-28-2,5,10.0,0.0,1,28,2,41,26,1,50,0.84,0.051845925587262885,81.0
5-14-4-2-46-1,5,14.0,4.0,2,46,1,33,11,2,50,0.84,0.051845925587262885,81.14
5-14-4-2-45-1,5,14.0,4.0,2,45,1,25,11,2,50,0.84,0.051845925587262885,82.2
5-14-2-3-39-1,5,14.0,2.0,3,39,1,28,11,1,50,0.84,0.051845925587262885,76.74
4-13-7-2-40-1,4,13.0,7.0,2,40,1,25,15,1,50,0.84,0.051845925587262885,78.74
5-14-5-1-48-1,5,14.0,5.0,1,48,1,50,21,3,50,0.84,0.051845925587262885,87.96
6-13-4-1-46-0,6,13.0,4.0,1,46,0,33,10,1,50,0.84,0.051845925587262885,78.9
5-14-3-3-44-0,5,14.0,3.0,3,44,0,22,10,1,50,0.84,0.051845925587262885,81.64
6-11-2-2-44-0,6,11.0,2.0,2,44,0,24,4,1,50,0.84,0.051845925587262885,80.98
6-13-3-1-51-0,6,13.0,3.0,1,51,0,15,0,1,50,0.84,0.051845925587262885,80.04
5-13-7-3-48-1,5,13.0,7.0,3,48,1,23,11,1,50,0.84,0.051845925587262885,81.94
5-13-3-2-44-0,5,13.0,3.0,2,44,0,27,8,1,50,0.84,0.051845925587262885,78.54
6-14-0-2-40-1,6,14.0,0.0,2,40,1,29,11,1,50,0.84,0.051845925587262885,81.3
6-14-0-1-38-1,6,14.0,0.0,1,38,1,32,21,1,50,0.84,0.051845925587262885,85.38
5-14-2-2-44-0,5,14.0,2.0,2,44,0,31,18,3,50,0.84,0.051845925587262885,81.7
5-14-0-2-46-0,5,14.0,0.0,2,46,0,25,14,2,50,0.84,0.051845925587262885,83.06
5-11-3-1-33-1,5,11.0,3.0,1,33,1,37,11,1,50,0.84,0.051845925587262885,76.28
5-11-0-2-32-2,5,11.0,0.0,2,32,2,58,32,1,50,0.84,0.051845925587262885,81.72
5-13-3-2-43-1,5,13.0,3.0,2,43,1,25,15,1,50,0.84,0.051845925587262885,79.2
5-13-6-2-47-1,5,13.0,6.0,2,47,1,32,11,1,50,0.84,0.051845925587262885,78.2
5-12-2-2-44-1,5,12.0,2.0,2,44,1,21,11,1,50,0.84,0.051845925587262885,80.08
5-13-2-1-41-1,5,13.0,2.0,1,41,1,28,19,2,50,0.84,0.051845925587262885,80.28
5-13-7-1-48-0,5,13.0,7.0,1,48,0,26,14,1,50,0.84,0.051845925587262885,80.2
5-14-4-2-47-0,5,14.0,4.0,2,47,0,28,14,1,50,0.82,0.054332310828824504,79.08
5-13-5-2-47-1,5,13.0,5.0,2,47,1,41,21,1,50,0.82,0.054332310828824504,83.0
6-10-0-1-34-1,6,10.0,0.0,1,34,1,28,11,1,50,0.82,0.054332310828824504,80.56
4-14-4-2-39-2,4,14.0,4.0,2,39,2,34,22,1,50,0.82,0.054332310828824504,80.92
4-14-4-2-42-1,4,14.0,4.0,2,42,1,38,25,1,50,0.82,0.054332310828824504,79.9
5-12-4-2-38-1,5,12.0,4.0,2,38,1,37,15,1,50,0.82,0.054332310828824504,77.74
5-14-0-2-45-0,5,14.0,0.0,2,45,0,21,10,3,50,0.82,0.054332310828824504,81.3
5-13-5-3-45-0,5,13.0,5.0,3,45,0,24,4,1,50,0.82,0.054332310828824504,75.24
5-13-4-1-47-0,5,13.0,4.0,1,47,0,19,4,1,50,0.82,0.054332310828824504,76.88
5-13-3-1-37-3,5,13.0,3.0,1,37,3,54,33,1,50,0.82,0.054332310828824504,77.54
6-13-0-1-38-0,6,13.0,0.0,1,38,0,28,10,1,50,0.82,0.054332310828824504,80.46
4-14-7-2-41-0,4,14.0,7.0,2,41,0,24,14,1,50,0.82,0.054332310828824504,77.18
5-12-2-2-35-2,5,12.0,2.0,2,35,2,40,22,1,50,0.82,0.054332310828824504,77.04
5-14-3-1-39-1,5,14.0,3.0,1,39,1,27,15,2,50,0.82,0.054332310828824504,77.76
4-14-6-2-41-1,4,14.0,6.0,2,41,1,40,21,3,50,0.82,0.054332310828824504,77.66
5-14-5-3-45-0,5,14.0,5.0,3,45,0,39,10,1,50,0.82,0.054332310828824504,80.86
2-14-13-3-27-2,2,14.0,13.0,3,27,2,32,26,1,50,0.82,0.054332310828824504,75.44
6-12-2-2-41-0,6,12.0,2.0,2,41,0,22,4,1,50,0.82,0.054332310828824504,73.28
6-14-3-2-45-0,6,14.0,3.0,2,45,0,32,10,1,50,0.82,0.054332310828824504,83.2
5-11-0-2-26-2,5,11.0,0.0,2,26,2,37,32,1,50,0.82,0.054332310828824504,76.38
5-13-3-1-37-1,5,13.0,3.0,1,37,1,33,15,1,50,0.82,0.054332310828824504,77.46
5-13-4-2-47-1,5,13.0,4.0,2,47,1,35,21,1,50,0.82,0.054332310828824504,78.74
4-12-2-2-25-2,4,12.0,2.0,2,25,2,56,32,1,50,0.82,0.054332310828824504,71.72
4-12-5-2-36-2,4,12.0,5.0,2,36,2,43,26,1,50,0.82,0.054332310828824504,74.18
5-14-5-1-52-0,5,14.0,5.0,1,52,0,31,10,1,50,0.82,0.054332310828824504,82.78
5-14-2-1-44-0,5,14.0,2.0,1,44,0,37,18,3,50,0.82,0.054332310828824504,80.6
4-14-6-2-42-1,4,14.0,6.0,2,42,1,50,31,1,50,0.82,0.054332310828824504,83.28
5-14-3-2-32-1,5,14.0,3.0,2,32,1,49,21,1,50,0.82,0.054332310828824504,76.56
4-14-3-3-42-1,4,14.0,3.0,3,42,1,20,11,1,50,0.82,0.054332310828824504,78.3
5-14-7-1-54-0,5,14.0,7.0,1,54,0,27,14,1,50,0.82,0.054332310828824504,86.36
5-13-0-2-42-0,5,13.0,0.0,2,42,0,14,4,1,50,0.82,0.054332310828824504,78.54
6-12-0-1-48-0,6,12.0,0.0,1,48,0,29,8,1,50,0.82,0.054332310828824504,83.68
6-11-0-2-39-0,6,11.0,0.0,2,39,0,42,14,1,50,0.82,0.054332310828824504,77.6
4-14-7-2-43-1,4,14.0,7.0,2,43,1,31,21,1,50,0.82,0.054332310828824504,84.06
4-14-4-2-41-2,4,14.0,4.0,2,41,2,35,22,1,50,0.82,0.054332310828824504,83.42
6-14-0-1-46-0,6,14.0,0.0,1,46,0,14,0,2,50,0.82,0.054332310828824504,83.22
4-13-0-2-27-1,4,13.0,0.0,2,27,1,25,19,4,50,0.82,0.054332310828824504,75.56
4-14-4-3-40-2,4,14.0,4.0,3,40,2,34,22,1,50,0.82,0.054332310828824504,78.58
6-12-3-1-49-0,6,12.0,3.0,1,49,0,24,10,1,50,0.82,0.054332310828824504,83.76
3-13-6-2-31-2,3,13.0,6.0,2,31,2,53,36,1,50,0.82,0.054332310828824504,77.18
6-14-4-1-48-0,6,14.0,4.0,1,48,0,33,0,1,50,0.82,0.054332310828824504,79.92
5-13-2-2-36-2,5,13.0,2.0,2,36,2,49,32,1,50,0.82,0.054332310828824504,82.56
4-14-7-3-46-1,4,14.0,7.0,3,46,1,42,31,1,50,0.82,0.054332310828824504,84.78
6-14-2-1-49-0,6,14.0,2.0,1,49,0,21,0,4,50,0.82,0.054332310828824504,80.5
6-13-4-1-49-0,6,13.0,4.0,1,49,0,28,4,1,50,0.82,0.054332310828824504,80.64
4-11-7-2-36-2,4,11.0,7.0,2,36,2,31,22,1,50,0.82,0.054332310828824504,79.34
6-13-0-2-46-0,6,13.0,0.0,2,46,0,25,4,1,50,0.82,0.054332310828824504,82.06
5-14-2-1-43-1,5,14.0,2.0,1,43,1,23,11,1,50,0.82,0.054332310828824504,80.8
3-14-10-2-35-2,3,14.0,10.0,2,35,2,34,26,1,50,0.82,0.054332310828824504,80.96
6-13-5-1-53-0,6,13.0,5.0,1,53,0,31,0,1,50,0.82,0.054332310828824504,79.2
6-12-0-1-37-1,6,12.0,0.0,1,37,1,39,21,1,50,0.82,0.054332310828824504,86.2
5-13-3-1-42-0,5,13.0,3.0,1,42,0,26,14,1,50,0.82,0.054332310828824504,76.74
5-12-3-1-38-1,5,12.0,3.0,1,38,1,39,21,1,50,0.82,0.054332310828824504,81.7
6-13-0-1-40-1,6,13.0,0.0,1,40,1,33,15,1,50,0.82,0.054332310828824504,81.52
4-12-4-2-35-1,4,12.0,4.0,2,35,1,36,25,3,50,0.8,0.0565685424949238,76.54
5-13-3-2-47-0,5,13.0,3.0,2,47,0,24,14,2,50,0.8,0.0565685424949238,78.84
5-14-4-2-49-0,5,14.0,4.0,2,49,0,32,8,1,50,0.8,0.0565685424949238,81.62
4-13-7-2-37-2,4,13.0,7.0,2,37,2,35,26,1,50,0.8,0.0565685424949238,75.66
5-13-2-1-36-1,5,13.0,2.0,1,36,1,32,11,1,50,0.8,0.0565685424949238,77.44
5-12-2-1-32-1,5,12.0,2.0,1,32,1,18,11,1,50,0.8,0.0565685424949238,76.34
5-13-5-1-46-0,5,13.0,5.0,1,46,0,30,10,1,50,0.8,0.0565685424949238,79.66
5-14-3-3-44-1,5,14.0,3.0,3,44,1,30,11,1,50,0.8,0.0565685424949238,81.18
4-13-7-3-40-1,4,13.0,7.0,3,40,1,25,15,1,50,0.8,0.0565685424949238,75.24
4-12-7-2-39-2,4,12.0,7.0,2,39,2,32,22,1,50,0.8,0.0565685424949238,80.9
4-13-0-2-34-2,4,13.0,0.0,2,34,2,34,26,1,50,0.8,0.0565685424949238,80.16
4-14-5-2-43-1,4,14.0,5.0,2,43,1,44,25,1,50,0.8,0.0565685424949238,77.98
5-13-4-2-42-1,5,13.0,4.0,2,42,1,38,15,1,50,0.8,0.0565685424949238,77.88
5-14-3-2-45-0,5,14.0,3.0,2,45,0,23,4,1,50,0.8,0.0565685424949238,74.12
6-12-0-2-39-1,6,12.0,0.0,2,39,1,29,11,1,50,0.8,0.0565685424949238,81.8
3-14-6-3-32-2,3,14.0,6.0,3,32,2,43,26,2,50,0.8,0.0565685424949238,78.72
4-11-2-2-24-2,4,11.0,2.0,2,24,2,27,22,2,50,0.8,0.0565685424949238,74.4
5-13-0-2-36-1,5,13.0,0.0,2,36,1,39,31,1,50,0.8,0.0565685424949238,82.48
3-14-9-2-35-1,3,14.0,9.0,2,35,1,33,25,2,50,0.8,0.0565685424949238,77.5
4-14-3-2-40-0,4,14.0,3.0,2,40,0,22,14,2,50,0.8,0.0565685424949238,79.94
5-14-6-2-47-1,5,14.0,6.0,2,47,1,42,21,1,50,0.8,0.0565685424949238,84.76
5-14-3-2-44-1,5,14.0,3.0,2,44,1,30,11,1,50,0.8,0.0565685424949238,79.78
5-12-0-2-37-0,5,12.0,0.0,2,37,0,26,14,2,50,0.8,0.0565685424949238,72.32
5-12-5-2-40-1,5,12.0,5.0,2,40,1,43,15,1,50,0.8,0.0565685424949238,77.38
4-10-5-3-32-2,4,10.0,5.0,3,32,2,42,26,2,50,0.8,0.0565685424949238,75.46
6-11-0-1-32-0,6,11.0,0.0,1,32,0,24,4,1,50,0.8,0.0565685424949238,75.7
4-14-4-2-37-2,4,14.0,4.0,2,37,2,47,26,1,50,0.8,0.0565685424949238,79.16
5-14-7-1-52-0,5,14.0,7.0,1,52,0,36,24,1,50,0.8,0.0565685424949238,81.04
4-14-5-2-36-1,4,14.0,5.0,2,36,1,32,15,1,50,0.8,0.0565685424949238,76.08
4-14-4-2-36-1,4,14.0,4.0,2,36,1,37,25,4,50,0.8,0.0565685424949238,75.36
4-13-0-3-32-1,4,13.0,0.0,3,32,1,39,31,1,50,0.8,0.0565685424949238,77.48
4-13-0-2-26-2,4,13.0,0.0,2,26,2,47,32,1,50,0.8,0.0565685424949238,76.96
5-14-3-3-41-1,5,14.0,3.0,3,41,1,52,25,1,50,0.8,0.0565685424949238,81.24
4-14-8-2-42-1,4,14.0,8.0,2,42,1,31,21,1,50,0.8,0.0565685424949238,80.32
5-11-2-2-29-2,5,11.0,2.0,2,29,2,37,22,1,50,0.8,0.0565685424949238,73.24
6-14-0-2-43-0,6,14.0,0.0,2,43,0,37,14,1,50,0.8,0.0565685424949238,82.68
4-13-0-3-32-2,4,13.0,0.0,3,32,2,40,32,1,50,0.8,0.0565685424949238,82.24
6-14-0-1-35-0,6,14.0,0.0,1,35,0,20,10,1,50,0.8,0.0565685424949238,80.52
5-13-4-2-47-0,5,13.0,4.0,2,47,0,25,10,2,50,0.8,0.0565685424949238,78.26
5-11-3-1-33-2,5,11.0,3.0,1,33,2,45,26,1,50,0.8,0.0565685424949238,81.2
3-13-10-3-35-2,3,13.0,10.0,3,35,2,40,32,1,50,0.8,0.0565685424949238,77.42
5-14-3-2-41-1,5,14.0,3.0,2,41,1,20,11,1,50,0.8,0.0565685424949238,76.48
6-13-2-1-39-1,6,13.0,2.0,1,39,1,22,11,1,50,0.8,0.0565685424949238,79.36
5-13-5-2-49-0,5,13.0,5.0,2,49,0,21,0,1,50,0.8,0.0565685424949238,76.3
5-12-4-2-39-1,5,12.0,4.0,2,39,1,36,15,1,50,0.8,0.0565685424949238,75.8
4-13-3-2-36-2,4,13.0,3.0,2,36,2,30,22,1,50,0.8,0.0565685424949238,77.12
4-14-7-2-45-1,4,14.0,7.0,2,45,1,22,11,1,50,0.8,0.0565685424949238,78.28
5-12-2-2-39-1,5,12.0,2.0,2,39,1,44,25,1,50,0.8,0.0565685424949238,75.5
4-13-8-2-40-0,4,13.0,8.0,2,40,0,19,10,1,50,0.8,0.0565685424949238,74.14
4-12-5-2-38-1,4,12.0,5.0,2,38,1,39,21,1,50,0.78,0.05858327406350723,75.84
5-13-0-2-44-0,5,13.0,0.0,2,44,0,24,14,2,50,0.78,0.05858327406350723,80.46
6-14-0-2-38-0,6,14.0,0.0,2,38,0,17,10,1,50,0.78,0.05858327406350723,80.58
4-14-2-3-40-1,4,14.0,2.0,3,40,1,20,11,1,50,0.78,0.05858327406350723,77.8
5-12-0-2-32-2,5,12.0,0.0,2,32,2,29,22,1,50,0.78,0.05858327406350723,77.66
5-14-5-1-48-0,5,14.0,5.0,1,48,0,44,24,2,50,0.78,0.05858327406350723,78.1
5-13-2-2-38-1,5,13.0,2.0,2,38,1,19,11,1,50,0.78,0.05858327406350723,74.08
6-9-0-1-30-1,6,9.0,0.0,1,30,1,40,15,1,50,0.78,0.05858327406350723,74.8
6-10-0-1-31-1,6,10.0,0.0,1,31,1,17,11,1,50,0.78,0.05858327406350723,74.56
6-9-0-1-31-1,6,9.0,0.0,1,31,1,21,11,1,50,0.78,0.05858327406350723,73.14
4-14-5-2-44-1,4,14.0,5.0,2,44,1,30,11,1,50,0.78,0.05858327406350723,79.78
5-12-6-1-46-0,5,12.0,6.0,1,46,0,31,10,1,50,0.78,0.05858327406350723,77.96
6-14-0-1-36-0,6,14.0,0.0,1,36,0,17,0,1,50,0.78,0.05858327406350723,78.12
5-12-3-2-42-1,5,12.0,3.0,2,42,1,40,31,1,50,0.78,0.05858327406350723,81.56
5-13-4-1-42-0,5,13.0,4.0,1,42,0,33,10,2,50,0.78,0.05858327406350723,74.78
6-12-2-1-41-0,6,12.0,2.0,1,41,0,22,4,1,50,0.78,0.05858327406350723,75.74
6-11-3-1-37-0,6,11.0,3.0,1,37,0,30,0,1,50,0.78,0.05858327406350723,77.04
5-13-5-1-51-0,5,13.0,5.0,1,51,0,29,8,1,50,0.78,0.05858327406350723,80.32
5-13-6-3-49-0,5,13.0,6.0,3,49,0,32,10,1,50,0.78,0.05858327406350723,79.12
3-14-9-2-36-1,3,14.0,9.0,2,36,1,43,35,1,50,0.78,0.05858327406350723,71.66
4-13-4-2-35-1,4,13.0,4.0,2,35,1,27,15,3,50,0.78,0.05858327406350723,76.9
6-13-2-1-39-0,6,13.0,2.0,1,39,0,21,4,1,50,0.78,0.05858327406350723,74.98
4-10-6-2-33-1,4,10.0,6.0,2,33,1,52,35,1,50,0.78,0.05858327406350723,76.38
3-13-8-3-31-2,3,13.0,8.0,3,31,2,43,36,1,50,0.78,0.05858327406350723,76.24
4-14-9-3-46-0,4,14.0,9.0,3,46,0,21,10,1,50,0.78,0.05858327406350723,79.14
5-12-7-2-47-1,5,12.0,7.0,2,47,1,33,21,1,50,0.78,0.05858327406350723,79.54
4-8-4-2-25-2,4,8.0,4.0,2,25,2,55,36,1,50,0.78,0.05858327406350723,74.16
4-13-3-2-37-2,4,13.0,3.0,2,37,2,40,32,1,50,0.78,0.05858327406350723,82.46
6-14-2-1-39-0,6,14.0,2.0,1,39,0,15,4,1,50,0.78,0.05858327406350723,77.38
4-13-7-2-37-1,4,13.0,7.0,2,37,1,20,11,2,50,0.78,0.05858327406350723,75.68
6-11-4-1-49-0,6,11.0,4.0,1,49,0,15,0,1,50,0.78,0.05858327406350723,77.32
5-11-5-1-39-1,5,11.0,5.0,1,39,1,59,31,1,50,0.78,0.05858327406350723,78.82
5-13-0-2-36-2,5,13.0,0.0,2,36,2,30,22,1,50,0.78,0.05858327406350723,78.42
5-13-0-3-41-0,5,13.0,0.0,3,41,0,10,0,1,50,0.78,0.05858327406350723,74.62
5-11-2-2-28-1,5,11.0,2.0,2,28,1,30,21,1,50,0.78,0.05858327406350723,74.5
4-13-0-2-33-1,4,13.0,0.0,2,33,1,23,15,1,50,0.78,0.05858327406350723,74.22
4-13-6-2-35-1,4,13.0,6.0,2,35,1,33,15,1,50,0.78,0.05858327406350723,74.3
5-14-6-2-51-0,5,14.0,6.0,2,51,0,26,4,1,50,0.78,0.05858327406350723,79.12
6-14-3-1-41-0,6,14.0,3.0,1,41,0,35,14,1,50,0.78,0.05858327406350723,75.98
6-11-0-1-39-0,6,11.0,0.0,1,39,0,28,0,1,50,0.78,0.05858327406350723,77.02
5-13-0-2-27-1,5,13.0,0.0,2,27,1,16,11,2,50,0.78,0.05858327406350723,75.3
6-12-0-2-40-1,6,12.0,0.0,2,40,1,29,11,1,50,0.78,0.05858327406350723,80.1
6-14-4-1-49-0,6,14.0,4.0,1,49,0,33,0,1,50,0.78,0.05858327406350723,81.3
6-12-2-1-48-0,6,12.0,2.0,1,48,0,21,0,1,50,0.78,0.05858327406350723,79.28
4-14-8-2-45-1,4,14.0,8.0,2,45,1,22,11,1,50,0.78,0.05858327406350723,76.74
4-12-3-2-33-2,4,12.0,3.0,2,33,2,40,32,1,50,0.78,0.05858327406350723,76.96
4-12-2-3-35-1,4,12.0,2.0,3,35,1,39,31,1,50,0.78,0.05858327406350723,75.96
5-13-2-2-41-1,5,13.0,2.0,2,41,1,29,11,2,50,0.78,0.05858327406350723,77.32
5-14-2-2-37-1,5,14.0,2.0,2,37,1,19,11,3,50,0.76,0.060398675482166,75.92
6-9-0-2-29-1,6,9.0,0.0,2,29,1,34,15,1,50,0.76,0.060398675482166,74.34
6-14-2-2-41-0,6,14.0,2.0,2,41,0,22,10,1,50,0.76,0.060398675482166,77.28
5-14-4-2-41-0,5,14.0,4.0,2,41,0,42,20,1,50,0.76,0.060398675482166,73.82
5-9-0-1-23-1,5,9.0,0.0,1,23,1,34,11,1,50,0.76,0.060398675482166,69.3
5-14-0-3-36-0,5,14.0,0.0,3,36,0,12,4,1,50,0.76,0.060398675482166,75.82
4-13-7-3-41-0,4,13.0,7.0,3,41,0,24,14,1,50,0.76,0.060398675482166,72.1
4-11-0-2-28-2,4,11.0,0.0,2,28,2,29,22,2,50,0.76,0.060398675482166,74.34
3-14-7-4-34-1,3,14.0,7.0,4,34,1,43,35,1,50,0.76,0.060398675482166,69.28
5-12-0-3-36-0,5,12.0,0.0,3,36,0,22,4,2,50,0.76,0.060398675482166,71.68
5-12-2-2-41-1,5,12.0,2.0,2,41,1,40,31,1,50,0.76,0.060398675482166,78.12
4-14-5-3-35-2,4,14.0,5.0,3,35,2,48,22,1,50,0.76,0.060398675482166,73.36
3-14-9-4-35-2,3,14.0,9.0,4,35,2,44,36,1,50,0.76,0.060398675482166,77.8
5-12-2-1-37-1,5,12.0,2.0,1,37,1,32,15,1,50,0.76,0.060398675482166,72.6
3-14-0-3-26-1,3,14.0,0.0,3,26,1,31,25,1,50,0.76,0.060398675482166,74.7
5-13-6-1-45-0,5,13.0,6.0,1,45,0,30,10,1,50,0.76,0.060398675482166,73.92
4-11-7-2-37-1,4,11.0,7.0,2,37,1,20,11,1,50,0.76,0.060398675482166,71.62
5-14-2-1-40-0,5,14.0,2.0,1,40,0,22,10,1,50,0.76,0.060398675482166,74.84
4-11-2-2-30-1,4,11.0,2.0,2,30,1,28,21,1,50,0.76,0.060398675482166,74.58
4-13-4-2-33-2,4,13.0,4.0,2,33,2,42,22,1,50,0.76,0.060398675482166,77.72
4-9-2-2-24-2,4,9.0,2.0,2,24,2,44,30,1,50,0.76,0.060398675482166,70.9
5-12-6-1-43-1,5,12.0,6.0,1,43,1,35,15,1,50,0.76,0.060398675482166,78.48
5-14-2-2-40-0,5,14.0,2.0,2,40,0,18,0,5,50,0.76,0.060398675482166,73.02
5-11-4-2-39-1,5,11.0,4.0,2,39,1,42,21,1,50,0.76,0.060398675482166,74.78
4-13-6-3-38-1,4,13.0,6.0,3,38,1,33,15,1,50,0.76,0.060398675482166,73.94
5-12-2-2-42-1,5,12.0,2.0,2,42,1,25,15,1,50,0.76,0.060398675482166,76.8
6-12-0-2-39-0,6,12.0,0.0,2,39,0,9,0,1,50,0.76,0.060398675482166,76.66
5-11-2-2-33-1,5,11.0,2.0,2,33,1,45,25,1,50,0.76,0.060398675482166,73.58
5-14-5-2-49-1,5,14.0,5.0,2,49,1,31,11,1,50,0.76,0.060398675482166,78.34
4-13-8-2-42-1,4,13.0,8.0,2,42,1,31,21,3,50,0.76,0.060398675482166,74.76
5-14-2-1-39-1,5,14.0,2.0,1,39,1,33,21,1,50,0.76,0.060398675482166,78.56
4-14-6-3-45-1,4,14.0,6.0,3,45,1,39,19,2,50,0.76,0.060398675482166,78.54
4-14-5-4-42-1,4,14.0,5.0,4,42,1,33,15,1,50,0.76,0.060398675482166,73.26
5-12-3-1-42-0,5,12.0,3.0,1,42,0,9,0,1,50,0.76,0.060398675482166,74.82
6-13-2-2-44-0,6,13.0,2.0,2,44,0,28,10,1,50,0.76,0.060398675482166,75.6
6-8-0-2-25-1,6,8.0,0.0,2,25,1,38,11,1,50,0.76,0.060398675482166,73.2
5-13-2-2-41-0,5,13.0,2.0,2,41,0,14,4,2,50,0.76,0.060398675482166,77.02
5-10-2-2-34-1,5,10.0,2.0,2,34,1,38,21,1,50,0.76,0.060398675482166,71.54
3-14-4-3-31-2,3,14.0,4.0,3,31,2,52,42,2,50,0.76,0.060398675482166,74.62
4-13-6-2-34-1,4,13.0,6.0,2,34,1,33,15,1,50,0.76,0.060398675482166,71.88
5-14-0-2-38-0,5,14.0,0.0,2,38,0,18,10,2,50,0.76,0.060398675482166,71.46
5-13-3-1-41-1,5,13.0,3.0,1,41,1,20,11,1,50,0.76,0.060398675482166,78.1
6-13-2-1-44-0,6,13.0,2.0,1,44,0,29,10,1,50,0.76,0.060398675482166,76.82
6-12-2-1-45-0,6,12.0,2.0,1,45,0,20,0,1,50,0.76,0.060398675482166,77.6
4-14-7-2-39-1,4,14.0,7.0,2,39,1,34,25,1,50,0.76,0.060398675482166,78.9
4-13-5-2-40-1,4,13.0,5.0,2,40,1,37,19,1,50,0.76,0.060398675482166,73.84
5-12-4-2-43-1,5,12.0,4.0,2,43,1,35,21,1,50,0.76,0.060398675482166,79.6
4-14-3-2-26-2,4,14.0,3.0,2,26,2,43,26,1,50,0.76,0.060398675482166,75.54
3-14-6-2-32-2,3,14.0,6.0,2,32,2,39,22,1,50,0.76,0.060398675482166,74.52
5-13-0-1-27-1,5,13.0,0.0,1,27,1,30,21,1,50,0.76,0.060398675482166,75.02
5-12-3-2-37-1,5,12.0,3.0,2,37,1,29,11,1,50,0.74,0.06203224967708329,74.58
4-13-7-2-42-0,4,13.0,7.0,2,42,0,20,10,1,50,0.74,0.06203224967708329,71.4
3-14-0-2-25-2,3,14.0,0.0,2,25,2,42,36,1,50,0.74,0.06203224967708329,73.38
4-13-6-2-38-3,4,13.0,6.0,2,38,3,62,43,1,50,0.74,0.06203224967708329,70.82
6-10-0-1-37-0,6,10.0,0.0,1,37,0,31,10,1,50,0.74,0.06203224967708329,78.04
5-11-3-2-36-0,5,11.0,3.0,2,36,0,27,10,1,50,0.74,0.06203224967708329,73.3
4-12-3-2-29-2,4,12.0,3.0,2,29,2,45,36,1,50,0.74,0.06203224967708329,73.28
5-14-4-2-45-0,5,14.0,4.0,2,45,0,36,14,1,50,0.74,0.06203224967708329,75.92
4-12-6-2-33-2,4,12.0,6.0,2,33,2,44,26,2,50,0.74,0.06203224967708329,74.74
5-14-0-1-41-0,5,14.0,0.0,1,41,0,9,0,1,50,0.74,0.06203224967708329,77.22
4-10-0-3-25-2,4,10.0,0.0,3,25,2,42,36,1,50,0.74,0.06203224967708329,72.92
4-14-2-2-35-3,4,14.0,2.0,2,35,3,50,33,1,50,0.74,0.06203224967708329,71.32
3-14-7-3-34-1,3,14.0,7.0,3,34,1,23,15,1,50,0.74,0.06203224967708329,73.7
5-14-3-2-37-0,5,14.0,3.0,2,37,0,41,24,1,50,0.74,0.06203224967708329,76.42
4-14-3-2-37-1,4,14.0,3.0,2,37,1,33,25,2,50,0.74,0.06203224967708329,76.24
4-14-7-2-45-0,4,14.0,7.0,2,45,0,25,14,2,50,0.74,0.06203224967708329,75.2
6-12-0-2-41-0,6,12.0,0.0,2,41,0,19,0,1,50,0.74,0.06203224967708329,73.8
6-14-0-1-45-0,6,14.0,0.0,1,45,0,29,0,3,50,0.74,0.06203224967708329,77.16
6-13-0-1-30-0,6,13.0,0.0,1,30,0,28,0,1,50,0.74,0.06203224967708329,72.88
4-14-4-2-39-1,4,14.0,4.0,2,39,1,23,11,2,50,0.74,0.06203224967708329,70.6
5-12-4-3-34-1,5,12.0,4.0,3,34,1,51,21,1,50,0.74,0.06203224967708329,77.08
4-13-4-2-38-1,4,13.0,4.0,2,38,1,27,15,1,50,0.74,0.06203224967708329,76.92
4-14-8-2-43-0,4,14.0,8.0,2,43,0,24,14,1,50,0.74,0.06203224967708329,74.94
6-14-0-1-29-0,6,14.0,0.0,1,29,0,18,0,1,50,0.74,0.06203224967708329,74.1
4-14-3-3-37-1,4,14.0,3.0,3,37,1,29,21,1,50,0.74,0.06203224967708329,75.94
6-11-3-2-43-0,6,11.0,3.0,2,43,0,28,0,1,50,0.74,0.06203224967708329,72.78
5-13-6-2-43-0,5,13.0,6.0,2,43,0,28,8,1,50,0.74,0.06203224967708329,69.98
5-13-5-2-44-0,5,13.0,5.0,2,44,0,29,0,1,50,0.74,0.06203224967708329,74.24
5-14-0-2-33-1,5,14.0,0.0,2,33,1,18,11,1,50,0.74,0.06203224967708329,75.26
4-14-5-2-39-1,4,14.0,5.0,2,39,1,29,11,1,50,0.74,0.06203224967708329,71.48
5-12-4-3-43-0,5,12.0,4.0,3,43,0,23,10,1,50,0.74,0.06203224967708329,72.6
5-10-0-1-22-2,5,10.0,0.0,1,22,2,26,22,1,50,0.74,0.06203224967708329,76.76
5-14-2-1-36-1,5,14.0,2.0,1,36,1,28,21,2,50,0.74,0.06203224967708329,78.02
3-14-7-2-34-1,3,14.0,7.0,2,34,1,33,25,3,50,0.74,0.06203224967708329,72.34
4-13-2-2-30-2,4,13.0,2.0,2,30,2,33,26,2,50,0.74,0.06203224967708329,75.88
4-14-0-3-36-1,4,14.0,0.0,3,36,1,23,15,1,50,0.74,0.06203224967708329,72.7
5-11-6-1-44-0,5,11.0,6.0,1,44,0,34,14,1,50,0.74,0.06203224967708329,75.18
5-13-0-1-36-0,5,13.0,0.0,1,36,0,22,4,1,50,0.74,0.06203224967708329,73.74
4-12-0-2-30-2,4,12.0,0.0,2,30,2,39,32,1,50,0.74,0.06203224967708329,73.08
5-12-2-2-34-1,5,12.0,2.0,2,34,1,31,11,1,50,0.74,0.06203224967708329,72.7
5-14-3-2-40-1,5,14.0,3.0,2,40,1,29,11,1,50,0.74,0.06203224967708329,77.32
5-14-2-1-39-0,5,14.0,2.0,1,39,0,22,14,2,50,0.74,0.06203224967708329,74.72
4-13-3-2-39-0,4,13.0,3.0,2,39,0,17,8,2,50,0.74,0.06203224967708329,71.9
5-13-0-2-39-1,5,13.0,0.0,2,39,1,24,15,2,50,0.74,0.06203224967708329,78.1
4-14-3-2-36-1,4,14.0,3.0,2,36,1,48,31,1,50,0.74,0.06203224967708329,72.36
4-12-9-3-42-1,4,12.0,9.0,3,42,1,25,15,1,50,0.74,0.06203224967708329,78.04
5-12-6-2-45-0,5,12.0,6.0,2,45,0,28,8,1,50,0.72,0.06349803146555018,75.66
4-12-3-2-33-1,4,12.0,3.0,2,33,1,33,25,1,50,0.72,0.06349803146555018,72.46
6-14-0-1-39-0,6,14.0,0.0,1,39,0,25,4,2,50,0.72,0.06349803146555018,75.12
4-14-5-3-44-0,4,14.0,5.0,3,44,0,27,8,1,50,0.72,0.06349803146555018,75.28
5-11-0-2-26-1,5,11.0,0.0,2,26,1,26,21,1,50,0.72,0.06349803146555018,71.84
4-14-4-2-33-2,4,14.0,4.0,2,33,2,45,26,1,50,0.72,0.06349803146555018,75.7
4-12-4-2-32-2,4,12.0,4.0,2,32,2,43,32,1,50,0.72,0.06349803146555018,76.28
4-12-4-2-36-1,4,12.0,4.0,2,36,1,37,25,1,50,0.72,0.06349803146555018,75.3
4-12-3-2-32-2,4,12.0,3.0,2,32,2,43,36,2,50,0.72,0.06349803146555018,75.7
5-14-2-2-36-0,5,14.0,2.0,2,36,0,31,14,2,50,0.72,0.06349803146555018,71.5
4-12-3-3-30-2,4,12.0,3.0,3,30,2,47,32,1,50,0.72,0.06349803146555018,78.04
2-14-13-4-27-2,2,14.0,13.0,4,27,2,46,40,2,50,0.72,0.06349803146555018,73.24
3-12-7-2-28-2,3,12.0,7.0,2,28,2,39,32,1,50,0.72,0.06349803146555018,69.32
4-14-2-2-27-1,4,14.0,2.0,2,27,1,40,31,1,50,0.72,0.06349803146555018,72.24
5-12-2-2-32-1,5,12.0,2.0,2,32,1,41,15,1,50,0.72,0.06349803146555018,72.66
5-11-5-3-40-1,5,11.0,5.0,3,40,1,44,25,1,50,0.72,0.06349803146555018,75.22
4-14-3-3-34-2,4,14.0,3.0,3,34,2,29,22,1,50,0.72,0.06349803146555018,69.48
5-13-2-1-45-0,5,13.0,2.0,1,45,0,21,10,1,50,0.72,0.06349803146555018,74.94
5-13-2-1-43-0,5,13.0,2.0,1,43,0,33,14,1,50,0.72,0.06349803146555018,75.5
4-14-3-3-35-1,4,14.0,3.0,3,35,1,41,25,1,50,0.72,0.06349803146555018,75.34
4-14-8-3-44-0,4,14.0,8.0,3,44,0,24,14,1,50,0.72,0.06349803146555018,75.98
6-11-4-2-46-0,6,11.0,4.0,2,46,0,23,0,1,50,0.72,0.06349803146555018,78.08
4-13-6-3-39-1,4,13.0,6.0,3,39,1,30,11,1,50,0.72,0.06349803146555018,75.38
4-14-0-2-24-1,4,14.0,0.0,2,24,1,30,25,1,50,0.72,0.06349803146555018,71.62
4-14-4-3-35-1,4,14.0,4.0,3,35,1,46,25,1,50,0.72,0.06349803146555018,70.58
4-14-4-2-41-0,4,14.0,4.0,2,41,0,23,10,1,50,0.72,0.06349803146555018,73.72
5-13-2-2-40-1,5,13.0,2.0,2,40,1,20,11,1,50,0.72,0.06349803146555018,73.24
4-13-8-2-43-1,4,13.0,8.0,2,43,1,25,15,1,50,0.72,0.06349803146555018,77.26
5-12-2-1-35-0,5,12.0,2.0,1,35,0,35,24,3,50,0.72,0.06349803146555018,73.42
5-13-3-2-45-0,5,13.0,3.0,2,45,0,20,0,2,50,0.72,0.06349803146555018,73.58
5-12-5-2-39-0,5,12.0,5.0,2,39,0,32,4,1,50,0.72,0.06349803146555018,73.58
3-14-10-3-35-1,3,14.0,10.0,3,35,1,39,31,2,50,0.72,0.06349803146555018,74.96
4-14-7-2-44-0,4,14.0,7.0,2,44,0,28,18,1,50,0.72,0.06349803146555018,77.42
2-14-12-3-26-2,2,14.0,12.0,3,26,2,46,40,1,50,0.72,0.06349803146555018,68.46
4-9-0-2-21-2,4,9.0,0.0,2,21,2,36,22,1,50,0.72,0.06349803146555018,73.98
5-14-2-1-36-0,5,14.0,2.0,1,36,0,10,0,1,50,0.72,0.06349803146555018,72.98
3-14-8-3-33-1,3,14.0,8.0,3,33,1,33,25,1,50,0.72,0.06349803146555018,73.22
3-12-7-2-27-2,3,12.0,7.0,2,27,2,43,36,1,50,0.72,0.06349803146555018,72.34
3-14-6-2-28-2,3,14.0,6.0,2,28,2,58,42,1,50,0.72,0.06349803146555018,72.54
3-14-11-2-38-1,3,14.0,11.0,2,38,1,20,11,3,50,0.72,0.06349803146555018,75.2
6-10-0-1-30-0,6,10.0,0.0,1,30,0,28,10,1,50,0.72,0.06349803146555018,74.16
5-13-0-2-43-0,5,13.0,0.0,2,43,0,14,4,1,50,0.72,0.06349803146555018,75.5
5-11-2-2-37-2,5,11.0,2.0,2,37,2,39,22,1,50,0.72,0.06349803146555018,73.52
5-13-4-1-41-0,5,13.0,4.0,1,41,0,27,4,1,50,0.72,0.06349803146555018,70.82
5-14-0-2-30-0,5,14.0,0.0,2,30,0,34,18,2,50,0.72,0.06349803146555018,74.3
4-13-3-3-36-1,4,13.0,3.0,3,36,1,33,25,2,50,0.72,0.06349803146555018,74.16
4-12-0-2-22-2,4,12.0,0.0,2,22,2,27,22,1,50,0.72,0.06349803146555018,72.8
6-11-2-1-36-0,6,11.0,2.0,1,36,0,30,0,1,50,0.72,0.06349803146555018,70.4
5-11-2-1-33-1,5,11.0,2.0,1,33,1,26,15,1,50,0.72,0.06349803146555018,77.08
3-13-3-2-26-2,3,13.0,3.0,2,26,2,51,46,1,50,0.72,0.06349803146555018,74.44
5-12-0-3-34-0,5,12.0,0.0,3,34,0,26,14,1,50,0.72,0.06349803146555018,69.12
4-14-6-3-41-1,4,14.0,6.0,3,41,1,40,21,1,50,0.72,0.06349803146555018,73.2
5-14-0-3-33-1,5,14.0,0.0,3,33,1,32,25,1,50,0.72,0.06349803146555018,74.22
5-13-0-2-29-1,5,13.0,0.0,2,29,1,24,15,1,50,0.72,0.06349803146555018,73.38
4-14-4-2-29-2,4,14.0,4.0,2,29,2,50,22,1,50,0.72,0.06349803146555018,71.44
5-10-4-3-35-0,5,10.0,4.0,3,35,0,35,14,1,50,0.72,0.06349803146555018,72.98
6-11-0-1-35-1,6,11.0,0.0,1,35,1,22,11,1,50,0.72,0.06349803146555018,78.14
4-8-2-2-20-2,4,8.0,2.0,2,20,2,36,32,1,50,0.72,0.06349803146555018,73.98
4-13-3-2-30-2,4,13.0,3.0,2,30,2,41,26,1,50,0.72,0.06349803146555018,71.04
4-14-6-4-36-1,4,14.0,6.0,4,36,1,39,21,1,50,0.72,0.06349803146555018,71.82
4-11-0-2-21-2,4,11.0,0.0,2,21,2,54,36,1,50,0.72,0.06349803146555018,71.64
4-11-6-2-32-2,4,11.0,6.0,2,32,2,40,22,1,50,0.72,0.06349803146555018,74.94
5-13-6-2-50-0,5,13.0,6.0,2,50,0,32,10,1,50,0.72,0.06349803146555018,77.68
4-14-8-2-43-1,4,14.0,8.0,2,43,1,31,21,3,50,0.72,0.06349803146555018,74.54
4-12-2-3-28-2,4,12.0,2.0,3,28,2,38,32,1,50,0.72,0.06349803146555018,77.9
5-14-0-2-28-0,5,14.0,0.0,2,28,0,23,18,1,50,0.72,0.06349803146555018,71.52
4-13-0-2-36-1,4,13.0,0.0,2,36,1,28,19,1,50,0.72,0.06349803146555018,75.9
5-14-4-1-45-0,5,14.0,4.0,1,45,0,14,0,1,50,0.72,0.06349803146555018,73.08
6-9-3-1-38-0,6,9.0,3.0,1,38,0,37,10,1,50,0.72,0.06349803146555018,74.72
5-14-0-3-32-1,5,14.0,0.0,3,32,1,41,15,2,50,0.72,0.06349803146555018,72.78
5-12-5-2-40-0,5,12.0,5.0,2,40,0,42,14,1,50,0.72,0.06349803146555018,73.76
5-12-2-2-36-1,5,12.0,2.0,2,36,1,38,21,1,50,0.7,0.06480740698407861,71.58
5-11-6-2-44-0,5,11.0,6.0,2,44,0,30,10,1,50,0.7,0.06480740698407861,74.04
3-14-3-2-28-2,3,14.0,3.0,2,28,2,28,22,1,50,0.7,0.06480740698407861,71.7
6-13-0-1-35-0,6,13.0,0.0,1,35,0,30,0,1,50,0.7,0.06480740698407861,75.06
4-12-0-2-28-1,4,12.0,0.0,2,28,1,18,11,2,50,0.7,0.06480740698407861,73.5
5-13-0-1-37-0,5,13.0,0.0,1,37,0,19,10,1,50,0.7,0.06480740698407861,74.08
3-13-6-3-31-2,3,13.0,6.0,3,31,2,57,40,1,50,0.7,0.06480740698407861,73.9
5-12-2-2-35-1,5,12.0,2.0,2,35,1,42,21,1,50,0.7,0.06480740698407861,73.92
5-11-0-1-21-3,5,11.0,0.0,1,21,3,46,33,1,50,0.7,0.06480740698407861,68.5
5-14-0-2-39-0,5,14.0,0.0,2,39,0,22,4,1,50,0.7,0.06480740698407861,72.04
2-14-11-2-25-2,2,14.0,11.0,2,25,2,28,22,1,50,0.7,0.06480740698407861,69.62
4-13-9-2-45-0,4,13.0,9.0,2,45,0,25,14,1,50,0.7,0.06480740698407861,75.3
5-14-0-2-28-2,5,14.0,0.0,2,28,2,35,26,1,50,0.7,0.06480740698407861,72.26
5-12-4-2-45-0,5,12.0,4.0,2,45,0,24,10,1,50,0.7,0.06480740698407861,72.4
6-10-0-1-29-0,6,10.0,0.0,1,29,0,18,0,2,50,0.7,0.06480740698407861,68.12
5-8-2-2-23-1,5,8.0,2.0,2,23,1,42,25,1,50,0.7,0.06480740698407861,69.8
4-13-0-2-32-1,4,13.0,0.0,2,32,1,28,21,2,50,0.7,0.06480740698407861,71.26
6-13-0-2-42-0,6,13.0,0.0,2,42,0,23,0,1,50,0.7,0.06480740698407861,75.02
5-11-2-2-37-1,5,11.0,2.0,2,37,1,34,25,1,50,0.7,0.06480740698407861,71.84
5-11-5-2-41-1,5,11.0,5.0,2,41,1,49,21,1,50,0.7,0.06480740698407861,77.58
5-14-0-2-35-1,5,14.0,0.0,2,35,1,26,15,3,50,0.7,0.06480740698407861,72.4
3-14-4-2-31-2,3,14.0,4.0,2,31,2,46,36,1,50,0.7,0.06480740698407861,74.38
5-12-0-1-31-1,5,12.0,0.0,1,31,1,34,15,1,50,0.7,0.06480740698407861,69.98
4-12-0-2-31-2,4,12.0,0.0,2,31,2,39,32,1,50,0.7,0.06480740698407861,75.38
4-11-6-2-34-3,4,11.0,6.0,2,34,3,61,43,1,50,0.7,0.06480740698407861,67.52
4-13-2-2-33-1,4,13.0,2.0,2,33,1,23,15,2,50,0.7,0.06480740698407861,70.3
5-12-0-1-35-0,5,12.0,0.0,1,35,0,18,0,1,50,0.7,0.06480740698407861,66.84
4-14-5-3-39-1,4,14.0,5.0,3,39,1,39,21,1,50,0.7,0.06480740698407861,71.48
4-13-3-3-31-1,4,13.0,3.0,3,31,1,25,15,2,50,0.7,0.06480740698407861,70.38
4-14-7-3-42-0,4,14.0,7.0,3,42,0,24,14,1,50,0.7,0.06480740698407861,77.16
3-13-4-2-25-2,3,13.0,4.0,2,25,2,45,36,1,50,0.7,0.06480740698407861,72.76
4-12-7-2-39-1,4,12.0,7.0,2,39,1,21,11,1,50,0.7,0.06480740698407861,74.02
4-11-6-3-34-1,4,11.0,6.0,3,34,1,39,21,1,50,0.7,0.06480740698407861,67.18
4-14-7-2-40-0,4,14.0,7.0,2,40,0,30,20,1,50,0.7,0.06480740698407861,72.68
4-12-0-2-21-2,4,12.0,0.0,2,21,2,49,32,1,50,0.7,0.06480740698407861,72.6
4-13-5-2-41-1,4,13.0,5.0,2,41,1,30,11,1,50,0.7,0.06480740698407861,75.8
6-11-2-1-37-0,6,11.0,2.0,1,37,0,21,0,1,50,0.7,0.06480740698407861,70.4
3-14-3-2-30-2,3,14.0,3.0,2,30,2,32,26,1,50,0.7,0.06480740698407861,74.38
5-14-0-2-27-0,5,14.0,0.0,2,27,0,44,20,2,50,0.7,0.06480740698407861,69.26
4-14-8-2-41-1,4,14.0,8.0,2,41,1,24,15,2,50,0.7,0.06480740698407861,74.78
4-14-7-3-41-1,4,14.0,7.0,3,41,1,21,11,1,50,0.7,0.06480740698407861,72.32
5-12-3-2-34-0,5,12.0,3.0,2,34,0,21,10,1,50,0.7,0.06480740698407861,69.66
5-14-0-3-39-0,5,14.0,0.0,3,39,0,22,4,2,50,0.7,0.06480740698407861,72.14
4-8-2-2-19-2,4,8.0,2.0,2,19,2,42,26,1,50,0.7,0.06480740698407861,70.02
4-14-5-3-34-2,4,14.0,5.0,3,34,2,58,32,1,50,0.7,0.06480740698407861,72.16
4-14-5-2-40-1,4,14.0,5.0,2,40,1,39,21,2,50,0.7,0.06480740698407861,75.38
5-14-3-2-36-1,5,14.0,3.0,2,36,1,37,11,1,50,0.7,0.06480740698407861,73.88
5-14-4-2-44-0,5,14.0,4.0,2,44,0,31,8,2,50,0.7,0.06480740698407861,74.76
5-14-2-1-38-1,5,14.0,2.0,1,38,1,28,11,1,50,0.7,0.06480740698407861,72.8
4-14-0-3-34-0,4,14.0,0.0,3,34,0,22,14,1,50,0.7,0.06480740698407861,72.52
5-11-0-2-36-0,5,11.0,0.0,2,36,0,23,14,1,50,0.7,0.06480740698407861,72.56
5-10-0-1-31-1,5,10.0,0.0,1,31,1,31,21,1,50,0.7,0.06480740698407861,76.54
5-13-2-1-36-0,5,13.0,2.0,1,36,0,30,10,1,50,0.7,0.06480740698407861,72.64
5-14-0-3-37-1,5,14.0,0.0,3,37,1,32,11,1,50,0.7,0.06480740698407861,77.82
5-10-3-2-35-1,5,10.0,3.0,2,35,1,28,11,2,50,0.7,0.06480740698407861,72.76
5-13-2-3-35-0,5,13.0,2.0,3,35,0,30,10,1,50,0.7,0.06480740698407861,72.28
4-14-5-3-38-1,4,14.0,5.0,3,38,1,33,15,4,50,0.7,0.06480740698407861,72.36
4-13-0-3-30-2,4,13.0,0.0,3,30,2,29,22,1,50,0.7,0.06480740698407861,69.26
4-9-0-2-19-2,4,9.0,0.0,2,19,2,43,26,1,50,0.68,0.06596969000988256,69.12
3-14-2-3-29-2,3,14.0,2.0,3,29,2,38,32,1,50,0.68,0.06596969000988256,71.54
4-14-0-3-37-1,4,14.0,0.0,3,37,1,27,19,1,50,0.68,0.06596969000988256,72.42
5-13-4-1-45-0,5,13.0,4.0,1,45,0,31,8,2,50,0.68,0.06596969000988256,74.54
5-12-2-2-37-1,5,12.0,2.0,2,37,1,33,15,1,50,0.68,0.06596969000988256,72.1
5-11-2-2-31-1,5,11.0,2.0,2,31,1,34,15,3,50,0.68,0.06596969000988256,71.42
5-13-3-2-33-0,5,13.0,3.0,2,33,0,28,8,1,50,0.68,0.06596969000988256,68.38
4-11-0-2-18-2,4,11.0,0.0,2,18,2,45,32,1,50,0.68,0.06596969000988256,71.12
4-13-5-2-35-2,4,13.0,5.0,2,35,2,39,22,2,50,0.68,0.06596969000988256,73.66
4-14-2-3-39-1,4,14.0,2.0,3,39,1,23,15,2,50,0.68,0.06596969000988256,76.08
4-13-2-2-23-2,4,13.0,2.0,2,23,2,45,32,1,50,0.68,0.06596969000988256,71.74
4-11-7-2-35-2,4,11.0,7.0,2,35,2,31,22,1,50,0.68,0.06596969000988256,73.3
6-10-0-1-34-0,6,10.0,0.0,1,34,0,31,14,1,50,0.68,0.06596969000988256,71.3
2-14-11-3-25-2,2,14.0,11.0,3,25,2,48,42,2,50,0.68,0.06596969000988256,70.6
4-14-6-2-38-1,4,14.0,6.0,2,38,1,34,15,1,50,0.68,0.06596969000988256,69.84
4-12-6-2-35-1,4,12.0,6.0,2,35,1,43,25,1,50,0.68,0.06596969000988256,69.5
6-14-0-1-34-0,6,14.0,0.0,1,34,0,10,0,1,50,0.68,0.06596969000988256,73.26
4-13-7-2-38-1,4,13.0,7.0,2,38,1,34,25,1,50,0.68,0.06596969000988256,71.4
4-10-5-3-30-1,4,10.0,5.0,3,30,1,51,35,1,50,0.68,0.06596969000988256,71.28
3-14-0-2-21-2,3,14.0,0.0,2,21,2,31,26,1,50,0.68,0.06596969000988256,68.56
4-11-0-2-30-1,4,11.0,0.0,2,30,1,22,15,1,50,0.68,0.06596969000988256,67.42
5-12-2-2-38-1,5,12.0,2.0,2,38,1,23,11,1,50,0.68,0.06596969000988256,71.6
6-13-2-2-43-0,6,13.0,2.0,2,43,0,28,0,1,50,0.68,0.06596969000988256,76.14
5-14-6-2-48-0,5,14.0,6.0,2,48,0,29,8,1,50,0.68,0.06596969000988256,72.64
5-12-5-2-44-0,5,12.0,5.0,2,44,0,29,10,1,50,0.68,0.06596969000988256,68.78
6-8-0-1-24-1,6,8.0,0.0,1,24,1,38,15,1,50,0.68,0.06596969000988256,75.18
3-11-9-3-30-2,3,11.0,9.0,3,30,2,39,32,1,50,0.68,0.06596969000988256,73.04
5-13-3-3-43-0,5,13.0,3.0,3,43,0,14,4,1,50,0.68,0.06596969000988256,72.58
5-11-0-2-30-1,5,11.0,0.0,2,30,1,32,25,1,50,0.68,0.06596969000988256,71.72
5-13-2-2-29-1,5,13.0,2.0,2,29,1,24,15,1,50,0.68,0.06596969000988256,67.78
6-14-0-1-30-0,6,14.0,0.0,1,30,0,19,10,1,50,0.68,0.06596969000988256,73.3
3-14-11-3-38-0,3,14.0,11.0,3,38,0,29,20,1,50,0.68,0.06596969000988256,72.52
4-10-0-2-19-2,4,10.0,0.0,2,19,2,38,22,1,50,0.68,0.06596969000988256,74.18
4-11-2-2-20-1,4,11.0,2.0,2,20,1,32,25,1,50,0.68,0.06596969000988256,72.1
5-14-0-2-27-1,5,14.0,0.0,2,27,1,30,25,1,50,0.68,0.06596969000988256,74.46
6-8-0-2-27-0,6,8.0,0.0,2,27,0,19,0,1,50,0.68,0.06596969000988256,70.46
5-14-4-1-42-0,5,14.0,4.0,1,42,0,23,10,1,50,0.68,0.06596969000988256,72.46
5-12-5-2-43-1,5,12.0,5.0,2,43,1,30,11,1,50,0.68,0.06596969000988256,71.76
5-14-2-2-35-0,5,14.0,2.0,2,35,0,36,10,4,50,0.68,0.06596969000988256,70.38
3-14-7-2-33-1,3,14.0,7.0,2,33,1,23,15,1,50,0.68,0.06596969000988256,73.4
5-13-2-2-39-0,5,13.0,2.0,2,39,0,22,14,3,50,0.68,0.06596969000988256,72.94
3-11-0-2-20-2,3,11.0,0.0,2,20,2,47,42,1,50,0.68,0.06596969000988256,67.66
5-14-6-1-49-0,5,14.0,6.0,1,49,0,39,18,1,50,0.68,0.06596969000988256,76.96
5-10-0-1-25-1,5,10.0,0.0,1,25,1,26,11,1,50,0.68,0.06596969000988256,69.58
3-14-5-3-30-2,3,14.0,5.0,3,30,2,52,36,1,50,0.68,0.06596969000988256,75.28
4-13-0-2-33-0,4,13.0,0.0,2,33,0,26,18,1,50,0.68,0.06596969000988256,68.24
5-14-0-2-29-1,5,14.0,0.0,2,29,1,30,15,1,50,0.68,0.06596969000988256,70.68
5-14-3-2-41-0,5,14.0,3.0,2,41,0,9,0,2,50,0.68,0.06596969000988256,73.84
6-9-2-1-29-1,6,9.0,2.0,1,29,1,38,11,1,50,0.68,0.06596969000988256,73.92
5-13-3-2-40-0,5,13.0,3.0,2,40,0,27,8,1,50,0.68,0.06596969000988256,66.42
4-13-6-2-38-1,4,13.0,6.0,2,38,1,44,25,3,50,0.68,0.06596969000988256,73.02
3-13-9-2-33-1,3,13.0,9.0,2,33,1,43,35,1,50,0.68,0.06596969000988256,68.52
5-12-5-3-42-0,5,12.0,5.0,3,42,0,39,10,1,50,0.68,0.06596969000988256,74.42
4-14-0-3-21-2,4,14.0,0.0,3,21,2,45,32,1,50,0.68,0.06596969000988256,72.04
2-13-11-2-24-2,2,13.0,11.0,2,24,2,42,36,1,50,0.68,0.06596969000988256,69.9
4-10-6-2-31-1,4,10.0,6.0,2,31,1,42,25,1,50,0.68,0.06596969000988256,72.76
3-14-0-2-16-2,3,14.0,0.0,2,16,2,25,22,1,50,0.68,0.06596969000988256,71.44
4-14-0-2-35-0,4,14.0,0.0,2,35,0,18,10,1,50,0.68,0.06596969000988256,71.9
4-12-8-3-40-1,4,12.0,8.0,3,40,1,25,15,1,50,0.68,0.06596969000988256,72.56
4-14-7-2-41-1,4,14.0,7.0,2,41,1,31,21,1,50,0.68,0.06596969000988256,71.32
4-13-3-2-36-0,4,13.0,3.0,2,36,0,22,14,1,50,0.68,0.06596969000988256,68.12
6-11-0-2-29-1,6,11.0,0.0,2,29,1,30,11,1,50,0.68,0.06596969000988256,72.12
3-14-5-3-29-2,3,14.0,5.0,3,29,2,61,46,1,50,0.68,0.06596969000988256,72.94
4-13-3-2-35-1,4,13.0,3.0,2,35,1,33,25,2,50,0.66,0.0669925368977769,69.74
5-13-0-2-31-0,5,13.0,0.0,2,31,0,33,18,1,50,0.66,0.0669925368977769,69.72
3-13-7-2-31-1,3,13.0,7.0,2,31,1,27,19,1,50,0.66,0.0669925368977769,67.3
2-14-9-4-23-2,2,14.0,9.0,4,23,2,45,40,2,50,0.66,0.0669925368977769,70.84
4-13-5-3-31-1,4,13.0,5.0,3,31,1,41,15,1,50,0.66,0.0669925368977769,66.14
3-12-0-2-21-2,3,12.0,0.0,2,21,2,35,30,1,50,0.66,0.0669925368977769,69.94
4-13-3-2-27-1,4,13.0,3.0,2,27,1,43,19,1,50,0.66,0.0669925368977769,66.22
5-12-2-2-31-1,5,12.0,2.0,2,31,1,20,11,1,50,0.66,0.0669925368977769,71.16
4-11-4-3-30-2,4,11.0,4.0,3,30,2,33,22,1,50,0.66,0.0669925368977769,72.0
3-13-4-3-29-2,3,13.0,4.0,3,29,2,42,32,1,50,0.66,0.0669925368977769,69.5
5-14-0-2-26-1,5,14.0,0.0,2,26,1,32,15,2,50,0.66,0.0669925368977769,73.48
4-12-2-2-35-1,4,12.0,2.0,2,35,1,19,11,2,50,0.66,0.0669925368977769,69.42
6-12-3-1-43-0,6,12.0,3.0,1,43,0,22,0,2,50,0.66,0.0669925368977769,69.84
4-12-2-2-28-2,4,12.0,2.0,2,28,2,31,22,2,50,0.66,0.0669925368977769,69.94
5-12-3-2-39-1,5,12.0,3.0,2,39,1,39,21,1,50,0.66,0.0669925368977769,74.18
3-14-4-2-28-2,3,14.0,4.0,2,28,2,31,22,1,50,0.66,0.0669925368977769,67.98
6-12-0-2-34-0,6,12.0,0.0,2,34,0,7,0,1,50,0.66,0.0669925368977769,68.86
4-10-2-2-23-2,4,10.0,2.0,2,23,2,55,32,1,50,0.66,0.0669925368977769,70.06
3-13-2-2-27-2,3,13.0,2.0,2,27,2,38,32,1,50,0.66,0.0669925368977769,70.22
4-11-3-2-29-2,4,11.0,3.0,2,29,2,29,22,1,50,0.66,0.0669925368977769,69.94
4-13-7-2-42-1,4,13.0,7.0,2,42,1,21,11,1,50,0.66,0.0669925368977769,71.28
3-14-9-3-34-1,3,14.0,9.0,3,34,1,23,15,2,50,0.66,0.0669925368977769,67.32
5-13-0-2-36-0,5,13.0,0.0,2,36,0,12,4,1,50,0.66,0.0669925368977769,70.78
4-14-4-2-34-2,4,14.0,4.0,2,34,2,56,36,1,50,0.66,0.0669925368977769,71.38
3-12-2-2-21-1,3,12.0,2.0,2,21,1,20,15,1,50,0.66,0.0669925368977769,68.5
6-11-0-1-30-0,6,11.0,0.0,1,30,0,29,10,1,50,0.66,0.0669925368977769,68.96
5-12-2-2-33-1,5,12.0,2.0,2,33,1,35,15,1,50,0.66,0.0669925368977769,71.6
5-14-0-1-37-0,5,14.0,0.0,1,37,0,18,10,1,50,0.66,0.0669925368977769,69.58
3-14-8-3-32-2,3,14.0,8.0,3,32,2,29,22,1,50,0.66,0.0669925368977769,68.98
3-14-6-2-31-2,3,14.0,6.0,2,31,2,43,26,1,50,0.66,0.0669925368977769,70.98
4-14-3-3-30-1,4,14.0,3.0,3,30,1,41,25,2,50,0.66,0.0669925368977769,68.8
4-12-4-2-33-2,4,12.0,4.0,2,33,2,53,32,1,50,0.66,0.0669925368977769,70.28
4-14-0-2-38-0,4,14.0,0.0,2,38,0,17,8,2,50,0.66,0.0669925368977769,76.26
4-14-3-3-34-1,4,14.0,3.0,3,34,1,32,25,1,50,0.66,0.0669925368977769,70.8
3-14-10-2-35-1,3,14.0,10.0,2,35,1,29,21,1,50,0.66,0.0669925368977769,69.6
5-14-0-1-35-0,5,14.0,0.0,1,35,0,25,4,1,50,0.66,0.0669925368977769,68.52
4-13-8-2-43-0,4,13.0,8.0,2,43,0,30,20,1,50,0.66,0.0669925368977769,71.96
5-12-7-2-46-0,5,12.0,7.0,2,46,0,21,10,1,50,0.66,0.0669925368977769,73.28
5-12-0-2-28-1,5,12.0,0.0,2,28,1,21,15,2,50,0.66,0.0669925368977769,69.28
5-13-0-1-31-0,5,13.0,0.0,1,31,0,40,20,1,50,0.66,0.0669925368977769,70.28
4-12-3-2-35-0,4,12.0,3.0,2,35,0,32,24,1,50,0.66,0.0669925368977769,68.22
4-13-5-2-31-1,4,13.0,5.0,2,31,1,37,11,1,50,0.66,0.0669925368977769,68.38
3-14-2-3-27-2,3,14.0,2.0,3,27,2,32,26,1,50,0.66,0.0669925368977769,70.38
4-12-3-2-36-0,4,12.0,3.0,2,36,0,16,8,1,50,0.66,0.0669925368977769,70.14
5-13-2-2-42-0,5,13.0,2.0,2,42,0,27,8,2,50,0.66,0.0669925368977769,73.54
4-10-0-2-24-2,4,10.0,0.0,2,24,2,36,22,1,50,0.66,0.0669925368977769,71.0
4-14-0-2-21-2,4,14.0,0.0,2,21,2,35,22,1,50,0.66,0.0669925368977769,70.74
5-12-6-2-44-0,5,12.0,6.0,2,44,0,39,18,1,50,0.66,0.0669925368977769,73.76
5-11-0-2-34-1,5,11.0,0.0,2,34,1,36,19,1,50,0.66,0.0669925368977769,71.02
4-14-4-2-34-1,4,14.0,4.0,2,34,1,35,15,3,50,0.66,0.0669925368977769,69.72
3-12-9-2-32-2,3,12.0,9.0,2,32,2,40,32,1,50,0.66,0.0669925368977769,71.22
5-13-0-3-37-0,5,13.0,0.0,3,37,0,32,14,1,50,0.66,0.0669925368977769,71.98
3-12-6-3-27-2,3,12.0,6.0,3,27,2,48,32,1,50,0.66,0.0669925368977769,68.28
5-14-3-2-37-1,5,14.0,3.0,2,37,1,37,11,1,50,0.66,0.0669925368977769,69.6
4-14-4-3-37-1,4,14.0,4.0,3,37,1,33,21,1,50,0.66,0.0669925368977769,71.12
5-13-0-2-29-0,5,13.0,0.0,2,29,0,16,10,1,50,0.66,0.0669925368977769,67.32
3-13-4-2-26-2,3,13.0,4.0,2,26,2,51,42,1,50,0.66,0.0669925368977769,72.26
4-12-5-2-35-1,4,12.0,5.0,2,35,1,28,11,1,50,0.66,0.0669925368977769,67.04
5-9-2-2-25-1,5,9.0,2.0,2,25,1,39,31,1,50,0.66,0.0669925368977769,72.62
4-14-2-2-25-2,4,14.0,2.0,2,25,2,43,26,1,50,0.66,0.0669925368977769,67.4
5-14-0-2-37-1,5,14.0,0.0,2,37,1,32,15,1,50,0.66,0.0669925368977769,69.62
5-13-3-2-42-0,5,13.0,3.0,2,42,0,13,4,1,50,0.66,0.0669925368977769,72.16
5-12-0-2-27-1,5,12.0,0.0,2,27,1,31,15,2,50,0.66,0.0669925368977769,69.54
4-13-2-2-36-0,4,13.0,2.0,2,36,0,22,14,1,50,0.66,0.0669925368977769,71.52
6-11-2-1-35-0,6,11.0,2.0,1,35,0,20,0,1,50,0.66,0.0669925368977769,71.1
4-14-2-3-37-0,4,14.0,2.0,3,37,0,16,8,1,50,0.66,0.0669925368977769,68.26
3-13-3-2-28-1,3,13.0,3.0,2,28,1,41,35,1,50,0.66,0.0669925368977769,67.48
5-12-5-2-43-0,5,12.0,5.0,2,43,0,23,4,1,50,0.66,0.0669925368977769,67.64
3-13-11-3-36-2,3,13.0,11.0,3,36,2,31,22,1,50,0.66,0.0669925368977769,70.54
4-12-2-3-30-2,4,12.0,2.0,3,30,2,38,22,1,50,0.66,0.0669925368977769,69.18
3-8-2-2-14-2,3,8.0,2.0,2,14,2,28,22,1,50,0.66,0.0669925368977769,66.34
6-8-0-1-26-0,6,8.0,0.0,1,26,0,28,10,1,50,0.66,0.0669925368977769,69.2
4-14-0-3-37-0,4,14.0,0.0,3,37,0,13,4,2,50,0.66,0.0669925368977769,72.72
4-12-6-4-38-1,4,12.0,6.0,4,38,1,44,25,1,50,0.66,0.0669925368977769,69.54
4-12-0-2-30-1,4,12.0,0.0,2,30,1,33,25,1,50,0.66,0.0669925368977769,66.5
5-13-2-3-33-1,5,13.0,2.0,3,33,1,31,15,1,50,0.66,0.0669925368977769,70.54
5-11-3-2-41-0,5,11.0,3.0,2,41,0,9,0,1,50,0.66,0.0669925368977769,69.76
4-14-4-3-39-0,4,14.0,4.0,3,39,0,12,0,1,50,0.64,0.06788225099390856,66.52
4-13-8-2-41-1,4,13.0,8.0,2,41,1,21,11,1,50,0.64,0.06788225099390856,73.6
4-14-0-4-28-1,4,14.0,0.0,4,28,1,31,25,1,50,0.64,0.06788225099390856,70.94
5-12-2-2-35-0,5,12.0,2.0,2,35,0,36,10,1,50,0.64,0.06788225099390856,67.9
3-14-4-2-29-1,3,14.0,4.0,2,29,1,31,21,3,50,0.64,0.06788225099390856,65.96
3-14-5-2-31-2,3,14.0,5.0,2,31,2,42,26,1,50,0.64,0.06788225099390856,68.44
3-14-6-2-32-1,3,14.0,6.0,2,32,1,28,11,1,50,0.64,0.06788225099390856,69.88
3-13-7-2-32-1,3,13.0,7.0,2,32,1,23,15,3,50,0.64,0.06788225099390856,65.36
4-10-3-3-26-1,4,10.0,3.0,3,26,1,40,25,1,50,0.64,0.06788225099390856,64.86
3-14-5-3-30-1,3,14.0,5.0,3,30,1,37,21,1,50,0.64,0.06788225099390856,65.94
5-13-3-1-37-0,5,13.0,3.0,1,37,0,21,10,1,50,0.64,0.06788225099390856,66.98
5-14-0-2-31-0,5,14.0,0.0,2,31,0,24,14,3,50,0.64,0.06788225099390856,70.98
6-12-0-1-31-0,6,12.0,0.0,1,31,0,30,10,1,50,0.64,0.06788225099390856,71.3
3-13-4-3-23-2,3,13.0,4.0,3,23,2,50,32,1,50,0.64,0.06788225099390856,68.78
5-13-2-1-37-0,5,13.0,2.0,1,37,0,31,14,1,50,0.64,0.06788225099390856,68.4
5-13-4-2-42-0,5,13.0,4.0,2,42,0,30,8,1,50,0.64,0.06788225099390856,70.38
5-13-0-3-25-0,5,13.0,0.0,3,25,0,19,14,1,50,0.64,0.06788225099390856,65.12
5-11-3-2-36-1,5,11.0,3.0,2,36,1,28,11,1,50,0.64,0.06788225099390856,68.76
4-12-3-2-31-1,4,12.0,3.0,2,31,1,42,35,2,50,0.64,0.06788225099390856,65.16
5-14-2-1-37-0,5,14.0,2.0,1,37,0,7,0,4,50,0.64,0.06788225099390856,72.42
4-12-5-2-34-1,4,12.0,5.0,2,34,1,38,21,1,50,0.64,0.06788225099390856,63.44
3-14-7-2-31-1,3,14.0,7.0,2,31,1,38,31,1,50,0.64,0.06788225099390856,69.72
4-12-3-3-36-0,4,12.0,3.0,3,36,0,22,14,1,50,0.64,0.06788225099390856,68.26
5-10-4-2-35-0,5,10.0,4.0,2,35,0,30,10,2,50,0.64,0.06788225099390856,67.9
4-11-4-3-28-2,4,11.0,4.0,3,28,2,51,32,1,50,0.64,0.06788225099390856,64.92
5-12-4-1-38-0,5,12.0,4.0,1,38,0,36,14,1,50,0.64,0.06788225099390856,64.44
4-14-2-3-27-0,4,14.0,2.0,3,27,0,19,10,1,50,0.64,0.06788225099390856,67.42
5-11-0-2-23-1,5,11.0,0.0,2,23,1,33,15,2,50,0.64,0.06788225099390856,67.0
4-11-4-2-31-1,4,11.0,4.0,2,31,1,35,15,2,50,0.64,0.06788225099390856,66.82
3-12-3-2-20-2,3,12.0,3.0,2,20,2,39,26,1,50,0.64,0.06788225099390856,69.3
5-14-2-2-30-0,5,14.0,2.0,2,30,0,38,14,1,50,0.64,0.06788225099390856,68.28
4-13-4-2-28-2,4,13.0,4.0,2,28,2,60,32,1,50,0.64,0.06788225099390856,70.04
5-11-0-2-27-1,5,11.0,0.0,2,27,1,27,11,1,50,0.64,0.06788225099390856,69.52
5-10-2-2-29-1,5,10.0,2.0,2,29,1,44,25,1,50,0.64,0.06788225099390856,70.02
4-10-0-2-18-2,4,10.0,0.0,2,18,2,44,32,1,50,0.64,0.06788225099390856,72.42
4-13-8-2-42-0,4,13.0,8.0,2,42,0,20,10,2,50,0.64,0.06788225099390856,69.7
5-13-3-2-31-0,5,13.0,3.0,2,31,0,38,10,1,50,0.64,0.06788225099390856,70.3
3-12-2-2-23-2,3,12.0,2.0,2,23,2,41,36,1,50,0.64,0.06788225099390856,65.1
4-14-7-3-39-0,4,14.0,7.0,3,39,0,23,14,1,50,0.64,0.06788225099390856,73.06
5-9-2-3-28-1,5,9.0,2.0,3,28,1,39,21,1,50,0.64,0.06788225099390856,68.3
5-14-2-1-38-0,5,14.0,2.0,1,38,0,7,0,1,50,0.64,0.06788225099390856,69.56
3-14-9-3-36-2,3,14.0,9.0,3,36,2,34,26,1,50,0.64,0.06788225099390856,68.2
5-13-0-2-30-1,5,13.0,0.0,2,30,1,30,21,3,50,0.64,0.06788225099390856,69.9
4-14-5-2-35-2,4,14.0,5.0,2,35,2,52,26,1,50,0.64,0.06788225099390856,70.38
3-14-0-2-17-2,3,14.0,0.0,2,17,2,35,32,1,50,0.64,0.06788225099390856,70.8
3-11-9-2-30-1,3,11.0,9.0,2,30,1,32,25,1,50,0.64,0.06788225099390856,69.06
5-13-0-2-31-1,5,13.0,0.0,2,31,1,21,11,1,50,0.64,0.06788225099390856,67.82
4-13-4-3-37-1,4,13.0,4.0,3,37,1,23,11,2,50,0.64,0.06788225099390856,68.46
3-14-11-2-37-0,3,14.0,11.0,2,37,0,33,24,2,50,0.64,0.06788225099390856,66.7
5-10-0-1-24-1,5,10.0,0.0,1,24,1,38,15,1,50,0.64,0.06788225099390856,69.42
5-14-3-1-40-0,5,14.0,3.0,1,40,0,19,8,1,50,0.64,0.06788225099390856,70.6
4-10-3-3-24-2,4,10.0,3.0,3,24,2,49,26,1,50,0.64,0.06788225099390856,65.28
4-13-7-2-39-0,4,13.0,7.0,2,39,0,24,14,1,50,0.64,0.06788225099390856,68.34
3-12-3-2-24-1,3,12.0,3.0,2,24,1,26,21,1,50,0.64,0.06788225099390856,66.74
3-14-5-2-30-2,3,14.0,5.0,2,30,2,48,32,1,50,0.64,0.06788225099390856,69.92
5-12-2-3-31-1,5,12.0,2.0,3,31,1,40,21,1,50,0.64,0.06788225099390856,70.04
4-14-6-2-40-1,4,14.0,6.0,2,40,1,30,11,1,50,0.64,0.06788225099390856,68.84
3-12-8-2-30-2,3,12.0,8.0,2,30,2,43,36,1,50,0.64,0.06788225099390856,69.26
5-14-5-2-44-0,5,14.0,5.0,2,44,0,29,0,1,50,0.64,0.06788225099390856,70.58
4-13-5-3-38-1,4,13.0,5.0,3,38,1,39,21,1,50,0.64,0.06788225099390856,66.98
5-10-2-2-26-1,5,10.0,2.0,2,26,1,29,21,1,50,0.64,0.06788225099390856,68.56
3-14-8-2-35-0,3,14.0,8.0,2,35,0,26,18,1,50,0.64,0.06788225099390856,70.18
4-14-5-3-39-0,4,14.0,5.0,3,39,0,32,14,2,50,0.64,0.06788225099390856,70.54
4-13-5-3-38-0,4,13.0,5.0,3,38,0,36,18,1,50,0.64,0.06788225099390856,68.54
3-13-9-3-32-1,3,13.0,9.0,3,32,1,32,25,5,50,0.64,0.06788225099390856,68.54
3-14-6-2-27-2,3,14.0,6.0,2,27,2,38,22,1,50,0.64,0.06788225099390856,68.18
4-11-8-2-38-1,4,11.0,8.0,2,38,1,20,11,2,50,0.64,0.06788225099390856,70.8
5-13-5-2-43-0,5,13.0,5.0,2,43,0,42,14,1,50,0.64,0.06788225099390856,72.18
5-13-2-1-38-0,5,13.0,2.0,1,38,0,38,20,2,50,0.64,0.06788225099390856,67.46
4-12-0-2-25-2,4,12.0,0.0,2,25,2,27,22,1,50,0.62,0.06864400920692205,68.48
5-12-4-2-38-0,5,12.0,4.0,2,38,0,32,10,1,50,0.62,0.06864400920692205,68.94
5-12-0-2-32-0,5,12.0,0.0,2,32,0,30,4,1,50,0.62,0.06864400920692205,68.66
3-13-0-3-23-2,3,13.0,0.0,3,23,2,31,26,1,50,0.62,0.06864400920692205,66.5
5-14-0-2-32-0,5,14.0,0.0,2,32,0,20,4,1,50,0.62,0.06864400920692205,69.56
3-12-6-2-26-2,3,12.0,6.0,2,26,2,42,26,1,50,0.62,0.06864400920692205,65.32
3-10-3-2-22-2,3,10.0,3.0,2,22,2,40,36,1,50,0.62,0.06864400920692205,67.16
4-14-3-3-35-0,4,14.0,3.0,3,35,0,30,14,1,50,0.62,0.06864400920692205,67.6
4-8-3-2-20-1,4,8.0,3.0,2,20,1,45,29,1,50,0.62,0.06864400920692205,59.64
4-14-0-2-34-0,4,14.0,0.0,2,34,0,22,14,2,50,0.62,0.06864400920692205,66.82
4-14-5-2-37-0,4,14.0,5.0,2,37,0,45,18,1,50,0.62,0.06864400920692205,67.52
4-11-6-2-35-1,4,11.0,6.0,2,35,1,33,15,1,50,0.62,0.06864400920692205,66.24
4-12-3-2-36-1,4,12.0,3.0,2,36,1,29,21,1,50,0.62,0.06864400920692205,66.46
4-8-0-3-16-1,4,8.0,0.0,3,16,1,48,35,1,50,0.62,0.06864400920692205,64.12
5-10-2-2-33-0,5,10.0,2.0,2,33,0,24,8,1,50,0.62,0.06864400920692205,65.6
5-10-3-1-35-0,5,10.0,3.0,1,35,0,25,8,1,50,0.62,0.06864400920692205,68.0
4-13-4-2-33-1,4,13.0,4.0,2,33,1,31,11,1,50,0.62,0.06864400920692205,68.76
3-13-4-3-25-2,3,13.0,4.0,3,25,2,51,42,2,50,0.62,0.06864400920692205,65.42
4-11-0-2-26-2,4,11.0,0.0,2,26,2,29,22,1,50,0.62,0.06864400920692205,65.12
4-13-0-2-19-2,4,13.0,0.0,2,19,2,33,26,1,50,0.62,0.06864400920692205,64.54
4-14-4-3-40-1,4,14.0,4.0,3,40,1,23,11,1,50,0.62,0.06864400920692205,66.36
4-12-8-2-41-0,4,12.0,8.0,2,41,0,24,14,1,50,0.62,0.06864400920692205,68.5
4-13-0-2-21-1,4,13.0,0.0,2,21,1,38,25,2,50,0.62,0.06864400920692205,65.02
5-14-0-2-24-0,5,14.0,0.0,2,24,0,23,10,1,50,0.62,0.06864400920692205,69.56
5-14-0-1-36-0,5,14.0,0.0,1,36,0,18,10,2,50,0.62,0.06864400920692205,69.9
4-14-6-2-40-0,4,14.0,6.0,2,40,0,27,8,4,50,0.62,0.06864400920692205,65.7
4-13-0-3-30-1,4,13.0,0.0,3,30,1,32,15,1,50,0.62,0.06864400920692205,69.66
5-13-3-2-34-1,5,13.0,3.0,2,34,1,35,15,1,50,0.62,0.06864400920692205,73.38
5-13-2-2-33-1,5,13.0,2.0,2,33,1,37,11,1,50,0.62,0.06864400920692205,69.9
5-9-0-2-28-1,5,9.0,0.0,2,28,1,46,21,1,50,0.62,0.06864400920692205,67.68
4-13-2-2-29-1,4,13.0,2.0,2,29,1,30,21,4,50,0.62,0.06864400920692205,66.62
5-10-0-1-26-1,5,10.0,0.0,1,26,1,34,19,1,50,0.62,0.06864400920692205,64.92
3-13-3-2-23-2,3,13.0,3.0,2,23,2,37,32,1,50,0.62,0.06864400920692205,67.8
5-14-5-2-42-0,5,14.0,5.0,2,42,0,42,14,1,50,0.62,0.06864400920692205,71.04
5-13-2-2-33-0,5,13.0,2.0,2,33,0,11,4,1,50,0.62,0.06864400920692205,64.88
3-12-10-2-33-2,3,12.0,10.0,2,33,2,34,26,1,50,0.62,0.06864400920692205,70.78
5-11-2-2-29-0,5,11.0,2.0,2,29,0,20,4,1,50,0.62,0.06864400920692205,65.06
3-14-10-4-37-0,3,14.0,10.0,4,37,0,18,10,1,50,0.62,0.06864400920692205,68.32
4-13-6-2-40-0,4,13.0,6.0,2,40,0,39,20,2,50,0.62,0.06864400920692205,68.62
5-11-2-1-35-0,5,11.0,2.0,1,35,0,17,10,1,50,0.62,0.06864400920692205,66.84
4-12-3-2-26-1,4,12.0,3.0,2,26,1,55,31,1,50,0.62,0.06864400920692205,67.5
4-14-2-3-34-1,4,14.0,2.0,3,34,1,38,21,1,50,0.62,0.06864400920692205,72.02
5-13-0-1-26-0,5,13.0,0.0,1,26,0,34,10,1,50,0.62,0.06864400920692205,62.08
4-12-3-2-28-1,4,12.0,3.0,2,28,1,40,25,1,50,0.62,0.06864400920692205,67.16
4-12-0-2-19-1,4,12.0,0.0,2,19,1,24,11,2,50,0.62,0.06864400920692205,64.1
5-7-0-3-22-1,5,7.0,0.0,3,22,1,42,15,1,50,0.62,0.06864400920692205,66.84
5-12-3-2-40-0,5,12.0,3.0,2,40,0,28,10,2,50,0.62,0.06864400920692205,68.0
3-11-3-2-24-2,3,11.0,3.0,2,24,2,31,26,1,50,0.62,0.06864400920692205,65.28
5-13-2-2-34-0,5,13.0,2.0,2,34,0,20,4,2,50,0.62,0.06864400920692205,67.54
4-13-6-3-42-1,4,13.0,6.0,3,42,1,45,25,1,50,0.62,0.06864400920692205,68.96
6-7-0-1-22-0,6,7.0,0.0,1,22,0,17,0,1,50,0.62,0.06864400920692205,70.22
4-12-3-3-36-1,4,12.0,3.0,3,36,1,29,21,1,50,0.62,0.06864400920692205,65.98
5-10-0-2-21-1,5,10.0,0.0,2,21,1,24,11,1,50,0.62,0.06864400920692205,68.48
3-14-8-3-34-1,3,14.0,8.0,3,34,1,29,21,2,50,0.62,0.06864400920692205,66.62
3-14-8-2-34-0,3,14.0,8.0,2,34,0,32,24,1,50,0.62,0.06864400920692205,66.98
4-12-0-3-28-1,4,12.0,0.0,3,28,1,38,31,1,50,0.62,0.06864400920692205,63.94
3-14-7-2-32-1,3,14.0,7.0,2,32,1,23,15,1,50,0.62,0.06864400920692205,66.24
5-13-2-2-31-1,5,13.0,2.0,2,31,1,40,21,1,50,0.62,0.06864400920692205,68.58
3-13-8-3-32-0,3,13.0,8.0,3,32,0,22,14,1,50,0.62,0.06864400920692205,64.82
5-9-2-2-29-1,5,9.0,2.0,2,29,1,31,25,1,50,0.62,0.06864400920692205,66.68
3-13-4-2-29-1,3,13.0,4.0,2,29,1,25,15,2,50,0.6,0.06928203230275509,65.98
4-13-4-2-38-0,4,13.0,4.0,2,38,0,12,0,1,50,0.6,0.06928203230275509,68.74
3-13-8-2-31-2,3,13.0,8.0,2,31,2,39,32,1,50,0.6,0.06928203230275509,68.7
4-13-0-3-18-1,4,13.0,0.0,3,18,1,28,25,1,50,0.6,0.06928203230275509,68.02
4-14-8-3-43-0,4,14.0,8.0,3,43,0,24,14,1,50,0.6,0.06928203230275509,64.84
3-13-2-3-19-2,3,13.0,2.0,3,19,2,43,36,1,50,0.6,0.06928203230275509,68.24
4-13-0-2-29-1,4,13.0,0.0,2,29,1,21,11,1,50,0.6,0.06928203230275509,67.8
4-12-4-2-31-1,4,12.0,4.0,2,31,1,31,11,7,50,0.6,0.06928203230275509,71.4
3-11-5-2-26-1,3,11.0,5.0,2,26,1,40,25,2,50,0.6,0.06928203230275509,66.42
5-12-0-2-30-0,5,12.0,0.0,2,30,0,34,14,1,50,0.6,0.06928203230275509,70.86
4-13-0-2-28-0,4,13.0,0.0,2,28,0,20,14,3,50,0.6,0.06928203230275509,62.26
3-14-0-3-25-1,3,14.0,0.0,3,25,1,35,29,1,50,0.6,0.06928203230275509,62.46
4-13-2-4-38-1,4,13.0,2.0,4,38,1,24,15,1,50,0.6,0.06928203230275509,65.6
5-11-4-2-36-0,5,11.0,4.0,2,36,0,40,10,1,50,0.6,0.06928203230275509,70.7
5-12-0-2-26-1,5,12.0,0.0,2,26,1,30,21,1,50,0.6,0.06928203230275509,69.5
5-14-3-2-36-0,5,14.0,3.0,2,36,0,40,14,1,50,0.6,0.06928203230275509,68.4
3-13-2-2-19-1,3,13.0,2.0,2,19,1,28,21,2,50,0.6,0.06928203230275509,62.46
3-11-8-2-28-2,3,11.0,8.0,2,28,2,33,26,1,50,0.6,0.06928203230275509,69.6
5-12-3-2-37-0,5,12.0,3.0,2,37,0,27,0,1,50,0.6,0.06928203230275509,67.28
5-13-3-2-36-0,5,13.0,3.0,2,36,0,26,0,1,50,0.6,0.06928203230275509,63.66
4-11-5-2-34-1,4,11.0,5.0,2,34,1,32,15,1,50,0.6,0.06928203230275509,66.44
3-14-2-4-25-2,3,14.0,2.0,4,25,2,37,32,1,50,0.6,0.06928203230275509,67.54
4-10-3-2-30-1,4,10.0,3.0,2,30,1,17,11,1,50,0.6,0.06928203230275509,69.3
4-14-6-2-36-1,4,14.0,6.0,2,36,1,39,21,1,50,0.6,0.06928203230275509,69.98
5-14-2-1-35-0,5,14.0,2.0,1,35,0,11,4,2,50,0.6,0.06928203230275509,68.44
5-11-0-2-32-1,5,11.0,0.0,2,32,1,36,19,1,50,0.6,0.06928203230275509,69.86
5-10-0-2-28-1,5,10.0,0.0,2,28,1,27,21,2,50,0.6,0.06928203230275509,67.86
4-11-5-2-33-1,4,11.0,5.0,2,33,1,32,15,2,50,0.6,0.06928203230275509,67.04
5-10-2-3-34-0,5,10.0,2.0,3,34,0,27,10,1,50,0.6,0.06928203230275509,68.22
4-13-5-2-36-1,4,13.0,5.0,2,36,1,38,11,2,50,0.6,0.06928203230275509,67.14
3-14-5-2-30-1,3,14.0,5.0,2,30,1,31,15,1,50,0.6,0.06928203230275509,67.0
4-12-2-2-28-1,4,12.0,2.0,2,28,1,30,21,4,50,0.6,0.06928203230275509,69.0
2-14-12-4-26-1,2,14.0,12.0,4,26,1,31,25,2,50,0.6,0.06928203230275509,67.16
4-11-0-2-25-1,4,11.0,0.0,2,25,1,40,25,1,50,0.6,0.06928203230275509,65.62
4-10-2-2-20-1,4,10.0,2.0,2,20,1,33,21,2,50,0.6,0.06928203230275509,59.8
4-14-6-2-43-0,4,14.0,6.0,2,43,0,30,10,1,50,0.6,0.06928203230275509,70.74
4-13-0-3-31-0,4,13.0,0.0,3,31,0,35,18,1,50,0.6,0.06928203230275509,64.2
4-10-2-2-27-2,4,10.0,2.0,2,27,2,37,22,1,50,0.6,0.06928203230275509,65.72
3-14-11-5-37-0,3,14.0,11.0,5,37,0,23,14,1,50,0.6,0.06928203230275509,63.22
5-13-0-3-36-0,5,13.0,0.0,3,36,0,41,14,1,50,0.6,0.06928203230275509,68.42
3-14-0-2-26-2,3,14.0,0.0,2,26,2,32,26,1,50,0.6,0.06928203230275509,69.38
4-14-0-3-34-1,4,14.0,0.0,3,34,1,19,11,2,50,0.6,0.06928203230275509,69.4
5-14-0-1-31-0,5,14.0,0.0,1,31,0,17,8,1,50,0.6,0.06928203230275509,69.12
3-14-9-2-33-0,3,14.0,9.0,2,33,0,27,20,1,50,0.6,0.06928203230275509,63.22
5-11-2-2-35-1,5,11.0,2.0,2,35,1,28,11,2,50,0.6,0.06928203230275509,69.64
2-14-13-2-27-1,2,14.0,13.0,2,27,1,41,35,1,50,0.6,0.06928203230275509,67.62
5-13-0-3-35-0,5,13.0,0.0,3,35,0,41,14,1,50,0.6,0.06928203230275509,67.86
4-12-3-2-25-1,4,12.0,3.0,2,25,1,29,11,1,50,0.6,0.06928203230275509,63.74
3-13-6-3-30-0,3,13.0,6.0,3,30,0,41,24,1,50,0.6,0.06928203230275509,64.36
5-12-0-3-32-1,5,12.0,0.0,3,32,1,18,11,1,50,0.6,0.06928203230275509,66.38
4-13-0-2-25-1,4,13.0,0.0,2,25,1,24,19,2,50,0.6,0.06928203230275509,68.36
4-14-0-2-20-0,4,14.0,0.0,2,20,0,21,14,1,50,0.6,0.06928203230275509,64.34
4-14-0-3-26-1,4,14.0,0.0,3,26,1,16,11,2,50,0.6,0.06928203230275509,64.26
5-11-0-2-32-0,5,11.0,0.0,2,32,0,35,18,1,50,0.6,0.06928203230275509,65.66
4-6-0-2-11-2,4,6.0,0.0,2,11,2,47,36,1,50,0.6,0.06928203230275509,67.8
4-10-3-2-24-1,4,10.0,3.0,2,24,1,33,25,1,50,0.6,0.06928203230275509,65.84
5-12-3-2-31-0,5,12.0,3.0,2,31,0,37,18,1,50,0.6,0.06928203230275509,65.48
4-7-0-3-15-2,4,7.0,0.0,3,15,2,34,22,1,50,0.6,0.06928203230275509,62.8
3-12-7-3-28-2,3,12.0,7.0,3,28,2,37,30,1,50,0.6,0.06928203230275509,66.72
4-12-7-2-39-0,4,12.0,7.0,2,39,0,34,24,3,50,0.6,0.06928203230275509,66.62
5-11-3-2-37-0,5,11.0,3.0,2,37,0,25,14,1,50,0.6,0.06928203230275509,63.74
3-12-3-2-26-2,3,12.0,3.0,2,26,2,36,30,1,50,0.6,0.06928203230275509,67.54
4-12-8-3-40-0,4,12.0,8.0,3,40,0,24,14,1,50,0.6,0.06928203230275509,67.84
3-14-3-2-29-1,3,14.0,3.0,2,29,1,25,19,2,50,0.6,0.06928203230275509,68.2
4-14-3-2-26-1,4,14.0,3.0,2,26,1,48,31,1,50,0.6,0.06928203230275509,70.5
5-13-0-2-24-1,5,13.0,0.0,2,24,1,25,11,1,50,0.6,0.06928203230275509,67.86
5-13-3-2-38-0,5,13.0,3.0,2,38,0,27,10,1,50,0.6,0.06928203230275509,66.38
4-9-4-2-25-1,4,9.0,4.0,2,25,1,33,15,1,50,0.6,0.06928203230275509,63.38
3-12-4-2-27-2,3,12.0,4.0,2,27,2,46,36,2,50,0.6,0.06928203230275509,66.24
3-11-2-3-22-2,3,11.0,2.0,3,22,2,37,32,1,50,0.6,0.06928203230275509,66.86
4-13-8-3-42-0,4,13.0,8.0,3,42,0,14,4,1,50,0.6,0.06928203230275509,67.54
3-14-6-3-33-1,3,14.0,6.0,3,33,1,38,21,1,50,0.6,0.06928203230275509,67.06
4-11-8-3-38-0,4,11.0,8.0,3,38,0,19,10,1,50,0.6,0.06928203230275509,65.94
5-12-3-2-39-0,5,12.0,3.0,2,39,0,18,0,1,50,0.6,0.06928203230275509,64.9
6-13-0-1-34-0,6,13.0,0.0,1,34,0,28,8,1,50,0.6,0.06928203230275509,69.08
5-13-4-1-36-0,5,13.0,4.0,1,36,0,30,0,1,50,0.58,0.06979971346646059,63.78
4-11-4-2-29-1,4,11.0,4.0,2,29,1,30,11,3,50,0.58,0.06979971346646059,61.76
4-14-0-2-19-1,4,14.0,0.0,2,19,1,14,11,1,50,0.58,0.06979971346646059,62.8
4-12-7-2-38-1,4,12.0,7.0,2,38,1,21,11,1,50,0.58,0.06979971346646059,64.74
4-13-4-2-29-1,4,13.0,4.0,2,29,1,44,25,2,50,0.58,0.06979971346646059,65.02
5-12-2-1-30-0,5,12.0,2.0,1,30,0,29,10,1,50,0.58,0.06979971346646059,64.68
4-10-5-2-30-0,4,10.0,5.0,2,30,0,30,14,1,50,0.58,0.06979971346646059,61.06
5-10-0-2-24-1,5,10.0,0.0,2,24,1,19,11,1,50,0.58,0.06979971346646059,65.2
5-13-0-1-25-0,5,13.0,0.0,1,25,0,17,0,1,50,0.58,0.06979971346646059,62.82
4-11-2-3-25-1,4,11.0,2.0,3,25,1,36,31,1,50,0.58,0.06979971346646059,66.0
2-12-10-3-22-2,2,12.0,10.0,3,22,2,35,30,2,50,0.58,0.06979971346646059,67.08
4-9-4-2-28-1,4,9.0,4.0,2,28,1,35,25,2,50,0.58,0.06979971346646059,63.4
3-14-0-3-21-2,3,14.0,0.0,3,21,2,41,36,2,50,0.58,0.06979971346646059,65.42
3-14-2-3-21-1,3,14.0,2.0,3,21,1,24,11,3,50,0.58,0.06979971346646059,60.3
4-13-6-3-36-1,4,13.0,6.0,3,36,1,39,21,3,50,0.58,0.06979971346646059,70.0
5-12-4-2-35-0,5,12.0,4.0,2,35,0,30,0,1,50,0.58,0.06979971346646059,64.66
4-14-3-2-32-0,4,14.0,3.0,2,32,0,15,8,2,50,0.58,0.06979971346646059,67.44
4-13-2-3-32-1,4,13.0,2.0,3,32,1,28,11,1,50,0.58,0.06979971346646059,64.86
5-14-0-2-29-0,5,14.0,0.0,2,29,0,25,10,3,50,0.58,0.06979971346646059,66.98
5-13-0-2-33-0,5,13.0,0.0,2,33,0,21,10,3,50,0.58,0.06979971346646059,66.76
3-11-6-2-25-1,3,11.0,6.0,2,25,1,41,25,1,50,0.58,0.06979971346646059,60.38
3-14-4-2-28-1,3,14.0,4.0,2,28,1,34,25,3,50,0.58,0.06979971346646059,63.78
3-11-2-3-21-1,3,11.0,2.0,3,21,1,36,31,1,50,0.58,0.06979971346646059,64.6
4-12-2-3-33-1,4,12.0,2.0,3,33,1,22,15,1,50,0.58,0.06979971346646059,68.38
3-14-3-2-22-2,3,14.0,3.0,2,22,2,35,22,2,50,0.58,0.06979971346646059,65.4
4-12-2-3-24-1,4,12.0,2.0,3,24,1,30,25,1,50,0.58,0.06979971346646059,61.16
4-9-3-2-27-2,4,9.0,3.0,2,27,2,32,26,1,50,0.58,0.06979971346646059,64.84
5-10-0-2-27-0,5,10.0,0.0,2,27,0,24,10,1,50,0.58,0.06979971346646059,64.04
3-13-4-3-27-1,3,13.0,4.0,3,27,1,44,35,3,50,0.58,0.06979971346646059,61.02
4-10-0-3-23-1,4,10.0,0.0,3,23,1,23,15,1,50,0.58,0.06979971346646059,66.52
5-12-0-2-33-0,5,12.0,0.0,2,33,0,21,10,1,50,0.58,0.06979971346646059,68.1
4-13-3-3-35-1,4,13.0,3.0,3,35,1,27,19,1,50,0.58,0.06979971346646059,69.58
4-11-0-3-17-1,4,11.0,0.0,3,17,1,18,11,2,50,0.58,0.06979971346646059,61.14
4-14-4-3-34-0,4,14.0,4.0,3,34,0,19,8,1,50,0.58,0.06979971346646059,66.24
4-14-3-2-33-0,4,14.0,3.0,2,33,0,24,8,6,50,0.58,0.06979971346646059,66.36
3-13-8-2-32-1,3,13.0,8.0,2,32,1,33,25,1,50,0.58,0.06979971346646059,68.76
5-9-3-1-31-0,5,9.0,3.0,1,31,0,25,0,1,50,0.58,0.06979971346646059,65.42
4-11-3-3-33-0,4,11.0,3.0,3,33,0,17,10,1,50,0.58,0.06979971346646059,62.92
5-11-2-3-35-0,5,11.0,2.0,3,35,0,28,10,1,50,0.58,0.06979971346646059,64.78
4-13-5-2-37-0,4,13.0,5.0,2,37,0,17,0,2,50,0.58,0.06979971346646059,64.94
5-12-0-2-31-1,5,12.0,0.0,2,31,1,37,21,1,50,0.58,0.06979971346646059,67.28
5-11-2-2-35-0,5,11.0,2.0,2,35,0,21,10,2,50,0.58,0.06979971346646059,64.94
3-14-11-2-38-3,3,14.0,11.0,2,38,3,46,37,1,50,0.58,0.06979971346646059,67.14
4-13-4-2-34-3,4,13.0,4.0,2,34,3,53,33,1,50,0.58,0.06979971346646059,66.44
4-12-0-2-17-2,4,12.0,0.0,2,17,2,25,22,1,50,0.58,0.06979971346646059,63.08
4-13-4-3-31-1,4,13.0,4.0,3,31,1,31,11,1,50,0.58,0.06979971346646059,59.94
5-12-3-2-33-0,5,12.0,3.0,2,33,0,19,0,1,50,0.58,0.06979971346646059,65.32
2-14-8-3-22-2,2,14.0,8.0,3,22,2,51,46,1,50,0.58,0.06979971346646059,67.46
4-14-5-3-43-0,4,14.0,5.0,3,43,0,33,14,1,50,0.58,0.06979971346646059,69.46
5-14-0-2-25-0,5,14.0,0.0,2,25,0,18,4,2,50,0.58,0.06979971346646059,66.34
4-7-2-2-18-1,4,7.0,2.0,2,18,1,34,21,1,50,0.58,0.06979971346646059,64.36
4-13-6-2-38-0,4,13.0,6.0,2,38,0,26,8,1,50,0.58,0.06979971346646059,65.82
3-14-3-3-28-0,3,14.0,3.0,3,28,0,26,20,1,50,0.58,0.06979971346646059,63.54
4-12-2-3-31-1,4,12.0,2.0,3,31,1,32,25,2,50,0.58,0.06979971346646059,65.66
5-9-4-3-31-1,5,9.0,4.0,3,31,1,44,15,1,50,0.58,0.06979971346646059,65.96
4-11-2-3-24-1,4,11.0,2.0,3,24,1,44,35,1,50,0.58,0.06979971346646059,64.74
5-12-0-1-30-0,5,12.0,0.0,1,30,0,10,0,1,50,0.58,0.06979971346646059,63.34
5-9-4-2-34-0,5,9.0,4.0,2,34,0,41,20,1,50,0.58,0.06979971346646059,69.76
3-14-4-2-23-2,3,14.0,4.0,2,23,2,49,32,2,50,0.58,0.06979971346646059,64.7
3-9-3-3-16-2,3,9.0,3.0,3,16,2,42,36,1,50,0.58,0.06979971346646059,61.14
3-13-4-2-25-1,3,13.0,4.0,2,25,1,50,41,2,50,0.58,0.06979971346646059,60.54
6-9-0-1-30-0,6,9.0,0.0,1,30,0,19,0,1,50,0.58,0.06979971346646059,67.06
3-14-3-3-30-1,3,14.0,3.0,3,30,1,25,19,1,50,0.58,0.06979971346646059,66.56
3-14-2-2-27-0,3,14.0,2.0,2,27,0,36,30,1,50,0.58,0.06979971346646059,61.2
4-14-0-3-32-0,4,14.0,0.0,3,32,0,24,8,1,50,0.58,0.06979971346646059,65.68
4-10-2-3-27-1,4,10.0,2.0,3,27,1,21,15,2,50,0.58,0.06979971346646059,63.04
3-11-0-2-16-1,3,11.0,0.0,2,16,1,48,35,1,50,0.56,0.07019971509913697,63.54
3-12-2-2-20-2,3,12.0,2.0,2,20,2,40,26,1,50,0.56,0.07019971509913697,64.5
4-13-0-3-27-1,4,13.0,0.0,3,27,1,36,21,3,50,0.56,0.07019971509913697,64.96
4-14-2-4-27-0,4,14.0,2.0,4,27,0,34,10,1,50,0.56,0.07019971509913697,58.28
4-14-0-3-29-1,4,14.0,0.0,3,29,1,18,11,1,50,0.56,0.07019971509913697,66.86
3-12-7-3-29-2,3,12.0,7.0,3,29,2,33,26,1,50,0.56,0.07019971509913697,64.4
5-12-3-1-34-0,5,12.0,3.0,1,34,0,30,4,1,50,0.56,0.07019971509913697,65.76
4-11-3-2-31-1,4,11.0,3.0,2,31,1,22,15,1,50,0.56,0.07019971509913697,64.66
3-13-9-2-33-0,3,13.0,9.0,2,33,0,16,8,2,50,0.56,0.07019971509913697,61.38
2-13-3-2-16-2,2,13.0,3.0,2,16,2,35,32,1,50,0.56,0.07019971509913697,61.66
3-14-6-2-33-1,3,14.0,6.0,2,33,1,36,19,3,50,0.56,0.07019971509913697,68.18
5-10-4-2-34-1,5,10.0,4.0,2,34,1,35,15,1,50,0.56,0.07019971509913697,67.08
4-14-2-2-26-1,4,14.0,2.0,2,26,1,20,15,1,50,0.56,0.07019971509913697,65.72
4-14-4-3-30-1,4,14.0,4.0,3,30,1,44,25,1,50,0.56,0.07019971509913697,63.26
4-14-5-3-36-1,4,14.0,5.0,3,36,1,32,15,2,50,0.56,0.07019971509913697,65.02
3-14-2-2-23-2,3,14.0,2.0,2,23,2,27,22,3,50,0.56,0.07019971509913697,64.86
5-10-2-2-30-0,5,10.0,2.0,2,30,0,28,10,3,50,0.56,0.07019971509913697,63.58
3-5-0-4-7-2,3,5.0,0.0,4,7,2,42,32,1,50,0.56,0.07019971509913697,57.86
5-11-0-2-29-1,5,11.0,0.0,2,29,1,40,21,1,50,0.56,0.07019971509913697,68.92
3-12-0-3-20-2,3,12.0,0.0,3,20,2,31,26,1,50,0.56,0.07019971509913697,64.34
3-14-6-3-33-0,3,14.0,6.0,3,33,0,31,14,1,50,0.56,0.07019971509913697,65.42
3-8-0-2-11-2,3,8.0,0.0,2,11,2,38,36,1,50,0.56,0.07019971509913697,62.04
3-14-7-2-30-2,3,14.0,7.0,2,30,2,29,22,1,50,0.56,0.07019971509913697,64.14
5-11-3-3-33-0,5,11.0,3.0,3,33,0,20,0,1,50,0.56,0.07019971509913697,64.16
3-12-8-3-29-2,3,12.0,8.0,3,29,2,33,26,1,50,0.56,0.07019971509913697,66.44
5-13-4-2-41-0,5,13.0,4.0,2,41,0,25,4,1,50,0.56,0.07019971509913697,66.62
3-12-7-3-27-2,3,12.0,7.0,3,27,2,47,40,1,50,0.56,0.07019971509913697,66.88
3-13-2-3-22-2,3,13.0,2.0,3,22,2,51,46,1,50,0.56,0.07019971509913697,66.76
5-11-3-2-33-0,5,11.0,3.0,2,33,0,26,0,1,50,0.56,0.07019971509913697,67.84
4-8-0-2-17-2,4,8.0,0.0,2,17,2,26,22,1,50,0.56,0.07019971509913697,63.48
5-11-2-2-32-1,5,11.0,2.0,2,32,1,37,11,1,50,0.56,0.07019971509913697,66.98
3-13-3-3-23-2,3,13.0,3.0,3,23,2,27,22,1,50,0.56,0.07019971509913697,64.34
4-10-2-2-22-1,4,10.0,2.0,2,22,1,36,19,1,50,0.56,0.07019971509913697,59.16
4-10-4-2-30-0,4,10.0,4.0,2,30,0,34,24,2,50,0.56,0.07019971509913697,62.32
4-7-3-2-21-1,4,7.0,3.0,2,21,1,38,15,2,50,0.56,0.07019971509913697,61.34
3-9-2-3-18-2,3,9.0,2.0,3,18,2,40,36,1,50,0.56,0.07019971509913697,66.32
4-14-4-2-37-0,4,14.0,4.0,2,37,0,39,18,1,50,0.56,0.07019971509913697,65.22
4-13-7-3-38-0,4,13.0,7.0,3,38,0,23,14,1,50,0.56,0.07019971509913697,63.1
4-14-5-2-35-1,4,14.0,5.0,2,35,1,38,21,1,50,0.56,0.07019971509913697,66.1
4-11-6-2-36-0,4,11.0,6.0,2,36,0,26,8,1,50,0.56,0.07019971509913697,60.66
3-13-10-3-34-1,3,13.0,10.0,3,34,1,47,39,1,50,0.56,0.07019971509913697,67.4
5-11-0-2-30-0,5,11.0,0.0,2,30,0,30,10,2,50,0.56,0.07019971509913697,62.94
3-13-5-2-28-1,3,13.0,5.0,2,28,1,44,29,1,50,0.56,0.07019971509913697,66.28
3-10-5-2-23-1,3,10.0,5.0,2,23,1,35,21,2,50,0.56,0.07019971509913697,61.28
4-12-2-4-33-0,4,12.0,2.0,4,33,0,21,14,1,50,0.56,0.07019971509913697,61.22
5-11-4-1-35-0,5,11.0,4.0,1,35,0,34,4,1,50,0.56,0.07019971509913697,63.6
5-13-2-1-28-0,5,13.0,2.0,1,28,0,22,4,1,50,0.56,0.07019971509913697,60.1
4-9-3-2-23-2,4,9.0,3.0,2,23,2,49,26,1,50,0.56,0.07019971509913697,61.32
3-14-5-2-26-0,3,14.0,5.0,2,26,0,35,20,1,50,0.56,0.07019971509913697,63.82
4-10-0-2-16-1,4,10.0,0.0,2,16,1,27,21,1,50,0.56,0.07019971509913697,62.74
4-13-5-3-35-1,4,13.0,5.0,3,35,1,46,29,1,50,0.56,0.07019971509913697,61.8
4-12-0-2-21-1,4,12.0,0.0,2,21,1,36,31,2,50,0.56,0.07019971509913697,65.18
4-14-3-2-28-1,4,14.0,3.0,2,28,1,30,21,1,50,0.56,0.07019971509913697,64.94
3-14-3-2-25-2,3,14.0,3.0,2,25,2,41,36,1,50,0.56,0.07019971509913697,68.22
5-11-4-2-37-0,5,11.0,4.0,2,37,0,21,0,1,50,0.56,0.07019971509913697,62.38
3-13-0-2-23-1,3,13.0,0.0,2,23,1,40,35,2,50,0.56,0.07019971509913697,67.1
3-14-5-4-28-1,3,14.0,5.0,4,28,1,36,21,1,50,0.56,0.07019971509913697,63.44
4-12-3-3-32-0,4,12.0,3.0,3,32,0,27,10,1,50,0.56,0.07019971509913697,63.22
4-14-0-3-26-0,4,14.0,0.0,3,26,0,33,18,1,50,0.56,0.07019971509913697,61.22
2-14-12-3-26-1,2,14.0,12.0,3,26,1,37,31,3,50,0.56,0.07019971509913697,60.14
3-10-5-4-23-2,3,10.0,5.0,4,23,2,46,32,1,50,0.56,0.07019971509913697,65.32
3-14-4-2-31-0,3,14.0,4.0,2,31,0,14,4,1,50,0.56,0.07019971509913697,63.84
3-14-11-4-37-1,3,14.0,11.0,4,37,1,30,21,1,50,0.56,0.07019971509913697,67.24
5-12-2-2-37-0,5,12.0,2.0,2,37,0,18,10,3,50,0.56,0.07019971509913697,66.08
5-13-0-3-22-0,5,13.0,0.0,3,22,0,21,14,1,50,0.56,0.07019971509913697,64.7
3-13-0-3-21-2,3,13.0,0.0,3,21,2,31,26,1,50,0.56,0.07019971509913697,60.28
3-12-3-3-25-1,3,12.0,3.0,3,25,1,30,25,2,50,0.56,0.07019971509913697,64.88
3-14-6-3-32-0,3,14.0,6.0,3,32,0,41,24,2,50,0.56,0.07019971509913697,63.5
5-9-2-1-28-0,5,9.0,2.0,1,28,0,22,4,1,50,0.56,0.07019971509913697,63.3
4-10-2-2-21-2,4,10.0,2.0,2,21,2,45,32,1,50,0.56,0.07019971509913697,63.82
2-10-8-3-18-2,2,10.0,8.0,3,18,2,30,26,2,50,0.56,0.07019971509913697,61.9
3-14-7-3-31-1,3,14.0,7.0,3,31,1,26,19,1,50,0.56,0.07019971509913697,62.1
3-12-9-2-31-0,3,12.0,9.0,2,31,0,27,20,2,50,0.56,0.07019971509913697,64.88
3-13-2-4-24-1,3,13.0,2.0,4,24,1,30,25,1,50,0.56,0.07019971509913697,64.0
3-14-4-3-29-2,3,14.0,4.0,3,29,2,46,36,1,50,0.56,0.07019971509913697,66.34
3-12-4-2-27-0,3,12.0,4.0,2,27,0,24,14,2,50,0.56,0.07019971509913697,63.42
4-11-2-3-27-2,4,11.0,2.0,3,27,2,41,26,1,50,0.56,0.07019971509913697,64.88
3-12-2-3-21-2,3,12.0,2.0,3,21,2,35,30,1,50,0.56,0.07019971509913697,59.28
3-14-4-3-28-1,3,14.0,4.0,3,28,1,44,35,3,50,0.56,0.07019971509913697,62.32
3-10-0-2-19-2,3,10.0,0.0,2,19,2,36,32,1,50,0.56,0.07019971509913697,65.7
5-10-2-2-29-0,5,10.0,2.0,2,29,0,32,14,1,50,0.56,0.07019971509913697,60.86
3-10-4-2-23-2,3,10.0,4.0,2,23,2,40,32,1,50,0.56,0.07019971509913697,65.68
3-13-2-2-25-1,3,13.0,2.0,2,25,1,26,21,1,50,0.56,0.07019971509913697,61.12
3-14-0-2-18-2,3,14.0,0.0,2,18,2,47,40,2,50,0.56,0.07019971509913697,61.8
4-12-0-3-32-0,4,12.0,0.0,3,32,0,8,0,1,50,0.56,0.07019971509913697,63.26
3-13-5-2-30-1,3,13.0,5.0,2,30,1,37,21,1,50,0.56,0.07019971509913697,64.76
3-14-7-3-33-0,3,14.0,7.0,3,33,0,22,14,1,50,0.56,0.07019971509913697,65.98
4-10-0-2-25-2,4,10.0,0.0,2,25,2,47,32,1,50,0.56,0.07019971509913697,65.66
3-13-3-3-28-1,3,13.0,3.0,3,28,1,37,31,1,50,0.56,0.07019971509913697,63.38
4-8-2-3-23-1,4,8.0,2.0,3,23,1,40,25,1,50,0.56,0.07019971509913697,66.32
4-11-4-2-28-1,4,11.0,4.0,2,28,1,45,25,1,50,0.56,0.07019971509913697,62.62
3-11-0-3-21-1,3,11.0,0.0,3,21,1,26,21,1,50,0.56,0.07019971509913697,64.76
4-13-0-2-23-1,4,13.0,0.0,2,23,1,33,15,1,50,0.56,0.07019971509913697,63.48
3-14-7-3-30-2,3,14.0,7.0,3,30,2,29,22,1,50,0.54,0.07048404074682439,67.48
2-13-8-4-21-2,2,13.0,8.0,4,21,2,37,32,1,50,0.54,0.07048404074682439,60.84
3-14-3-2-25-1,3,14.0,3.0,2,25,1,40,35,1,50,0.54,0.07048404074682439,68.34
4-13-3-3-32-0,4,13.0,3.0,3,32,0,21,14,1,50,0.54,0.07048404074682439,58.72
5-11-0-2-20-0,5,11.0,0.0,2,20,0,21,14,1,50,0.54,0.07048404074682439,60.94
3-10-3-2-17-2,3,10.0,3.0,2,17,2,32,26,1,50,0.54,0.07048404074682439,62.38
4-11-6-2-32-1,4,11.0,6.0,2,32,1,39,21,1,50,0.54,0.07048404074682439,61.6
3-8-2-2-17-1,3,8.0,2.0,2,17,1,19,15,1,50,0.54,0.07048404074682439,65.0
3-11-8-3-29-1,3,11.0,8.0,3,29,1,26,19,1,50,0.54,0.07048404074682439,63.48
3-13-5-4-25-1,3,13.0,5.0,4,25,1,36,21,1,50,0.54,0.07048404074682439,64.96
5-9-0-2-22-1,5,9.0,0.0,2,22,1,34,11,1,50,0.54,0.07048404074682439,64.88
4-13-4-3-35-1,4,13.0,4.0,3,35,1,42,21,2,50,0.54,0.07048404074682439,67.9
3-11-7-3-28-0,3,11.0,7.0,3,28,0,21,14,1,50,0.54,0.07048404074682439,63.54
5-9-0-1-22-0,5,9.0,0.0,1,22,0,33,10,1,50,0.54,0.07048404074682439,63.42
3-9-0-3-15-2,3,9.0,0.0,3,15,2,45,32,1,50,0.54,0.07048404074682439,56.26
3-14-0-2-19-1,3,14.0,0.0,2,19,1,34,21,1,50,0.54,0.07048404074682439,61.66
5-12-0-2-35-0,5,12.0,0.0,2,35,0,28,10,1,50,0.54,0.07048404074682439,65.14
3-13-11-3-36-0,3,13.0,11.0,3,36,0,13,4,2,50,0.54,0.07048404074682439,63.9
3-11-8-3-29-0,3,11.0,8.0,3,29,0,31,24,1,50,0.54,0.07048404074682439,64.04
4-10-0-4-23-1,4,10.0,0.0,4,23,1,29,21,1,50,0.54,0.07048404074682439,61.72
3-11-5-2-26-2,3,11.0,5.0,2,26,2,41,26,1,50,0.54,0.07048404074682439,61.76
3-10-6-2-23-2,3,10.0,6.0,2,23,2,51,36,1,50,0.54,0.07048404074682439,63.02
4-11-2-2-31-1,4,11.0,2.0,2,31,1,22,15,2,50,0.54,0.07048404074682439,62.12
4-12-0-3-28-0,4,12.0,0.0,3,28,0,30,14,2,50,0.54,0.07048404074682439,58.82
3-14-9-2-36-0,3,14.0,9.0,2,36,0,26,18,1,50,0.54,0.07048404074682439,66.52
3-13-10-2-34-0,3,13.0,10.0,2,34,0,32,24,1,50,0.54,0.07048404074682439,64.96
3-13-3-2-27-1,3,13.0,3.0,2,27,1,37,31,1,50,0.54,0.07048404074682439,67.04
4-12-2-2-30-1,4,12.0,2.0,2,30,1,41,25,1,50,0.54,0.07048404074682439,63.22
3-13-0-2-18-2,3,13.0,0.0,2,18,2,45,32,1,50,0.54,0.07048404074682439,65.84
3-10-3-2-20-2,3,10.0,3.0,2,20,2,40,36,1,50,0.54,0.07048404074682439,67.52
5-9-0-2-24-0,5,9.0,0.0,2,24,0,35,8,2,50,0.54,0.07048404074682439,61.18
3-12-3-2-21-2,3,12.0,3.0,2,21,2,46,32,1,50,0.54,0.07048404074682439,63.18
5-11-0-2-23-0,5,11.0,0.0,2,23,0,9,4,1,50,0.54,0.07048404074682439,63.96
4-14-0-2-26-1,4,14.0,0.0,2,26,1,24,15,1,50,0.54,0.07048404074682439,61.92
5-10-0-2-28-0,5,10.0,0.0,2,28,0,19,0,1,50,0.54,0.07048404074682439,61.76
4-11-7-3-35-1,4,11.0,7.0,3,35,1,20,11,1,50,0.54,0.07048404074682439,65.52
3-14-7-2-33-0,3,14.0,7.0,2,33,0,22,14,2,50,0.54,0.07048404074682439,63.18
5-11-0-2-29-0,5,11.0,0.0,2,29,0,11,4,1,50,0.54,0.07048404074682439,60.4
3-11-5-2-24-1,3,11.0,5.0,2,24,1,36,21,2,50,0.54,0.07048404074682439,64.62
4-11-2-2-23-0,4,11.0,2.0,2,23,0,38,20,2,50,0.54,0.07048404074682439,61.48
4-12-2-2-29-1,4,12.0,2.0,2,29,1,26,11,1,50,0.54,0.07048404074682439,66.1
4-9-5-2-27-1,4,9.0,5.0,2,27,1,40,15,1,50,0.54,0.07048404074682439,63.64
4-12-7-2-36-0,4,12.0,7.0,2,36,0,17,8,1,50,0.54,0.07048404074682439,64.02
4-14-2-3-28-0,4,14.0,2.0,3,28,0,15,10,1,50,0.54,0.07048404074682439,63.22
4-10-5-3-29-2,4,10.0,5.0,3,29,2,47,22,1,50,0.54,0.07048404074682439,61.98
3-13-9-3-33-0,3,13.0,9.0,3,33,0,22,14,1,50,0.54,0.07048404074682439,62.56
4-11-3-2-31-0,4,11.0,3.0,2,31,0,17,10,2,50,0.54,0.07048404074682439,61.36
4-14-3-2-38-0,4,14.0,3.0,2,38,0,18,10,1,50,0.54,0.07048404074682439,63.02
6-8-2-1-29-0,6,8.0,2.0,1,29,0,22,4,1,50,0.54,0.07048404074682439,64.44
4-14-0-3-30-1,4,14.0,0.0,3,30,1,31,15,1,50,0.54,0.07048404074682439,68.92
4-12-5-3-31-0,4,12.0,5.0,3,31,0,36,10,1,50,0.54,0.07048404074682439,60.52
4-12-0-2-23-2,4,12.0,0.0,2,23,2,46,22,1,50,0.54,0.07048404074682439,64.88
4-12-5-3-31-1,4,12.0,5.0,3,31,1,51,25,1,50,0.54,0.07048404074682439,62.44
3-14-4-3-25-2,3,14.0,4.0,3,25,2,41,32,1,50,0.54,0.07048404074682439,63.16
5-11-0-2-28-0,5,11.0,0.0,2,28,0,40,20,1,50,0.54,0.07048404074682439,61.2
5-10-0-1-31-0,5,10.0,0.0,1,31,0,24,14,1,50,0.54,0.07048404074682439,62.32
3-11-2-2-23-2,3,11.0,2.0,2,23,2,31,26,1,50,0.54,0.07048404074682439,62.42
4-11-5-4-32-1,4,11.0,5.0,4,32,1,41,15,1,50,0.54,0.07048404074682439,58.86
4-9-0-2-20-1,4,9.0,0.0,2,20,1,48,25,2,50,0.54,0.07048404074682439,60.32
4-14-5-2-37-1,4,14.0,5.0,2,37,1,32,15,1,50,0.54,0.07048404074682439,62.86
3-10-0-2-19-1,3,10.0,0.0,2,19,1,25,21,5,50,0.54,0.07048404074682439,58.92
4-13-0-2-31-1,4,13.0,0.0,2,31,1,32,25,1,50,0.54,0.07048404074682439,64.82
3-9-3-2-20-2,3,9.0,3.0,2,20,2,30,26,1,50,0.54,0.07048404074682439,64.72
4-9-2-2-18-1,4,9.0,2.0,2,18,1,25,19,2,50,0.54,0.07048404074682439,62.38
5-13-3-2-35-0,5,13.0,3.0,2,35,0,11,0,1,50,0.54,0.07048404074682439,66.66
3-12-3-3-26-1,3,12.0,3.0,3,26,1,25,19,1,50,0.54,0.07048404074682439,63.02
5-10-2-2-27-1,5,10.0,2.0,2,27,1,25,11,1,50,0.54,0.07048404074682439,65.76
5-10-5-2-36-0,5,10.0,5.0,2,36,0,37,10,1,50,0.54,0.07048404074682439,66.9
4-12-0-3-25-1,4,12.0,0.0,3,25,1,31,15,1,50,0.54,0.07048404074682439,61.08
4-11-5-2-29-1,4,11.0,5.0,2,29,1,41,15,3,50,0.54,0.07048404074682439,63.66
3-13-8-2-31-0,3,13.0,8.0,2,31,0,17,10,2,50,0.54,0.07048404074682439,61.48
5-13-0-2-32-0,5,13.0,0.0,2,32,0,11,0,1,50,0.54,0.07048404074682439,64.6
3-14-4-2-30-1,3,14.0,4.0,2,30,1,29,19,1,50,0.54,0.07048404074682439,67.74
4-10-5-2-29-1,4,10.0,5.0,2,29,1,46,21,1,50,0.54,0.07048404074682439,63.82
5-9-3-2-28-0,5,9.0,3.0,2,28,0,38,20,1,50,0.54,0.07048404074682439,62.68
5-7-0-1-22-0,5,7.0,0.0,1,22,0,37,10,1,50,0.54,0.07048404074682439,64.0
3-8-3-2-17-2,3,8.0,3.0,2,17,2,35,22,2,50,0.54,0.07048404074682439,63.76
5-14-0-1-23-0,5,14.0,0.0,1,23,0,17,10,1,50,0.54,0.07048404074682439,62.74
4-13-3-2-35-0,4,13.0,3.0,2,35,0,25,18,2,50,0.54,0.07048404074682439,62.16
3-13-3-3-25-1,3,13.0,3.0,3,25,1,30,25,3,50,0.54,0.07048404074682439,64.28
3-14-3-3-29-1,3,14.0,3.0,3,29,1,37,31,1,50,0.54,0.07048404074682439,63.7
4-10-2-2-28-1,4,10.0,2.0,2,28,1,17,11,1,50,0.54,0.07048404074682439,60.6
3-13-5-2-28-2,3,13.0,5.0,2,28,2,47,32,2,50,0.54,0.07048404074682439,66.96
4-14-0-2-21-1,4,14.0,0.0,2,21,1,28,21,2,50,0.54,0.07048404074682439,64.76
4-11-2-2-26-2,4,11.0,2.0,2,26,2,37,22,1,50,0.54,0.07048404074682439,65.56
5-12-0-2-38-0,5,12.0,0.0,2,38,0,19,10,1,50,0.54,0.07048404074682439,66.4
5-12-3-1-32-0,5,12.0,3.0,1,32,0,34,14,1,50,0.54,0.07048404074682439,64.32
4-14-3-3-32-0,4,14.0,3.0,3,32,0,31,24,1,50,0.54,0.07048404074682439,64.2
4-13-4-3-35-0,4,13.0,4.0,3,35,0,12,0,2,50,0.54,0.07048404074682439,62.38
2-14-11-2-25-1,2,14.0,11.0,2,25,1,17,11,2,50,0.54,0.07048404074682439,64.96
4-8-2-2-21-2,4,8.0,2.0,2,21,2,30,22,1,50,0.54,0.07048404074682439,63.18
3-9-2-2-17-2,3,9.0,2.0,2,17,2,45,32,1,50,0.54,0.07048404074682439,64.72
3-14-2-2-27-1,3,14.0,2.0,2,27,1,21,15,2,50,0.54,0.07048404074682439,60.76
4-13-4-2-36-0,4,13.0,4.0,2,36,0,26,14,1,50,0.54,0.07048404074682439,66.56
3-11-0-2-18-2,3,11.0,0.0,2,18,2,31,26,1,50,0.54,0.07048404074682439,62.8
4-12-2-2-29-0,4,12.0,2.0,2,29,0,27,20,1,50,0.54,0.07048404074682439,67.38
4-13-4-3-32-1,4,13.0,4.0,3,32,1,31,11,2,50,0.54,0.07048404074682439,63.84
3-13-5-3-28-1,3,13.0,5.0,3,28,1,46,31,1,50,0.52,0.07065408693062278,66.12
3-13-5-3-25-2,3,13.0,5.0,3,25,2,37,22,2,50,0.52,0.07065408693062278,59.02
4-8-0-2-17-1,4,8.0,0.0,2,17,1,24,11,1,50,0.52,0.07065408693062278,57.24
3-14-2-2-28-1,3,14.0,2.0,2,28,1,17,11,2,50,0.52,0.07065408693062278,64.12
5-13-3-1-36-0,5,13.0,3.0,1,36,0,17,0,1,50,0.52,0.07065408693062278,63.58
5-8-0-1-19-1,5,8.0,0.0,1,19,1,34,21,1,50,0.52,0.07065408693062278,64.6
4-8-0-2-15-1,4,8.0,0.0,2,15,1,31,19,2,50,0.52,0.07065408693062278,62.0
3-10-0-3-13-2,3,10.0,0.0,3,13,2,32,30,1,50,0.52,0.07065408693062278,61.9
3-11-4-4-25-2,3,11.0,4.0,4,25,2,45,36,1,50,0.52,0.07065408693062278,65.24
4-14-2-3-32-0,4,14.0,2.0,3,32,0,20,4,2,50,0.52,0.07065408693062278,62.56
3-13-3-3-23-1,3,13.0,3.0,3,23,1,36,31,1,50,0.52,0.07065408693062278,60.64
4-14-0-2-30-0,4,14.0,0.0,2,30,0,18,8,4,50,0.52,0.07065408693062278,63.32
4-8-5-2-26-1,4,8.0,5.0,2,26,1,36,11,2,50,0.52,0.07065408693062278,59.46
4-13-2-3-27-0,4,13.0,2.0,3,27,0,29,14,1,50,0.52,0.07065408693062278,60.78
3-14-9-2-34-0,3,14.0,9.0,2,34,0,32,24,2,50,0.52,0.07065408693062278,64.38
5-12-0-2-24-1,5,12.0,0.0,2,24,1,20,15,1,50,0.52,0.07065408693062278,64.38
5-11-3-3-35-0,5,11.0,3.0,3,35,0,21,4,1,50,0.52,0.07065408693062278,62.48
3-13-3-4-24-1,3,13.0,3.0,4,24,1,40,35,1,50,0.52,0.07065408693062278,62.1
3-10-0-3-16-2,3,10.0,0.0,3,16,2,39,26,1,50,0.52,0.07065408693062278,58.8
3-12-3-3-24-0,3,12.0,3.0,3,24,0,5,0,1,50,0.52,0.07065408693062278,56.74
4-12-0-4-28-0,4,12.0,0.0,4,28,0,21,14,1,50,0.52,0.07065408693062278,60.0
4-11-0-4-19-1,4,11.0,0.0,4,19,1,29,15,1,50,0.52,0.07065408693062278,58.84
4-9-3-2-27-1,4,9.0,3.0,2,27,1,37,31,1,50,0.52,0.07065408693062278,63.16
4-14-4-2-34-0,4,14.0,4.0,2,34,0,44,24,2,50,0.52,0.07065408693062278,59.16
4-11-3-2-24-1,4,11.0,3.0,2,24,1,39,21,1,50,0.52,0.07065408693062278,61.14
3-6-0-2-10-2,3,6.0,0.0,2,10,2,41,26,1,50,0.52,0.07065408693062278,58.4
3-12-0-3-22-1,3,12.0,0.0,3,22,1,30,25,1,50,0.52,0.07065408693062278,61.14
3-14-3-3-23-1,3,14.0,3.0,3,23,1,35,21,1,50,0.52,0.07065408693062278,62.06
4-13-0-3-30-0,4,13.0,0.0,3,30,0,30,14,1,50,0.52,0.07065408693062278,64.7
4-10-0-2-24-0,4,10.0,0.0,2,24,0,28,14,2,50,0.52,0.07065408693062278,59.38
3-13-6-3-28-1,3,13.0,6.0,3,28,1,47,31,1,50,0.52,0.07065408693062278,62.24
3-14-6-2-30-1,3,14.0,6.0,2,30,1,47,31,1,50,0.52,0.07065408693062278,65.44
5-9-0-2-21-0,5,9.0,0.0,2,21,0,14,10,1,50,0.52,0.07065408693062278,62.64
3-11-4-3-24-2,3,11.0,4.0,3,24,2,39,30,1,50,0.52,0.07065408693062278,61.5
6-8-0-2-25-0,6,8.0,0.0,2,25,0,24,10,1,50,0.52,0.07065408693062278,63.4
5-12-2-3-35-0,5,12.0,2.0,3,35,0,18,10,2,50,0.52,0.07065408693062278,65.86
3-12-9-3-31-0,3,12.0,9.0,3,31,0,15,8,1,50,0.52,0.07065408693062278,62.0
3-11-9-3-30-1,3,11.0,9.0,3,30,1,26,19,1,50,0.52,0.07065408693062278,59.98
3-14-3-2-26-0,3,14.0,3.0,2,26,0,13,8,1,50,0.52,0.07065408693062278,63.5
4-8-2-2-23-1,4,8.0,2.0,2,23,1,30,15,1,50,0.52,0.07065408693062278,57.92
3-14-6-2-30-2,3,14.0,6.0,2,30,2,38,22,1,50,0.52,0.07065408693062278,62.18
3-10-0-2-13-2,3,10.0,0.0,2,13,2,34,32,1,50,0.52,0.07065408693062278,62.98
4-11-4-3-34-0,4,11.0,4.0,3,34,0,15,4,1,50,0.52,0.07065408693062278,62.3
4-11-3-3-31-0,4,11.0,3.0,3,31,0,21,14,1,50,0.52,0.07065408693062278,61.58
4-12-4-3-31-1,4,12.0,4.0,3,31,1,30,11,2,50,0.52,0.07065408693062278,60.1
4-10-0-3-21-1,4,10.0,0.0,3,21,1,19,15,2,50,0.52,0.07065408693062278,61.5
4-11-3-2-29-0,4,11.0,3.0,2,29,0,34,18,1,50,0.52,0.07065408693062278,57.88
4-13-3-2-30-0,4,13.0,3.0,2,30,0,29,14,2,50,0.52,0.07065408693062278,56.42
3-13-3-3-27-1,3,13.0,3.0,3,27,1,31,25,1,50,0.52,0.07065408693062278,62.12
4-12-5-2-31-1,4,12.0,5.0,2,31,1,47,21,1,50,0.52,0.07065408693062278,62.48
3-9-0-3-11-2,3,9.0,0.0,3,11,2,34,32,1,50,0.52,0.07065408693062278,63.44
4-10-4-2-29-0,4,10.0,4.0,2,29,0,14,4,1,50,0.52,0.07065408693062278,59.98
2-11-2-2-13-2,2,11.0,2.0,2,13,2,25,22,1,50,0.52,0.07065408693062278,60.72
4-12-2-2-27-1,4,12.0,2.0,2,27,1,36,21,1,50,0.52,0.07065408693062278,62.3
3-14-2-2-19-0,3,14.0,2.0,2,19,0,11,8,1,50,0.52,0.07065408693062278,62.84
3-10-2-2-19-2,3,10.0,2.0,2,19,2,36,32,1,50,0.52,0.07065408693062278,63.82
4-14-2-2-27-0,4,14.0,2.0,2,27,0,52,28,2,50,0.52,0.07065408693062278,58.04
4-9-4-2-24-1,4,9.0,4.0,2,24,1,48,21,1,50,0.52,0.07065408693062278,64.3
3-11-2-4-16-1,3,11.0,2.0,4,16,1,18,15,1,50,0.52,0.07065408693062278,59.74
3-13-5-2-24-1,3,13.0,5.0,2,24,1,59,35,1,50,0.52,0.07065408693062278,61.38
4-10-4-2-29-2,4,10.0,4.0,2,29,2,51,32,1,50,0.52,0.07065408693062278,62.96
2-12-4-2-16-2,2,12.0,4.0,2,16,2,33,26,1,50,0.52,0.07065408693062278,63.42
3-10-3-2-21-2,3,10.0,3.0,2,21,2,40,36,1,50,0.52,0.07065408693062278,64.32
4-13-4-2-33-0,4,13.0,4.0,2,33,0,20,0,1,50,0.52,0.07065408693062278,63.06
3-7-4-2-17-2,3,7.0,4.0,2,17,2,49,32,1,50,0.52,0.07065408693062278,59.98
4-11-2-3-29-1,4,11.0,2.0,3,29,1,32,25,2,50,0.52,0.07065408693062278,60.28
5-8-0-1-21-1,5,8.0,0.0,1,21,1,28,11,1,50,0.52,0.07065408693062278,60.32
4-9-4-4-26-1,4,9.0,4.0,4,26,1,39,21,1,50,0.52,0.07065408693062278,60.68
4-12-0-2-20-1,4,12.0,0.0,2,20,1,39,25,1,50,0.52,0.07065408693062278,62.08
5-12-3-2-38-0,5,12.0,3.0,2,38,0,18,0,1,50,0.52,0.07065408693062278,63.06
3-13-5-4-29-2,3,13.0,5.0,4,29,2,42,26,1,50,0.52,0.07065408693062278,62.66
2-13-3-3-16-2,2,13.0,3.0,3,16,2,43,40,1,50,0.52,0.07065408693062278,59.48
4-11-6-3-36-0,4,11.0,6.0,3,36,0,28,10,1,50,0.52,0.07065408693062278,60.96
4-8-0-2-18-2,4,8.0,0.0,2,18,2,40,36,1,50,0.52,0.07065408693062278,63.8
4-10-4-3-25-2,4,10.0,4.0,3,25,2,49,22,1,50,0.52,0.07065408693062278,61.74
3-11-2-2-23-1,3,11.0,2.0,2,23,1,40,35,2,50,0.52,0.07065408693062278,61.54
4-13-4-2-29-0,4,13.0,4.0,2,29,0,33,14,1,50,0.52,0.07065408693062278,62.6
3-7-3-3-16-2,3,7.0,3.0,3,16,2,49,36,1,50,0.52,0.07065408693062278,62.12
3-11-3-2-19-1,3,11.0,3.0,2,19,1,28,15,1,50,0.52,0.07065408693062278,58.34
3-12-2-2-21-2,3,12.0,2.0,2,21,2,41,36,1,50,0.52,0.07065408693062278,65.76
3-14-8-3-33-0,3,14.0,8.0,3,33,0,18,10,1,50,0.52,0.07065408693062278,59.94
3-14-4-3-27-1,3,14.0,4.0,3,27,1,34,25,2,50,0.52,0.07065408693062278,60.32
2-10-4-3-14-2,2,10.0,4.0,3,14,2,42,36,1,50,0.52,0.07065408693062278,56.8
4-11-2-3-30-1,4,11.0,2.0,3,30,1,18,11,1,50,0.52,0.07065408693062278,59.4
4-10-2-2-23-1,4,10.0,2.0,2,23,1,19,15,2,50,0.52,0.07065408693062278,57.98
3-14-9-2-35-0,3,14.0,9.0,2,35,0,8,0,1,50,0.52,0.07065408693062278,62.34
4-13-2-2-30-0,4,13.0,2.0,2,30,0,26,10,2,50,0.52,0.07065408693062278,62.14
4-14-6-2-38-0,4,14.0,6.0,2,38,0,19,0,2,50,0.52,0.07065408693062278,66.12
4-7-0-3-13-1,4,7.0,0.0,3,13,1,31,25,1,50,0.52,0.07065408693062278,59.36
3-13-3-4-23-0,3,13.0,3.0,4,23,0,19,14,1,50,0.52,0.07065408693062278,61.16
4-11-3-3-26-1,4,11.0,3.0,3,26,1,40,25,1,50,0.52,0.07065408693062278,63.9
2-6-2-2-8-2,2,6.0,2.0,2,8,2,37,26,1,50,0.5,0.07071067811865475,55.12
3-14-8-3-32-1,3,14.0,8.0,3,32,1,32,25,2,50,0.5,0.07071067811865475,64.44
3-8-0-3-13-2,3,8.0,0.0,3,13,2,44,32,1,50,0.5,0.07071067811865475,63.4
5-9-0-2-23-1,5,9.0,0.0,2,23,1,19,11,1,50,0.5,0.07071067811865475,59.0
4-14-6-3-38-0,4,14.0,6.0,3,38,0,26,8,1,50,0.5,0.07071067811865475,63.42
4-10-3-3-29-1,4,10.0,3.0,3,29,1,17,11,1,50,0.5,0.07071067811865475,62.3
4-8-4-2-24-0,4,8.0,4.0,2,24,0,42,24,1,50,0.5,0.07071067811865475,56.76
2-14-2-3-16-2,2,14.0,2.0,3,16,2,35,32,2,50,0.5,0.07071067811865475,60.8
3-12-2-2-17-2,3,12.0,2.0,2,17,2,25,22,1,50,0.5,0.07071067811865475,59.38
3-13-7-4-31-1,3,13.0,7.0,4,31,1,43,35,1,50,0.5,0.07071067811865475,62.28
4-13-0-3-23-1,4,13.0,0.0,3,23,1,30,25,1,50,0.5,0.07071067811865475,60.6
3-12-2-2-23-1,3,12.0,2.0,2,23,1,16,11,1,50,0.5,0.07071067811865475,58.74
4-9-3-3-21-1,4,9.0,3.0,3,21,1,41,25,1,50,0.5,0.07071067811865475,61.44
3-14-8-2-32-1,3,14.0,8.0,2,32,1,26,19,1,50,0.5,0.07071067811865475,64.1
4-14-5-3-35-0,4,14.0,5.0,3,35,0,30,4,1,50,0.5,0.07071067811865475,61.12
3-14-5-4-28-0,3,14.0,5.0,4,28,0,29,14,1,50,0.5,0.07071067811865475,57.04
3-13-5-3-29-0,3,13.0,5.0,3,29,0,44,28,1,50,0.5,0.07071067811865475,63.14
5-13-0-1-28-0,5,13.0,0.0,1,28,0,29,24,1,50,0.5,0.07071067811865475,61.72
3-13-7-3-32-1,3,13.0,7.0,3,32,1,29,21,2,50,0.5,0.07071067811865475,64.22
3-12-0-3-23-1,3,12.0,0.0,3,23,1,31,25,2,50,0.5,0.07071067811865475,59.66
3-10-8-2-27-1,3,10.0,8.0,2,27,1,31,25,1,50,0.5,0.07071067811865475,59.2
2-13-5-4-18-2,2,13.0,5.0,4,18,2,49,36,1,50,0.5,0.07071067811865475,56.6
4-14-3-2-29-0,4,14.0,3.0,2,29,0,29,20,2,50,0.5,0.07071067811865475,62.14
5-11-4-1-36-0,5,11.0,4.0,1,36,0,34,4,1,50,0.5,0.07071067811865475,60.98
5-10-3-2-33-0,5,10.0,3.0,2,33,0,16,0,1,50,0.5,0.07071067811865475,61.84
4-9-3-3-23-1,4,9.0,3.0,3,23,1,44,21,1,50,0.5,0.07071067811865475,56.82
3-12-9-3-32-2,3,12.0,9.0,3,32,2,44,36,1,50,0.5,0.07071067811865475,68.62
4-6-0-3-12-1,4,6.0,0.0,3,12,1,40,25,1,50,0.5,0.07071067811865475,58.76
3-12-6-3-25-1,3,12.0,6.0,3,25,1,31,15,1,50,0.5,0.07071067811865475,57.54
3-11-9-3-30-0,3,11.0,9.0,3,30,0,21,14,3,50,0.5,0.07071067811865475,57.54
4-12-6-2-37-0,4,12.0,6.0,2,37,0,33,14,1,50,0.5,0.07071067811865475,58.5
3-14-2-2-21-1,3,14.0,2.0,2,21,1,28,15,1,50,0.5,0.07071067811865475,60.24
3-14-8-2-33-1,3,14.0,8.0,2,33,1,23,15,1,50,0.5,0.07071067811865475,61.58
3-14-6-2-32-0,3,14.0,6.0,2,32,0,25,8,1,50,0.5,0.07071067811865475,61.52
2-12-11-2-23-1,2,12.0,11.0,2,23,1,27,21,1,50,0.5,0.07071067811865475,54.9
4-10-4-2-30-1,4,10.0,4.0,2,30,1,21,11,1,50,0.5,0.07071067811865475,61.2
3-13-7-2-29-0,3,13.0,7.0,2,29,0,31,24,1,50,0.5,0.07071067811865475,61.84
4-11-6-2-35-0,4,11.0,6.0,2,35,0,32,14,1,50,0.5,0.07071067811865475,63.36
3-9-5-2-21-2,3,9.0,5.0,2,21,2,36,22,1,50,0.5,0.07071067811865475,59.82
3-12-4-3-24-2,3,12.0,4.0,3,24,2,39,30,1,50,0.5,0.07071067811865475,62.34
3-14-7-3-30-1,3,14.0,7.0,3,30,1,32,25,4,50,0.5,0.07071067811865475,57.32
3-12-5-4-25-0,3,12.0,5.0,4,25,0,39,24,1,50,0.5,0.07071067811865475,60.72
2-8-4-3-12-2,2,8.0,4.0,3,12,2,38,32,2,50,0.5,0.07071067811865475,57.1
4-8-3-2-23-1,4,8.0,3.0,2,23,1,29,15,2,50,0.5,0.07071067811865475,62.2
4-11-0-3-25-1,4,11.0,0.0,3,25,1,20,11,1,50,0.5,0.07071067811865475,59.9
3-14-2-2-24-1,3,14.0,2.0,2,24,1,36,31,1,50,0.5,0.07071067811865475,62.94
3-13-5-2-30-0,3,13.0,5.0,2,30,0,30,14,2,50,0.5,0.07071067811865475,58.26
3-12-3-2-22-0,3,12.0,3.0,2,22,0,13,8,1,50,0.5,0.07071067811865475,55.34
3-12-7-2-30-1,3,12.0,7.0,2,30,1,23,15,1,50,0.5,0.07071067811865475,61.68
3-6-3-2-13-2,3,6.0,3.0,2,13,2,67,52,1,50,0.5,0.07071067811865475,62.12
4-11-0-4-22-1,4,11.0,0.0,4,22,1,26,21,2,50,0.5,0.07071067811865475,60.64
4-12-4-3-29-0,4,12.0,4.0,3,29,0,27,8,1,50,0.5,0.07071067811865475,58.72
3-12-4-2-27-1,3,12.0,4.0,2,27,1,25,15,1,50,0.5,0.07071067811865475,62.44
5-12-2-1-32-0,5,12.0,2.0,1,32,0,17,10,1,50,0.5,0.07071067811865475,63.94
2-13-3-4-16-1,2,13.0,3.0,4,16,1,28,25,2,50,0.5,0.07071067811865475,60.12
4-13-0-2-20-0,4,13.0,0.0,2,20,0,13,0,1,50,0.5,0.07071067811865475,57.68
4-8-0-3-19-1,4,8.0,0.0,3,19,1,58,35,1,50,0.5,0.07071067811865475,63.1
4-12-0-3-21-1,4,12.0,0.0,3,21,1,20,15,3,50,0.5,0.07071067811865475,57.7
3-12-6-2-29-1,3,12.0,6.0,2,29,1,32,15,2,50,0.5,0.07071067811865475,56.76
4-11-0-3-30-1,4,11.0,0.0,3,30,1,26,19,1,50,0.5,0.07071067811865475,60.7
3-5-0-3-9-2,3,5.0,0.0,3,9,2,50,36,1,50,0.5,0.07071067811865475,56.72
3-12-4-2-26-1,3,12.0,4.0,2,26,1,20,11,1,50,0.5,0.07071067811865475,60.92
4-11-2-2-25-0,4,11.0,2.0,2,25,0,23,18,1,50,0.5,0.07071067811865475,61.74
5-7-0-3-21-1,5,7.0,0.0,3,21,1,34,11,1,50,0.5,0.07071067811865475,61.62
3-14-3-2-29-0,3,14.0,3.0,2,29,0,20,14,1,50,0.5,0.07071067811865475,62.04
4-12-2-3-26-0,4,12.0,2.0,3,26,0,23,14,1,50,0.5,0.07071067811865475,61.54
4-8-0-2-20-1,4,8.0,0.0,2,20,1,35,21,1,50,0.5,0.07071067811865475,61.76
2-13-8-2-21-0,2,13.0,8.0,2,21,0,29,24,1,50,0.5,0.07071067811865475,57.58
3-11-5-2-22-1,3,11.0,5.0,2,22,1,45,21,3,50,0.5,0.07071067811865475,60.58
4-13-0-3-26-0,4,13.0,0.0,3,26,0,25,10,2,50,0.5,0.07071067811865475,60.98
4-11-7-2-36-0,4,11.0,7.0,2,36,0,29,20,2,50,0.5,0.07071067811865475,60.74
3-9-0-3-17-1,3,9.0,0.0,3,17,1,29,25,1,50,0.5,0.07071067811865475,57.18
3-13-7-2-28-0,3,13.0,7.0,2,28,0,17,10,1,50,0.5,0.07071067811865475,57.56
4-11-5-3-29-1,4,11.0,5.0,3,29,1,41,15,1,50,0.5,0.07071067811865475,58.6
4-11-0-2-23-0,4,11.0,0.0,2,23,0,39,24,2,50,0.5,0.07071067811865475,59.78
3-12-8-3-29-0,3,12.0,8.0,3,29,0,25,18,1,50,0.5,0.07071067811865475,59.4
4-12-2-2-31-0,4,12.0,2.0,2,31,0,25,8,1,50,0.5,0.07071067811865475,60.76
3-12-8-3-30-2,3,12.0,8.0,3,30,2,29,22,1,50,0.5,0.07071067811865475,61.42
4-13-3-3-31-0,4,13.0,3.0,3,31,0,17,10,2,50,0.5,0.07071067811865475,60.56
2-12-6-3-18-2,2,12.0,6.0,3,18,2,46,32,1,50,0.5,0.07071067811865475,63.22
4-14-4-2-32-0,4,14.0,4.0,2,32,0,24,4,2,50,0.5,0.07071067811865475,64.46
3-12-0-3-20-1,3,12.0,0.0,3,20,1,46,41,1,50,0.5,0.07071067811865475,64.8
3-11-8-3-28-2,3,11.0,8.0,3,28,2,29,22,1,50,0.5,0.07071067811865475,59.58
3-13-6-3-29-0,3,13.0,6.0,3,29,0,30,14,1,50,0.5,0.07071067811865475,58.28
4-10-0-2-18-0,4,10.0,0.0,2,18,0,12,0,2,50,0.5,0.07071067811865475,61.18
4-11-6-2-33-0,4,11.0,6.0,2,33,0,36,18,1,50,0.5,0.07071067811865475,59.18
4-12-0-3-24-1,4,12.0,0.0,3,24,1,30,25,1,50,0.5,0.07071067811865475,62.86
4-10-3-2-30-0,4,10.0,3.0,2,30,0,30,24,1,50,0.5,0.07071067811865475,56.94
3-10-2-2-21-1,3,10.0,2.0,2,21,1,29,25,1,50,0.5,0.07071067811865475,57.64
4-14-0-2-28-0,4,14.0,0.0,2,28,0,10,4,6,50,0.5,0.07071067811865475,60.36
3-11-4-3-23-2,3,11.0,4.0,3,23,2,35,26,1,50,0.5,0.07071067811865475,61.62
4-13-5-3-34-1,4,13.0,5.0,3,34,1,47,21,1,50,0.5,0.07071067811865475,63.58
4-10-3-3-29-0,4,10.0,3.0,3,29,0,20,14,1,50,0.5,0.07071067811865475,60.84
3-12-0-2-22-0,3,12.0,0.0,2,22,0,19,14,1,50,0.5,0.07071067811865475,60.82
3-7-3-3-16-0,3,7.0,3.0,3,16,0,21,8,1,50,0.5,0.07071067811865475,52.52
3-14-0-2-17-1,3,14.0,0.0,2,17,1,24,21,1,50,0.5,0.07071067811865475,62.44
3-9-3-3-19-2,3,9.0,3.0,3,19,2,30,26,1,50,0.5,0.07071067811865475,60.84
4-10-0-2-23-1,4,10.0,0.0,2,23,1,29,21,2,50,0.5,0.07071067811865475,60.58
3-14-0-2-16-0,3,14.0,0.0,2,16,0,17,14,1,50,0.5,0.07071067811865475,61.08
3-12-8-3-31-1,3,12.0,8.0,3,31,1,23,15,2,50,0.5,0.07071067811865475,63.64
4-13-2-2-35-0,4,13.0,2.0,2,35,0,22,14,2,50,0.5,0.07071067811865475,64.16
2-11-10-4-21-2,2,11.0,10.0,4,21,2,31,26,1,50,0.5,0.07071067811865475,58.84
3-12-4-2-23-2,3,12.0,4.0,2,23,2,35,26,1,50,0.5,0.07071067811865475,61.8
3-12-2-3-20-2,3,12.0,2.0,3,20,2,50,36,1,50,0.5,0.07071067811865475,60.14
4-10-2-3-25-1,4,10.0,2.0,3,25,1,25,11,1,50,0.5,0.07071067811865475,56.56
3-11-4-3-22-2,3,11.0,4.0,3,22,2,41,32,1,50,0.5,0.07071067811865475,64.12
3-12-7-3-30-2,3,12.0,7.0,3,30,2,34,26,1,50,0.48,0.07065408693062278,57.6
3-9-4-2-20-1,3,9.0,4.0,2,20,1,19,11,2,50,0.48,0.07065408693062278,58.0
3-12-5-3-27-0,3,12.0,5.0,3,27,0,25,10,1,50,0.48,0.07065408693062278,54.58
3-12-4-3-24-1,3,12.0,4.0,3,24,1,30,21,1,50,0.48,0.07065408693062278,56.58
4-13-2-3-28-0,4,13.0,2.0,3,28,0,26,10,1,50,0.48,0.07065408693062278,57.62
4-12-0-2-30-0,4,12.0,0.0,2,30,0,21,14,2,50,0.48,0.07065408693062278,63.36
3-11-4-3-20-2,3,11.0,4.0,3,20,2,49,32,1,50,0.48,0.07065408693062278,59.44
3-14-5-2-28-1,3,14.0,5.0,2,28,1,46,31,4,50,0.48,0.07065408693062278,58.94
3-14-2-3-22-0,3,14.0,2.0,3,22,0,28,14,2,50,0.48,0.07065408693062278,56.18
2-10-0-3-10-2,2,10.0,0.0,3,10,2,38,36,1,50,0.48,0.07065408693062278,60.7
3-14-0-3-26-0,3,14.0,0.0,3,26,0,20,14,1,50,0.48,0.07065408693062278,60.46
4-13-3-2-34-1,4,13.0,3.0,2,34,1,22,15,2,50,0.48,0.07065408693062278,60.56
4-10-0-2-17-1,4,10.0,0.0,2,17,1,27,15,1,50,0.48,0.07065408693062278,57.56
4-11-4-2-31-0,4,11.0,4.0,2,31,0,31,20,2,50,0.48,0.07065408693062278,58.94
4-10-2-2-25-1,4,10.0,2.0,2,25,1,29,15,1,50,0.48,0.07065408693062278,60.1
4-12-0-3-25-0,4,12.0,0.0,3,25,0,9,4,2,50,0.48,0.07065408693062278,63.8
2-13-5-2-18-1,2,13.0,5.0,2,18,1,34,21,2,50,0.48,0.07065408693062278,57.86
4-14-2-2-30-1,4,14.0,2.0,2,30,1,46,31,5,50,0.48,0.07065408693062278,64.3
4-12-3-2-29-1,4,12.0,3.0,2,29,1,34,25,1,50,0.48,0.07065408693062278,60.76
4-12-6-2-36-0,4,12.0,6.0,2,36,0,18,0,2,50,0.48,0.07065408693062278,64.04
3-13-0-2-21-2,3,13.0,0.0,2,21,2,27,22,1,50,0.48,0.07065408693062278,61.7
3-14-5-2-26-1,3,14.0,5.0,2,26,1,30,15,1,50,0.48,0.07065408693062278,57.58
4-14-0-3-28-1,4,14.0,0.0,3,28,1,38,29,3,50,0.48,0.07065408693062278,61.36
4-11-4-2-32-0,4,11.0,4.0,2,32,0,11,0,2,50,0.48,0.07065408693062278,56.04
3-14-5-2-31-0,3,14.0,5.0,2,31,0,20,4,2,50,0.48,0.07065408693062278,57.78
4-9-2-3-23-1,4,9.0,2.0,3,23,1,35,21,1,50,0.48,0.07065408693062278,57.96
3-11-8-3-28-0,3,11.0,8.0,3,28,0,15,8,1,50,0.48,0.07065408693062278,57.1
2-12-7-3-19-2,2,12.0,7.0,3,19,2,41,36,2,50,0.48,0.07065408693062278,58.46
4-9-5-3-29-1,4,9.0,5.0,3,29,1,31,15,2,50,0.48,0.07065408693062278,60.48
4-8-0-3-16-2,4,8.0,0.0,3,16,2,39,26,1,50,0.48,0.07065408693062278,59.92
4-13-3-2-30-1,4,13.0,3.0,2,30,1,31,15,3,50,0.48,0.07065408693062278,59.92
4-13-3-3-30-1,4,13.0,3.0,3,30,1,26,11,2,50,0.48,0.07065408693062278,58.58
3-10-2-3-17-1,3,10.0,2.0,3,17,1,27,15,2,50,0.48,0.07065408693062278,57.74
2-14-5-2-19-1,2,14.0,5.0,2,19,1,38,25,2,50,0.48,0.07065408693062278,56.6
4-12-4-3-31-0,4,12.0,4.0,3,31,0,30,10,1,50,0.48,0.07065408693062278,57.98
4-8-0-2-15-2,4,8.0,0.0,2,15,2,34,22,1,50,0.48,0.07065408693062278,61.92
5-10-0-1-29-0,5,10.0,0.0,1,29,0,29,4,1,50,0.48,0.07065408693062278,56.82
3-13-8-2-33-1,3,13.0,8.0,2,33,1,19,11,1,50,0.48,0.07065408693062278,63.88
4-13-2-3-26-0,4,13.0,2.0,3,26,0,44,20,1,50,0.48,0.07065408693062278,58.04
5-10-3-3-30-0,5,10.0,3.0,3,30,0,28,10,1,50,0.48,0.07065408693062278,60.54
3-14-2-2-26-1,3,14.0,2.0,2,26,1,30,25,1,50,0.48,0.07065408693062278,59.1
3-14-7-3-31-0,3,14.0,7.0,3,31,0,27,20,1,50,0.48,0.07065408693062278,57.54
5-10-0-3-24-0,5,10.0,0.0,3,24,0,28,14,1,50,0.48,0.07065408693062278,58.9
2-11-6-4-17-2,2,11.0,6.0,4,17,2,56,42,1,50,0.48,0.07065408693062278,58.34
4-11-6-3-34-0,4,11.0,6.0,3,34,0,22,4,1,50,0.48,0.07065408693062278,54.86
2-14-4-2-18-0,2,14.0,4.0,2,18,0,25,18,1,50,0.48,0.07065408693062278,57.16
4-12-0-4-24-0,4,12.0,0.0,4,24,0,19,14,1,50,0.48,0.07065408693062278,57.76
2-11-0-5-11-2,2,11.0,0.0,5,11,2,35,32,1,50,0.48,0.07065408693062278,53.78
4-7-0-2-18-0,4,7.0,0.0,2,18,0,33,10,1,50,0.48,0.07065408693062278,54.48
3-13-6-3-31-0,3,13.0,6.0,3,31,0,21,4,1,50,0.48,0.07065408693062278,58.8
4-12-2-2-33-0,4,12.0,2.0,2,33,0,12,4,1,50,0.48,0.07065408693062278,61.44
3-13-0-3-16-0,3,13.0,0.0,3,16,0,21,18,1,50,0.48,0.07065408693062278,55.94
2-10-9-2-19-2,2,10.0,9.0,2,19,2,40,36,1,50,0.48,0.07065408693062278,55.08
4-9-2-3-20-1,4,9.0,2.0,3,20,1,37,21,1,50,0.48,0.07065408693062278,59.84
3-13-0-3-15-2,3,13.0,0.0,3,15,2,29,26,1,50,0.48,0.07065408693062278,59.12
4-11-2-2-29-0,4,11.0,2.0,2,29,0,30,14,1,50,0.48,0.07065408693062278,61.18
3-11-0-2-21-2,3,11.0,0.0,2,21,2,41,36,1,50,0.48,0.07065408693062278,58.58
3-13-2-2-27-1,3,13.0,2.0,2,27,1,21,15,2,50,0.48,0.07065408693062278,63.22
3-10-0-2-17-2,3,10.0,0.0,2,17,2,36,32,1,50,0.48,0.07065408693062278,60.22
4-10-0-3-25-1,4,10.0,0.0,3,25,1,21,15,1,50,0.48,0.07065408693062278,60.1
3-10-0-3-17-2,3,10.0,0.0,3,17,2,26,22,1,50,0.48,0.07065408693062278,58.78
4-14-2-3-30-1,4,14.0,2.0,3,30,1,26,11,1,50,0.48,0.07065408693062278,59.5
5-8-0-2-24-0,5,8.0,0.0,2,24,0,29,14,1,50,0.48,0.07065408693062278,61.82
4-10-5-2-28-1,4,10.0,5.0,2,28,1,46,21,1,50,0.48,0.07065408693062278,63.14
4-9-2-2-24-1,4,9.0,2.0,2,24,1,39,25,3,50,0.48,0.07065408693062278,60.72
4-11-4-3-33-0,4,11.0,4.0,3,33,0,21,10,1,50,0.48,0.07065408693062278,56.2
4-10-2-3-24-1,4,10.0,2.0,3,24,1,33,25,2,50,0.48,0.07065408693062278,59.28
3-14-3-2-23-1,3,14.0,3.0,2,23,1,29,15,2,50,0.48,0.07065408693062278,59.32
4-11-3-2-28-1,4,11.0,3.0,2,28,1,27,11,2,50,0.48,0.07065408693062278,56.96
3-14-7-4-30-0,3,14.0,7.0,4,30,0,21,14,1,50,0.48,0.07065408693062278,60.48
3-14-2-2-20-1,3,14.0,2.0,2,20,1,28,21,2,50,0.48,0.07065408693062278,61.28
4-14-3-2-37-0,4,14.0,3.0,2,37,0,8,0,1,50,0.48,0.07065408693062278,60.38
4-12-3-2-32-0,4,12.0,3.0,2,32,0,27,10,3,50,0.48,0.07065408693062278,58.14
5-13-0-2-24-0,5,13.0,0.0,2,24,0,14,0,1,50,0.48,0.07065408693062278,62.78
4-10-0-3-20-1,4,10.0,0.0,3,20,1,38,21,1,50,0.48,0.07065408693062278,56.48
6-9-2-1-34-0,6,9.0,2.0,1,34,0,26,10,1,50,0.48,0.07065408693062278,63.58
4-6-3-2-18-0,4,6.0,3.0,2,18,0,45,20,1,50,0.48,0.07065408693062278,55.32
3-13-4-2-28-1,3,13.0,4.0,2,28,1,35,25,1,50,0.48,0.07065408693062278,61.74
3-11-6-2-27-0,3,11.0,6.0,2,27,0,34,18,2,50,0.48,0.07065408693062278,56.82
3-14-3-2-21-1,3,14.0,3.0,2,21,1,42,35,2,50,0.48,0.07065408693062278,61.42
4-11-5-2-32-0,4,11.0,5.0,2,32,0,27,10,1,50,0.48,0.07065408693062278,56.6
3-10-7-3-25-1,3,10.0,7.0,3,25,1,31,25,2,50,0.48,0.07065408693062278,59.64
4-12-0-4-24-1,4,12.0,0.0,4,24,1,20,15,1,50,0.48,0.07065408693062278,57.46
3-10-0-2-12-1,3,10.0,0.0,2,12,1,23,21,1,50,0.48,0.07065408693062278,60.62
3-11-0-2-17-2,3,11.0,0.0,2,17,2,36,22,1,50,0.48,0.07065408693062278,57.18
3-11-2-2-20-1,3,11.0,2.0,2,20,1,30,25,1,50,0.48,0.07065408693062278,57.28
3-13-2-2-26-0,3,13.0,2.0,2,26,0,30,24,1,50,0.48,0.07065408693062278,62.58
3-12-5-3-24-2,3,12.0,5.0,3,24,2,41,26,1,50,0.48,0.07065408693062278,59.54
3-12-8-4-30-1,3,12.0,8.0,4,30,1,22,15,1,50,0.48,0.07065408693062278,55.38
3-12-3-2-26-1,3,12.0,3.0,2,26,1,27,21,1,50,0.48,0.07065408693062278,62.64
4-8-5-3-26-1,4,8.0,5.0,3,26,1,40,15,1,50,0.48,0.07065408693062278,59.44
2-6-3-4-9-2,2,6.0,3.0,4,9,2,53,42,1,50,0.48,0.07065408693062278,61.36
4-9-3-2-25-1,4,9.0,3.0,2,25,1,49,35,2,50,0.48,0.07065408693062278,62.94
3-11-0-3-20-0,3,11.0,0.0,3,20,0,23,18,1,50,0.46,0.07048404074682439,58.16
4-10-4-2-28-0,4,10.0,4.0,2,28,0,23,4,2,50,0.46,0.07048404074682439,58.64
4-10-0-3-19-1,4,10.0,0.0,3,19,1,34,21,1,50,0.46,0.07048404074682439,57.9
3-12-3-3-24-2,3,12.0,3.0,3,24,2,31,26,1,50,0.46,0.07048404074682439,60.98
4-10-3-2-24-0,4,10.0,3.0,2,24,0,27,4,3,50,0.46,0.07048404074682439,56.92
4-14-0-2-23-0,4,14.0,0.0,2,23,0,24,10,3,50,0.46,0.07048404074682439,54.4
4-11-0-2-25-0,4,11.0,0.0,2,25,0,29,14,1,50,0.46,0.07048404074682439,59.0
3-7-3-2-14-2,3,7.0,3.0,2,14,2,36,30,1,50,0.46,0.07048404074682439,59.32
4-13-0-2-26-3,4,13.0,0.0,2,26,3,42,33,2,50,0.46,0.07048404074682439,57.22
4-10-0-3-23-0,4,10.0,0.0,3,23,0,26,18,2,50,0.46,0.07048404074682439,56.62
5-12-0-1-27-0,5,12.0,0.0,1,27,0,15,0,1,50,0.46,0.07048404074682439,58.96
3-13-0-2-22-2,3,13.0,0.0,2,22,2,31,26,1,50,0.46,0.07048404074682439,60.08
4-9-2-2-25-1,4,9.0,2.0,2,25,1,30,15,1,50,0.46,0.07048404074682439,58.98
4-9-2-2-19-1,4,9.0,2.0,2,19,1,37,25,1,50,0.46,0.07048404074682439,58.72
3-11-7-2-28-0,3,11.0,7.0,2,28,0,17,10,1,50,0.46,0.07048404074682439,56.12
3-13-3-2-25-0,3,13.0,3.0,2,25,0,9,4,1,50,0.46,0.07048404074682439,57.18
2-14-9-2-23-0,2,14.0,9.0,2,23,0,29,24,1,50,0.46,0.07048404074682439,56.16
4-12-0-2-22-0,4,12.0,0.0,2,22,0,19,14,5,50,0.46,0.07048404074682439,56.36
4-9-2-2-22-0,4,9.0,2.0,2,22,0,33,10,6,50,0.46,0.07048404074682439,54.2
3-13-3-2-27-2,3,13.0,3.0,2,27,2,28,22,1,50,0.46,0.07048404074682439,58.26
5-11-3-2-35-0,5,11.0,3.0,2,35,0,15,4,2,50,0.46,0.07048404074682439,61.12
2-3-0-2-3-2,2,3.0,0.0,2,3,2,26,26,1,50,0.46,0.07048404074682439,55.3
3-11-7-2-27-0,3,11.0,7.0,2,27,0,31,24,1,50,0.46,0.07048404074682439,53.14
4-9-3-3-27-0,4,9.0,3.0,3,27,0,6,0,1,50,0.46,0.07048404074682439,57.02
3-13-3-2-20-1,3,13.0,3.0,2,20,1,28,21,1,50,0.46,0.07048404074682439,57.54
3-13-0-2-15-1,3,13.0,0.0,2,15,1,24,21,1,50,0.46,0.07048404074682439,61.12
3-14-5-2-29-1,3,14.0,5.0,2,29,1,44,29,1,50,0.46,0.07048404074682439,65.1
3-13-7-2-31-0,3,13.0,7.0,2,31,0,22,14,1,50,0.46,0.07048404074682439,61.32
4-11-3-3-33-1,4,11.0,3.0,3,33,1,22,15,1,50,0.46,0.07048404074682439,57.54
5-11-0-3-32-1,5,11.0,0.0,3,32,1,26,15,1,50,0.46,0.07048404074682439,60.92
5-7-0-2-19-0,5,7.0,0.0,2,19,0,40,24,1,50,0.46,0.07048404074682439,55.36
3-13-8-3-30-1,3,13.0,8.0,3,30,1,22,15,1,50,0.46,0.07048404074682439,60.46
5-11-0-2-31-0,5,11.0,0.0,2,31,0,20,0,4,50,0.46,0.07048404074682439,61.4
3-11-4-3-25-1,3,11.0,4.0,3,25,1,30,21,4,50,0.46,0.07048404074682439,57.4
5-10-3-2-34-0,5,10.0,3.0,2,34,0,20,10,1,50,0.46,0.07048404074682439,60.1
3-12-5-2-27-1,3,12.0,5.0,2,27,1,30,15,2,50,0.46,0.07048404074682439,57.74
2-13-2-3-15-2,2,13.0,2.0,3,15,2,53,50,1,50,0.46,0.07048404074682439,60.14
4-11-2-3-23-1,4,11.0,2.0,3,23,1,26,21,1,50,0.46,0.07048404074682439,55.36
3-13-6-2-28-1,3,13.0,6.0,2,28,1,41,25,1,50,0.46,0.07048404074682439,59.6
3-14-4-2-24-0,3,14.0,4.0,2,24,0,48,30,2,50,0.46,0.07048404074682439,58.98
3-10-6-4-25-1,3,10.0,6.0,4,25,1,36,21,1,50,0.46,0.07048404074682439,57.36
3-5-2-3-10-2,3,5.0,2.0,3,10,2,36,26,1,50,0.46,0.07048404074682439,57.7
4-14-2-3-29-0,4,14.0,2.0,3,29,0,29,14,1,50,0.46,0.07048404074682439,59.66
3-12-0-2-19-1,3,12.0,0.0,2,19,1,30,25,1,50,0.46,0.07048404074682439,61.26
3-13-4-3-24-1,3,13.0,4.0,3,24,1,40,31,1,50,0.46,0.07048404074682439,56.66
4-11-5-4-33-1,4,11.0,5.0,4,33,1,28,11,1,50,0.46,0.07048404074682439,62.38
5-8-2-1-24-0,5,8.0,2.0,1,24,0,23,0,1,50,0.46,0.07048404074682439,59.58
3-13-5-3-30-0,3,13.0,5.0,3,30,0,34,18,1,50,0.46,0.07048404074682439,59.88
3-12-5-4-23-0,3,12.0,5.0,4,23,0,38,14,1,50,0.46,0.07048404074682439,58.16
5-8-0-2-23-0,5,8.0,0.0,2,23,0,29,14,3,50,0.46,0.07048404074682439,61.44
3-13-2-3-23-0,3,13.0,2.0,3,23,0,19,14,1,50,0.46,0.07048404074682439,57.84
3-11-2-3-19-2,3,11.0,2.0,3,19,2,46,32,1,50,0.46,0.07048404074682439,57.86
2-14-9-2-23-1,2,14.0,9.0,2,23,1,24,19,1,50,0.46,0.07048404074682439,58.48
3-14-2-3-22-1,3,14.0,2.0,3,22,1,29,15,1,50,0.46,0.07048404074682439,55.76
3-11-2-3-20-1,3,11.0,2.0,3,20,1,26,21,1,50,0.46,0.07048404074682439,57.96
3-11-8-2-29-0,3,11.0,8.0,2,29,0,17,10,1,50,0.46,0.07048404074682439,56.22
3-11-0-3-20-2,3,11.0,0.0,3,20,2,27,22,2,50,0.46,0.07048404074682439,59.0
3-8-0-3-14-2,3,8.0,0.0,3,14,2,35,22,1,50,0.46,0.07048404074682439,56.88
4-11-2-2-22-0,4,11.0,2.0,2,22,0,34,20,1,50,0.46,0.07048404074682439,56.4
2-7-0-4-7-2,2,7.0,0.0,4,7,2,34,32,1,50,0.46,0.07048404074682439,56.16
4-12-4-3-32-0,4,12.0,4.0,3,32,0,25,14,1,50,0.46,0.07048404074682439,61.54
2-8-6-3-14-2,2,8.0,6.0,3,14,2,45,32,1,50,0.46,0.07048404074682439,59.3
4-11-6-2-32-0,4,11.0,6.0,2,32,0,32,14,1,50,0.46,0.07048404074682439,60.04
3-13-3-2-23-1,3,13.0,3.0,2,23,1,36,31,3,50,0.46,0.07048404074682439,59.92
3-13-3-3-26-1,3,13.0,3.0,3,26,1,20,15,2,50,0.46,0.07048404074682439,58.74
3-13-5-2-27-0,3,13.0,5.0,2,27,0,29,14,1,50,0.46,0.07048404074682439,59.36
3-14-4-2-26-0,3,14.0,4.0,2,26,0,19,10,1,50,0.46,0.07048404074682439,60.64
2-9-0-3-9-2,2,9.0,0.0,3,9,2,34,32,3,50,0.46,0.07048404074682439,59.3
4-9-4-3-24-1,4,9.0,4.0,3,24,1,48,21,1,50,0.46,0.07048404074682439,56.94
3-13-0-3-23-1,3,13.0,0.0,3,23,1,20,15,1,50,0.46,0.07048404074682439,58.62
3-13-5-2-27-1,3,13.0,5.0,2,27,1,40,25,3,50,0.46,0.07048404074682439,59.56
3-5-0-2-9-0,3,5.0,0.0,2,9,0,38,24,1,50,0.46,0.07048404074682439,55.84
3-14-0-2-25-0,3,14.0,0.0,2,25,0,16,10,2,50,0.46,0.07048404074682439,54.72
5-11-0-2-24-0,5,11.0,0.0,2,24,0,5,0,1,50,0.46,0.07048404074682439,58.18
3-14-9-3-35-0,3,14.0,9.0,3,35,0,12,4,1,50,0.46,0.07048404074682439,59.8
3-12-3-3-23-2,3,12.0,3.0,3,23,2,27,22,1,50,0.46,0.07048404074682439,61.36
3-11-7-4-26-1,3,11.0,7.0,4,26,1,28,21,1,50,0.46,0.07048404074682439,59.14
3-13-2-3-26-1,3,13.0,2.0,3,26,1,37,31,1,50,0.46,0.07048404074682439,60.3
5-10-0-1-21-0,5,10.0,0.0,1,21,0,20,4,2,50,0.46,0.07048404074682439,54.2
4-12-0-3-22-1,4,12.0,0.0,3,22,1,16,11,2,50,0.46,0.07048404074682439,57.76
3-13-3-4-21-1,3,13.0,3.0,4,21,1,48,35,1,50,0.46,0.07048404074682439,58.0
3-10-0-4-18-1,3,10.0,0.0,4,18,1,29,25,1,50,0.46,0.07048404074682439,60.5
4-12-8-2-39-0,4,12.0,8.0,2,39,0,19,10,1,50,0.46,0.07048404074682439,59.68
5-12-0-3-29-0,5,12.0,0.0,3,29,0,11,4,2,50,0.46,0.07048404074682439,58.78
3-14-2-4-25-1,3,14.0,2.0,4,25,1,40,35,1,50,0.46,0.07048404074682439,61.66
4-12-5-3-34-0,4,12.0,5.0,3,34,0,25,8,1,50,0.46,0.07048404074682439,60.26
3-13-9-3-34-0,3,13.0,9.0,3,34,0,22,14,2,50,0.46,0.07048404074682439,58.36
4-14-4-3-31-0,4,14.0,4.0,3,31,0,23,4,1,50,0.46,0.07048404074682439,58.08
2-7-2-4-9-2,2,7.0,2.0,4,9,2,38,36,1,50,0.46,0.07048404074682439,53.4
3-13-0-3-22-1,3,13.0,0.0,3,22,1,40,35,1,50,0.44,0.07019971509913699,57.0
4-9-3-2-24-1,4,9.0,3.0,2,24,1,29,15,1,50,0.44,0.07019971509913699,53.8
4-13-0-2-18-0,4,13.0,0.0,2,18,0,27,24,3,50,0.44,0.07019971509913699,58.74
4-14-2-2-23-0,4,14.0,2.0,2,23,0,27,20,1,50,0.44,0.07019971509913699,58.54
3-10-5-3-23-1,3,10.0,5.0,3,23,1,53,39,1,50,0.44,0.07019971509913699,57.66
4-14-3-3-30-0,4,14.0,3.0,3,30,0,19,4,1,50,0.44,0.07019971509913699,59.66
2-6-4-3-10-2,2,6.0,4.0,3,10,2,51,36,2,50,0.44,0.07019971509913699,56.68
4-13-4-2-34-0,4,13.0,4.0,2,34,0,11,0,2,50,0.44,0.07019971509913699,60.28
3-12-2-3-20-1,3,12.0,2.0,3,20,1,35,21,1,50,0.44,0.07019971509913699,56.64
3-14-7-3-29-1,3,14.0,7.0,3,29,1,36,29,1,50,0.44,0.07019971509913699,57.4
4-12-0-2-25-0,4,12.0,0.0,2,25,0,37,22,2,50,0.44,0.07019971509913699,56.88
3-13-7-3-29-1,3,13.0,7.0,3,29,1,32,25,2,50,0.44,0.07019971509913699,57.0
3-9-2-3-16-2,3,9.0,2.0,3,16,2,44,32,1,50,0.44,0.07019971509913699,60.7
2-12-0-3-12-2,2,12.0,0.0,3,12,2,45,42,2,50,0.44,0.07019971509913699,57.94
3-13-0-4-23-0,3,13.0,0.0,4,23,0,9,4,1,50,0.44,0.07019971509913699,57.44
4-13-3-2-29-0,4,13.0,3.0,2,29,0,27,18,1,50,0.44,0.07019971509913699,56.74
3-14-5-3-29-0,3,14.0,5.0,3,29,0,29,14,2,50,0.44,0.07019971509913699,54.82
4-11-4-3-28-0,4,11.0,4.0,3,28,0,33,14,1,50,0.44,0.07019971509913699,56.8
3-14-2-3-20-1,3,14.0,2.0,3,20,1,28,21,1,50,0.44,0.07019971509913699,55.54
4-14-2-3-31-0,4,14.0,2.0,3,31,0,25,10,1,50,0.44,0.07019971509913699,59.7
3-14-10-3-36-0,3,14.0,10.0,3,36,0,12,4,3,50,0.44,0.07019971509913699,61.78
3-13-3-3-24-1,3,13.0,3.0,3,24,1,40,35,1,50,0.44,0.07019971509913699,58.28
3-14-0-3-19-0,3,14.0,0.0,3,19,0,31,18,3,50,0.44,0.07019971509913699,61.2
3-9-0-2-17-0,3,9.0,0.0,2,17,0,24,20,1,50,0.44,0.07019971509913699,58.62
4-6-0-2-13-1,4,6.0,0.0,2,13,1,30,15,1,50,0.44,0.07019971509913699,58.04
2-13-2-4-15-1,2,13.0,2.0,4,15,1,32,29,1,50,0.44,0.07019971509913699,58.2
3-14-8-3-32-0,3,14.0,8.0,3,32,0,15,8,1,50,0.44,0.07019971509913699,61.06
3-11-3-4-22-1,3,11.0,3.0,4,22,1,26,21,2,50,0.44,0.07019971509913699,56.8
4-12-3-3-25-1,4,12.0,3.0,3,25,1,29,11,1,50,0.44,0.07019971509913699,58.56
4-10-2-2-24-1,4,10.0,2.0,2,24,1,25,11,1,50,0.44,0.07019971509913699,58.6
5-13-0-3-29-0,5,13.0,0.0,3,29,0,23,14,1,50,0.44,0.07019971509913699,65.42
3-12-2-3-18-2,3,12.0,2.0,3,18,2,33,26,1,50,0.44,0.07019971509913699,55.64
3-11-3-3-19-1,3,11.0,3.0,3,19,1,34,21,3,50,0.44,0.07019971509913699,57.68
3-14-3-3-23-0,3,14.0,3.0,3,23,0,36,22,3,50,0.44,0.07019971509913699,58.64
3-9-3-3-19-1,3,9.0,3.0,3,19,1,39,35,1,50,0.44,0.07019971509913699,57.02
3-11-3-2-18-2,3,11.0,3.0,2,18,2,29,22,1,50,0.44,0.07019971509913699,56.64
4-11-3-2-30-0,4,11.0,3.0,2,30,0,36,20,1,50,0.44,0.07019971509913699,57.46
2-14-3-2-17-0,2,14.0,3.0,2,17,0,31,28,2,50,0.44,0.07019971509913699,55.62
4-11-2-3-25-0,4,11.0,2.0,3,25,0,25,10,1,50,0.44,0.07019971509913699,54.96
2-14-5-5-19-1,2,14.0,5.0,5,19,1,48,35,1,50,0.44,0.07019971509913699,53.5
3-9-0-4-15-0,3,9.0,0.0,4,15,0,27,14,1,50,0.44,0.07019971509913699,52.48
4-12-4-3-30-0,4,12.0,4.0,3,30,0,33,14,1,50,0.44,0.07019971509913699,55.06
2-6-3-2-9-2,2,6.0,3.0,2,9,2,57,46,1,50,0.44,0.07019971509913699,59.98
2-7-2-3-9-2,2,7.0,2.0,3,9,2,28,26,1,50,0.44,0.07019971509913699,54.74
3-14-3-3-22-2,3,14.0,3.0,3,22,2,39,26,2,50,0.44,0.07019971509913699,58.24
4-11-4-2-28-0,4,11.0,4.0,2,28,0,28,8,1,50,0.44,0.07019971509913699,56.86
2-12-5-3-17-2,2,12.0,5.0,3,17,2,39,26,3,50,0.44,0.07019971509913699,58.32
2-12-5-4-17-1,2,12.0,5.0,4,17,1,28,15,1,50,0.44,0.07019971509913699,52.74
3-12-5-3-28-0,3,12.0,5.0,3,28,0,24,8,2,50,0.44,0.07019971509913699,52.48
5-11-2-2-33-0,5,11.0,2.0,2,33,0,25,18,2,50,0.44,0.07019971509913699,60.54
4-13-5-2-34-0,4,13.0,5.0,2,34,0,37,20,2,50,0.44,0.07019971509913699,58.78
4-9-2-4-24-0,4,9.0,2.0,4,24,0,29,14,1,50,0.44,0.07019971509913699,58.04
3-14-2-3-26-1,3,14.0,2.0,3,26,1,20,15,1,50,0.44,0.07019971509913699,56.12
4-11-3-3-27-0,4,11.0,3.0,3,27,0,25,10,1,50,0.44,0.07019971509913699,57.28
3-9-5-3-21-1,3,9.0,5.0,3,21,1,49,35,1,50,0.44,0.07019971509913699,57.16
3-14-7-4-31-0,3,14.0,7.0,4,31,0,11,4,1,50,0.44,0.07019971509913699,59.0
4-10-0-2-16-0,4,10.0,0.0,2,16,0,20,14,2,50,0.44,0.07019971509913699,57.72
4-11-3-2-27-1,4,11.0,3.0,2,27,1,24,15,3,50,0.44,0.07019971509913699,57.78
5-12-2-2-32-0,5,12.0,2.0,2,32,0,23,8,1,50,0.44,0.07019971509913699,58.58
4-9-2-2-23-1,4,9.0,2.0,2,23,1,29,15,1,50,0.44,0.07019971509913699,57.52
4-10-5-3-31-1,4,10.0,5.0,3,31,1,31,15,1,50,0.44,0.07019971509913699,57.02
4-11-2-2-21-1,4,11.0,2.0,2,21,1,28,15,1,50,0.44,0.07019971509913699,55.5
4-11-0-3-22-1,4,11.0,0.0,3,22,1,35,11,1,50,0.44,0.07019971509913699,57.66
3-8-3-2-17-1,3,8.0,3.0,2,17,1,38,25,1,50,0.44,0.07019971509913699,53.28
3-12-0-3-17-1,3,12.0,0.0,3,17,1,32,19,1,50,0.44,0.07019971509913699,56.04
2-11-5-3-16-2,2,11.0,5.0,3,16,2,39,26,1,50,0.44,0.07019971509913699,53.2
3-10-7-3-26-2,3,10.0,7.0,3,26,2,32,26,1,50,0.44,0.07019971509913699,61.52
4-8-4-3-23-1,4,8.0,4.0,3,23,1,52,25,1,50,0.44,0.07019971509913699,57.74
3-11-2-3-18-1,3,11.0,2.0,3,18,1,34,21,1,50,0.44,0.07019971509913699,58.8
3-14-0-3-19-2,3,14.0,0.0,3,19,2,49,36,1,50,0.44,0.07019971509913699,59.16
4-12-0-3-20-0,4,12.0,0.0,3,20,0,34,20,1,50,0.44,0.07019971509913699,54.5
3-13-7-3-29-0,3,13.0,7.0,3,29,0,35,28,2,50,0.44,0.07019971509913699,60.72
5-10-3-2-32-1,5,10.0,3.0,2,32,1,30,11,1,50,0.44,0.07019971509913699,62.38
3-12-2-2-19-1,3,12.0,2.0,2,19,1,42,29,2,50,0.44,0.07019971509913699,58.98
4-10-4-2-29-1,4,10.0,4.0,2,29,1,25,15,1,50,0.44,0.07019971509913699,55.12
4-12-4-2-37-0,4,12.0,4.0,2,37,0,20,8,1,50,0.44,0.07019971509913699,60.82
3-11-5-2-23-0,3,11.0,5.0,2,23,0,29,14,1,50,0.44,0.07019971509913699,54.68
3-11-2-4-16-2,3,11.0,2.0,4,16,2,35,32,1,50,0.44,0.07019971509913699,60.36
3-8-0-3-11-2,3,8.0,0.0,3,11,2,34,32,1,50,0.44,0.07019971509913699,56.6
4-10-2-3-26-0,4,10.0,2.0,3,26,0,28,14,1,50,0.44,0.07019971509913699,52.56
3-14-4-3-26-1,3,14.0,4.0,3,26,1,30,21,1,50,0.44,0.07019971509913699,54.9
3-12-9-2-32-0,3,12.0,9.0,2,32,0,22,14,1,50,0.44,0.07019971509913699,59.86
4-10-0-2-26-0,4,10.0,0.0,2,26,0,20,14,1,50,0.44,0.07019971509913699,55.96
4-5-2-2-14-0,4,5.0,2.0,2,14,0,34,20,1,50,0.42,0.06979971346646059,49.42
2-4-3-3-7-2,2,4.0,3.0,3,7,2,38,34,3,50,0.42,0.06979971346646059,53.6
3-13-8-2-32-0,3,13.0,8.0,2,32,0,18,10,2,50,0.42,0.06979971346646059,57.26
2-12-7-2-19-1,2,12.0,7.0,2,19,1,46,41,1,50,0.42,0.06979971346646059,58.0
3-14-0-4-17-1,3,14.0,0.0,4,17,1,24,21,2,50,0.42,0.06979971346646059,57.58
3-14-7-2-30-0,3,14.0,7.0,2,30,0,15,8,1,50,0.42,0.06979971346646059,57.84
2-14-12-4-26-0,2,14.0,12.0,4,26,0,30,24,1,50,0.42,0.06979971346646059,55.94
5-10-0-2-24-0,5,10.0,0.0,2,24,0,33,10,2,50,0.42,0.06979971346646059,59.26
3-11-9-4-30-1,3,11.0,9.0,4,30,1,22,15,1,50,0.42,0.06979971346646059,59.64
5-8-0-2-21-0,5,8.0,0.0,2,21,0,21,4,1,50,0.42,0.06979971346646059,54.78
3-10-0-3-17-1,3,10.0,0.0,3,17,1,19,15,1,50,0.42,0.06979971346646059,56.72
2-6-0-3-6-1,2,6.0,0.0,3,6,1,46,35,3,50,0.42,0.06979971346646059,53.6
3-14-6-4-28-1,3,14.0,6.0,4,28,1,51,35,1,50,0.42,0.06979971346646059,58.54
4-11-4-3-27-1,4,11.0,4.0,3,27,1,34,15,1,50,0.42,0.06979971346646059,53.88
3-7-5-2-18-2,3,7.0,5.0,2,18,2,55,32,1,50,0.42,0.06979971346646059,55.96
3-8-5-3-19-2,3,8.0,5.0,3,19,2,45,22,1,50,0.42,0.06979971346646059,51.84
2-12-9-4-21-0,2,12.0,9.0,4,21,0,19,14,1,50,0.42,0.06979971346646059,57.28
5-10-2-1-30-0,5,10.0,2.0,1,30,0,32,14,1,50,0.42,0.06979971346646059,58.74
3-5-2-2-10-2,3,5.0,2.0,2,10,2,42,32,1,50,0.42,0.06979971346646059,55.96
3-13-3-4-20-1,3,13.0,3.0,4,20,1,26,19,1,50,0.42,0.06979971346646059,54.58
4-10-0-3-24-0,4,10.0,0.0,3,24,0,28,14,1,50,0.42,0.06979971346646059,56.32
3-8-4-3-19-2,3,8.0,4.0,3,19,2,38,30,1,50,0.42,0.06979971346646059,53.26
4-14-2-3-26-0,4,14.0,2.0,3,26,0,32,14,1,50,0.42,0.06979971346646059,54.42
1-14-14-5-14-1,1,14.0,14.0,5,14,1,34,31,1,50,0.42,0.06979971346646059,55.28
4-13-3-2-25-0,4,13.0,3.0,2,25,0,21,4,1,50,0.42,0.06979971346646059,57.62
3-13-0-2-24-1,3,13.0,0.0,2,24,1,25,19,2,50,0.42,0.06979971346646059,59.66
5-10-3-2-35-0,5,10.0,3.0,2,35,0,27,10,1,50,0.42,0.06979971346646059,60.86
3-8-6-2-21-1,3,8.0,6.0,2,21,1,36,21,1,50,0.42,0.06979971346646059,52.2
3-8-0-2-12-2,3,8.0,0.0,2,12,2,42,36,1,50,0.42,0.06979971346646059,55.68
3-14-0-2-18-0,3,14.0,0.0,2,18,0,31,24,1,50,0.42,0.06979971346646059,57.12
2-8-3-3-11-2,2,8.0,3.0,3,11,2,38,36,2,50,0.42,0.06979971346646059,57.04
4-6-0-3-15-1,4,6.0,0.0,3,15,1,44,19,1,50,0.42,0.06979971346646059,53.18
4-8-4-3-24-1,4,8.0,4.0,3,24,1,33,15,1,50,0.42,0.06979971346646059,55.6
3-11-6-3-24-1,3,11.0,6.0,3,24,1,41,25,1,50,0.42,0.06979971346646059,61.04
4-10-3-3-23-0,4,10.0,3.0,3,23,0,27,10,1,50,0.42,0.06979971346646059,53.7
3-13-0-3-24-0,3,13.0,0.0,3,24,0,16,10,1,50,0.42,0.06979971346646059,57.32
5-9-2-1-29-0,5,9.0,2.0,1,29,0,14,8,1,50,0.42,0.06979971346646059,59.14
3-12-7-3-27-1,3,12.0,7.0,3,27,1,18,11,1,50,0.42,0.06979971346646059,56.8
3-8-2-2-13-1,3,8.0,2.0,2,13,1,43,41,1,50,0.42,0.06979971346646059,59.74
3-12-3-3-25-2,3,12.0,3.0,3,25,2,31,26,1,50,0.42,0.06979971346646059,62.1
3-13-4-4-27-1,3,13.0,4.0,4,27,1,30,21,2,50,0.42,0.06979971346646059,55.36
4-9-4-2-26-0,4,9.0,4.0,2,26,0,19,0,2,50,0.42,0.06979971346646059,54.32
3-14-0-4-18-1,3,14.0,0.0,4,18,1,32,25,1,50,0.42,0.06979971346646059,59.54
3-11-4-3-21-2,3,11.0,4.0,3,21,2,44,26,1,50,0.42,0.06979971346646059,57.02
3-6-0-2-11-2,3,6.0,0.0,2,11,2,63,42,2,50,0.42,0.06979971346646059,58.54
4-12-0-2-17-0,4,12.0,0.0,2,17,0,7,4,2,50,0.42,0.06979971346646059,54.12
2-12-11-4-23-2,2,12.0,11.0,4,23,2,36,30,1,50,0.42,0.06979971346646059,53.18
3-9-0-2-16-1,3,9.0,0.0,2,16,1,19,15,2,50,0.42,0.06979971346646059,61.86
3-13-2-3-19-1,3,13.0,2.0,3,19,1,32,25,1,50,0.42,0.06979971346646059,55.76
3-14-2-3-28-0,3,14.0,2.0,3,28,0,10,4,1,50,0.42,0.06979971346646059,57.52
2-12-8-2-20-2,2,12.0,8.0,2,20,2,41,36,2,50,0.42,0.06979971346646059,59.18
5-10-0-2-25-0,5,10.0,0.0,2,25,0,8,0,2,50,0.42,0.06979971346646059,59.24
3-12-0-3-18-2,3,12.0,0.0,3,18,2,46,32,2,50,0.42,0.06979971346646059,55.56
4-10-0-2-27-0,4,10.0,0.0,2,27,0,16,10,2,50,0.42,0.06979971346646059,58.4
1-13-13-4-13-1,1,13.0,13.0,4,13,1,28,25,1,50,0.42,0.06979971346646059,56.24
4-10-5-2-32-0,4,10.0,5.0,2,32,0,40,24,1,50,0.42,0.06979971346646059,56.74
2-8-2-2-10-2,2,8.0,2.0,2,10,2,24,22,1,50,0.42,0.06979971346646059,58.14
4-11-5-2-34-0,4,11.0,5.0,2,34,0,31,14,1,50,0.42,0.06979971346646059,54.34
4-9-5-3-27-0,4,9.0,5.0,3,27,0,39,14,1,50,0.42,0.06979971346646059,52.86
4-11-3-2-28-0,4,11.0,3.0,2,28,0,13,4,2,50,0.42,0.06979971346646059,57.18
4-10-3-2-27-0,4,10.0,3.0,2,27,0,39,24,1,50,0.42,0.06979971346646059,57.84
3-12-7-2-30-0,3,12.0,7.0,2,30,0,32,24,3,50,0.42,0.06979971346646059,60.2
2-14-11-3-25-0,2,14.0,11.0,3,25,0,20,14,3,50,0.42,0.06979971346646059,56.38
3-14-7-2-29-1,3,14.0,7.0,2,29,1,36,29,1,50,0.42,0.06979971346646059,59.86
3-13-5-3-29-1,3,13.0,5.0,3,29,1,31,15,2,50,0.42,0.06979971346646059,59.82
3-14-5-3-31-1,3,14.0,5.0,3,31,1,41,25,1,50,0.42,0.06979971346646059,56.62
3-11-0-4-19-1,3,11.0,0.0,4,19,1,30,25,1,50,0.42,0.06979971346646059,54.78
2-11-7-3-18-2,2,11.0,7.0,3,18,2,51,46,1,50,0.42,0.06979971346646059,57.7
3-13-2-2-27-3,3,13.0,2.0,2,27,3,39,33,1,50,0.42,0.06979971346646059,54.88
2-14-6-2-20-1,2,14.0,6.0,2,20,1,45,31,1,50,0.42,0.06979971346646059,54.92
3-9-6-3-22-1,3,9.0,6.0,3,22,1,40,25,1,50,0.42,0.06979971346646059,55.82
5-10-3-1-30-0,5,10.0,3.0,1,30,0,28,10,1,50,0.42,0.06979971346646059,57.62
3-11-4-3-24-1,3,11.0,4.0,3,24,1,34,25,1,50,0.42,0.06979971346646059,56.46
4-11-0-3-27-1,4,11.0,0.0,3,27,1,32,25,1,50,0.42,0.06979971346646059,59.78
2-14-8-3-22-0,2,14.0,8.0,3,22,0,25,20,1,50,0.42,0.06979971346646059,55.02
4-9-2-3-18-0,4,9.0,2.0,3,18,0,10,4,1,50,0.42,0.06979971346646059,50.56
3-11-2-3-22-0,3,11.0,2.0,3,22,0,9,4,2,50,0.42,0.06979971346646059,55.12
3-13-2-4-23-1,3,13.0,2.0,4,23,1,30,25,1,50,0.42,0.06979971346646059,58.44
3-14-3-4-24-0,3,14.0,3.0,4,24,0,9,4,1,50,0.42,0.06979971346646059,53.9
4-9-2-3-25-1,4,9.0,2.0,3,25,1,30,15,1,50,0.42,0.06979971346646059,54.82
3-14-7-3-29-0,3,14.0,7.0,3,29,0,21,14,1,50,0.42,0.06979971346646059,59.44
4-9-0-2-17-0,4,9.0,0.0,2,17,0,27,14,1,50,0.42,0.06979971346646059,51.12
2-11-10-3-21-2,2,11.0,10.0,3,21,2,41,36,1,50,0.42,0.06979971346646059,58.06
3-11-2-3-23-1,3,11.0,2.0,3,23,1,16,11,1,50,0.42,0.06979971346646059,55.74
3-4-0-2-6-2,3,4.0,0.0,2,6,2,40,36,1,50,0.42,0.06979971346646059,54.64
4-13-5-2-31-0,4,13.0,5.0,2,31,0,40,14,1,50,0.42,0.06979971346646059,59.04
3-9-5-2-22-1,3,9.0,5.0,2,22,1,39,25,3,50,0.42,0.06979971346646059,60.48
2-10-4-4-14-1,2,10.0,4.0,4,14,1,31,25,1,50,0.42,0.06979971346646059,48.2
3-12-6-3-26-1,3,12.0,6.0,3,26,1,41,25,1,50,0.42,0.06979971346646059,56.04
2-11-10-3-21-1,2,11.0,10.0,3,21,1,34,29,7,50,0.42,0.06979971346646059,58.46
3-14-6-2-29-0,3,14.0,6.0,2,29,0,40,24,1,50,0.42,0.06979971346646059,56.36
4-11-0-2-24-1,4,11.0,0.0,2,24,1,24,15,2,50,0.42,0.06979971346646059,55.48
2-11-4-2-15-2,2,11.0,4.0,2,15,2,29,22,1,50,0.42,0.06979971346646059,56.54
3-12-4-3-23-0,3,12.0,4.0,3,23,0,39,30,1,50,0.42,0.06979971346646059,56.5
4-9-0-2-17-1,4,9.0,0.0,2,17,1,33,21,2,50,0.42,0.06979971346646059,60.26
4-10-2-3-23-1,4,10.0,2.0,3,23,1,33,25,2,50,0.42,0.06979971346646059,56.46
4-11-4-2-30-0,4,11.0,4.0,2,30,0,27,8,4,50,0.42,0.06979971346646059,55.14
2-13-10-4-23-1,2,13.0,10.0,4,23,1,26,21,1,50,0.42,0.06979971346646059,52.24
3-14-8-2-33-0,3,14.0,8.0,2,33,0,16,8,3,50,0.42,0.06979971346646059,56.96
3-10-6-3-24-0,3,10.0,6.0,3,24,0,19,4,2,50,0.42,0.06979971346646059,53.58
3-13-7-3-31-0,3,13.0,7.0,3,31,0,18,10,1,50,0.42,0.06979971346646059,54.72
2-12-6-3-18-0,2,12.0,6.0,3,18,0,48,34,2,50,0.42,0.06979971346646059,57.46
3-14-0-2-16-1,3,14.0,0.0,2,16,1,22,19,1,50,0.42,0.06979971346646059,55.46
3-10-4-2-19-1,3,10.0,4.0,2,19,1,31,15,2,50,0.42,0.06979971346646059,54.44
2-12-9-3-21-1,2,12.0,9.0,3,21,1,20,15,2,50,0.42,0.06979971346646059,53.78
3-11-3-2-23-1,3,11.0,3.0,2,23,1,26,21,1,50,0.42,0.06979971346646059,57.5
3-13-2-2-23-1,3,13.0,2.0,2,23,1,34,29,1,50,0.42,0.06979971346646059,56.08
3-12-2-3-17-0,3,12.0,2.0,3,17,0,17,14,3,50,0.42,0.06979971346646059,54.5
3-14-7-5-29-1,3,14.0,7.0,5,29,1,32,25,1,50,0.42,0.06979971346646059,59.04
3-13-4-3-23-0,3,13.0,4.0,3,23,0,26,8,1,50,0.4,0.06928203230275509,53.26
3-12-4-2-24-0,3,12.0,4.0,2,24,0,19,10,1,50,0.4,0.06928203230275509,55.02
4-12-2-3-27-0,4,12.0,2.0,3,27,0,19,4,1,50,0.4,0.06928203230275509,54.78
3-12-3-2-22-1,3,12.0,3.0,2,22,1,46,41,1,50,0.4,0.06928203230275509,54.68
3-12-7-3-29-1,3,12.0,7.0,3,29,1,22,15,2,50,0.4,0.06928203230275509,55.2
3-7-0-2-9-1,3,7.0,0.0,2,9,1,21,19,1,50,0.4,0.06928203230275509,52.72
3-7-2-2-14-1,3,7.0,2.0,2,14,1,47,35,1,50,0.4,0.06928203230275509,53.38
2-13-8-2-21-1,2,13.0,8.0,2,21,1,30,25,1,50,0.4,0.06928203230275509,53.76
4-10-3-3-22-0,4,10.0,3.0,3,22,0,20,4,1,50,0.4,0.06928203230275509,54.38
3-11-0-2-19-1,3,11.0,0.0,2,19,1,30,25,1,50,0.4,0.06928203230275509,53.84
2-14-3-2-17-1,2,14.0,3.0,2,17,1,34,31,1,50,0.4,0.06928203230275509,56.88
3-11-0-3-17-2,3,11.0,0.0,3,17,2,44,30,1,50,0.4,0.06928203230275509,53.88
2-2-0-2-2-2,2,2.0,0.0,2,2,2,32,32,1,50,0.4,0.06928203230275509,52.34
3-13-7-3-28-1,3,13.0,7.0,3,28,1,22,15,2,50,0.4,0.06928203230275509,56.72
4-11-3-3-25-0,4,11.0,3.0,3,25,0,13,4,2,50,0.4,0.06928203230275509,52.72
4-14-0-3-25-1,4,14.0,0.0,3,25,1,20,11,1,50,0.4,0.06928203230275509,56.92
3-12-6-2-26-0,3,12.0,6.0,2,26,0,40,24,1,50,0.4,0.06928203230275509,55.56
4-11-2-3-23-0,4,11.0,2.0,3,23,0,28,10,2,50,0.4,0.06928203230275509,55.62
3-13-0-2-22-0,3,13.0,0.0,2,22,0,13,8,1,50,0.4,0.06928203230275509,54.2
3-9-4-3-18-1,3,9.0,4.0,3,18,1,31,15,2,50,0.4,0.06928203230275509,53.38
2-6-0-3-6-2,2,6.0,0.0,3,6,2,47,36,2,50,0.4,0.06928203230275509,52.28
2-13-12-3-25-2,2,13.0,12.0,3,25,2,36,30,2,50,0.4,0.06928203230275509,58.5
4-13-2-3-22-0,4,13.0,2.0,3,22,0,17,10,1,50,0.4,0.06928203230275509,56.26
2-11-6-2-17-2,2,11.0,6.0,2,17,2,40,26,1,50,0.4,0.06928203230275509,50.2
3-12-5-3-25-1,3,12.0,5.0,3,25,1,34,19,3,50,0.4,0.06928203230275509,54.52
4-10-6-4-31-0,4,10.0,6.0,4,31,0,31,14,1,50,0.4,0.06928203230275509,51.78
4-11-4-3-32-0,4,11.0,4.0,3,32,0,25,14,1,50,0.4,0.06928203230275509,55.92
3-14-0-3-18-0,3,14.0,0.0,3,18,0,21,14,1,50,0.4,0.06928203230275509,53.56
4-6-2-3-16-0,4,6.0,2.0,3,16,0,25,4,2,50,0.4,0.06928203230275509,54.64
3-8-0-2-15-2,3,8.0,0.0,2,15,2,26,22,1,50,0.4,0.06928203230275509,53.82
3-12-3-2-20-0,3,12.0,3.0,2,20,0,27,14,2,50,0.4,0.06928203230275509,52.54
2-13-4-3-17-0,2,13.0,4.0,3,17,0,17,10,2,50,0.4,0.06928203230275509,51.92
3-12-8-2-31-0,3,12.0,8.0,2,31,0,16,8,2,50,0.4,0.06928203230275509,55.38
2-8-3-3-11-0,2,8.0,3.0,3,11,0,40,38,1,50,0.4,0.06928203230275509,47.16
3-5-0-3-8-1,3,5.0,0.0,3,8,1,31,21,1,50,0.4,0.06928203230275509,52.68
2-14-2-4-16-1,2,14.0,2.0,4,16,1,24,21,1,50,0.4,0.06928203230275509,55.88
4-11-5-3-33-1,4,11.0,5.0,3,33,1,28,11,2,50,0.4,0.06928203230275509,58.46
2-8-6-2-14-2,2,8.0,6.0,2,14,2,45,32,1,50,0.4,0.06928203230275509,55.76
3-13-0-2-18-0,3,13.0,0.0,2,18,0,17,4,1,50,0.4,0.06928203230275509,54.92
4-11-3-4-27-1,4,11.0,3.0,4,27,1,20,11,1,50,0.4,0.06928203230275509,57.84
4-10-3-2-28-0,4,10.0,3.0,2,28,0,26,20,1,50,0.4,0.06928203230275509,56.02
4-10-0-3-17-0,4,10.0,0.0,3,17,0,6,0,1,50,0.4,0.06928203230275509,52.42
4-14-2-2-30-3,4,14.0,2.0,2,30,3,48,33,1,50,0.4,0.06928203230275509,56.72
3-12-8-2-30-0,3,12.0,8.0,2,30,0,21,14,1,50,0.4,0.06928203230275509,50.7
2-14-12-3-26-0,2,14.0,12.0,3,26,0,20,14,3,50,0.4,0.06928203230275509,56.62
3-12-7-3-30-1,3,12.0,7.0,3,30,1,23,15,3,50,0.4,0.06928203230275509,52.88
2-9-5-3-14-2,2,9.0,5.0,3,14,2,48,36,3,50,0.4,0.06928203230275509,54.98
3-12-2-3-22-1,3,12.0,2.0,3,22,1,30,25,3,50,0.4,0.06928203230275509,57.64
2-13-0-2-13-1,2,13.0,0.0,2,13,1,32,29,2,50,0.4,0.06928203230275509,57.08
3-13-0-3-25-0,3,13.0,0.0,3,25,0,20,14,2,50,0.4,0.06928203230275509,54.58
3-11-3-2-24-1,3,11.0,3.0,2,24,1,20,15,1,50,0.4,0.06928203230275509,54.82
3-13-0-3-17-1,3,13.0,0.0,3,17,1,38,31,2,50,0.4,0.06928203230275509,56.6
3-14-0-3-18-1,3,14.0,0.0,3,18,1,32,25,1,50,0.4,0.06928203230275509,55.98
3-14-6-3-29-0,3,14.0,6.0,3,29,0,30,14,1,50,0.4,0.06928203230275509,53.2
4-7-2-2-17-1,4,7.0,2.0,2,17,1,37,25,1,50,0.4,0.06928203230275509,56.26
4-10-4-3-26-0,4,10.0,4.0,3,26,0,38,20,2,50,0.4,0.06928203230275509,56.7
4-8-0-2-20-0,4,8.0,0.0,2,20,0,38,24,1,50,0.4,0.06928203230275509,59.12
3-10-4-3-20-1,3,10.0,4.0,3,20,1,42,25,1,50,0.4,0.06928203230275509,54.62
3-6-2-3-11-1,3,6.0,2.0,3,11,1,42,31,1,50,0.4,0.06928203230275509,56.24
3-14-5-3-30-0,3,14.0,5.0,3,30,0,24,8,1,50,0.4,0.06928203230275509,56.74
4-9-2-2-22-1,4,9.0,2.0,2,22,1,23,15,1,50,0.4,0.06928203230275509,55.0
4-10-3-2-26-0,4,10.0,3.0,2,26,0,24,10,3,50,0.4,0.06928203230275509,50.76
3-12-3-3-24-1,3,12.0,3.0,3,24,1,30,25,1,50,0.4,0.06928203230275509,58.92
3-3-0-4-5-1,3,3.0,0.0,4,5,1,25,25,1,50,0.4,0.06928203230275509,53.38
2-6-2-4-8-2,2,6.0,2.0,4,8,2,41,30,1,50,0.4,0.06928203230275509,57.62
3-5-3-3-12-1,3,5.0,3.0,3,12,1,35,21,4,50,0.4,0.06928203230275509,51.44
2-11-0-3-11-2,2,11.0,0.0,3,11,2,43,40,2,50,0.4,0.06928203230275509,58.14
3-9-3-3-16-1,3,9.0,3.0,3,16,1,31,25,1,50,0.4,0.06928203230275509,54.94
3-11-2-4-18-1,3,11.0,2.0,4,18,1,28,15,1,50,0.4,0.06928203230275509,51.9
2-10-7-2-17-1,2,10.0,7.0,2,17,1,29,25,1,50,0.4,0.06928203230275509,48.84
2-8-2-4-10-2,2,8.0,2.0,4,10,2,38,36,1,50,0.4,0.06928203230275509,52.82
3-12-6-2-27-1,3,12.0,6.0,2,27,1,35,19,1,50,0.4,0.06928203230275509,51.1
3-11-8-2-29-2,3,11.0,8.0,2,29,2,43,36,1,50,0.4,0.06928203230275509,58.7
4-8-0-2-16-0,4,8.0,0.0,2,16,0,30,18,1,50,0.4,0.06928203230275509,53.92
4-11-2-2-28-0,4,11.0,2.0,2,28,0,21,14,1,50,0.4,0.06928203230275509,54.88
3-14-4-4-23-0,3,14.0,4.0,4,23,0,41,24,1,50,0.4,0.06928203230275509,50.16
4-10-2-3-21-1,4,10.0,2.0,3,21,1,34,21,1,50,0.4,0.06928203230275509,58.06
3-9-0-2-14-2,3,9.0,0.0,2,14,2,38,26,1,50,0.4,0.06928203230275509,56.18
3-7-3-3-15-2,3,7.0,3.0,3,15,2,34,22,1,50,0.4,0.06928203230275509,58.98
4-10-2-2-27-0,4,10.0,2.0,2,27,0,25,10,1,50,0.4,0.06928203230275509,57.38
3-10-4-2-21-1,3,10.0,4.0,2,21,1,33,25,1,50,0.38,0.06864400920692205,52.68
3-9-2-3-17-2,3,9.0,2.0,3,17,2,45,32,1,50,0.38,0.06864400920692205,54.74
3-6-2-3-13-1,3,6.0,2.0,3,13,1,42,21,2,50,0.38,0.06864400920692205,53.76
3-14-4-4-26-1,3,14.0,4.0,4,26,1,24,15,1,50,0.38,0.06864400920692205,53.78
2-10-5-4-15-1,2,10.0,5.0,4,15,1,37,25,3,50,0.38,0.06864400920692205,49.76
4-11-3-2-27-0,4,11.0,3.0,2,27,0,23,14,1,50,0.38,0.06864400920692205,51.66
3-12-3-3-22-1,3,12.0,3.0,3,22,1,26,21,1,50,0.38,0.06864400920692205,51.92
4-9-0-2-16-0,4,9.0,0.0,2,16,0,20,14,2,50,0.38,0.06864400920692205,50.88
3-11-0-3-17-0,3,11.0,0.0,3,17,0,28,14,1,50,0.38,0.06864400920692205,50.52
3-9-4-3-21-1,3,9.0,4.0,3,21,1,29,21,1,50,0.38,0.06864400920692205,53.62
2-14-0-3-14-2,2,14.0,0.0,3,14,2,33,30,2,50,0.38,0.06864400920692205,56.74
5-11-2-2-28-0,5,11.0,2.0,2,28,0,13,4,2,50,0.38,0.06864400920692205,56.34
2-13-5-4-18-1,2,13.0,5.0,4,18,1,34,21,2,50,0.38,0.06864400920692205,52.82
2-6-3-5-9-2,2,6.0,3.0,5,9,2,47,36,1,50,0.38,0.06864400920692205,46.12
4-9-2-2-24-0,4,9.0,2.0,2,24,0,33,18,1,50,0.38,0.06864400920692205,55.04
3-13-0-3-15-1,3,13.0,0.0,3,15,1,22,19,1,50,0.38,0.06864400920692205,54.24
3-4-0-3-7-1,3,4.0,0.0,3,7,1,23,19,1,50,0.38,0.06864400920692205,52.78
4-9-4-3-25-1,4,9.0,4.0,3,25,1,33,15,1,50,0.38,0.06864400920692205,52.54
3-10-4-2-22-1,3,10.0,4.0,2,22,1,19,11,1,50,0.38,0.06864400920692205,50.24
3-11-6-3-27-0,3,11.0,6.0,3,27,0,34,18,2,50,0.38,0.06864400920692205,53.74
3-10-4-2-23-0,3,10.0,4.0,2,23,0,22,14,1,50,0.38,0.06864400920692205,53.16
3-13-2-3-20-1,3,13.0,2.0,3,20,1,38,25,1,50,0.38,0.06864400920692205,58.64
5-8-2-2-22-0,5,8.0,2.0,2,22,0,20,4,1,50,0.38,0.06864400920692205,55.02
3-12-3-5-25-1,3,12.0,3.0,5,25,1,30,25,1,50,0.38,0.06864400920692205,53.7
3-13-2-2-22-0,3,13.0,2.0,2,22,0,25,20,1,50,0.38,0.06864400920692205,54.56
1-12-12-5-12-2,1,12.0,12.0,5,12,2,39,36,1,50,0.38,0.06864400920692205,55.34
4-10-0-2-15-1,4,10.0,0.0,2,15,1,23,21,1,50,0.38,0.06864400920692205,54.04
3-12-6-2-26-1,3,12.0,6.0,2,26,1,31,15,2,50,0.38,0.06864400920692205,55.4
3-12-3-3-21-1,3,12.0,3.0,3,21,1,29,15,1,50,0.38,0.06864400920692205,55.02
4-9-0-2-19-1,4,9.0,0.0,2,19,1,19,15,1,50,0.38,0.06864400920692205,51.54
3-7-0-3-13-0,3,7.0,0.0,3,13,0,33,20,1,50,0.38,0.06864400920692205,52.1
2-11-2-2-13-1,2,11.0,2.0,2,13,1,18,15,2,50,0.38,0.06864400920692205,54.7
3-10-0-2-14-2,3,10.0,0.0,2,14,2,38,32,1,50,0.38,0.06864400920692205,55.7
3-7-2-3-14-1,3,7.0,2.0,3,14,1,43,31,2,50,0.38,0.06864400920692205,52.78
2-12-2-2-14-2,2,12.0,2.0,2,14,2,35,32,1,50,0.38,0.06864400920692205,51.5
3-12-4-2-22-1,3,12.0,4.0,2,22,1,33,15,3,50,0.38,0.06864400920692205,57.24
3-13-2-2-24-0,3,13.0,2.0,2,24,0,29,24,1,50,0.38,0.06864400920692205,54.16
4-12-3-3-28-0,4,12.0,3.0,3,28,0,9,0,1,50,0.38,0.06864400920692205,55.18
2-11-8-2-19-2,2,11.0,8.0,2,19,2,27,22,1,50,0.38,0.06864400920692205,53.68
3-6-2-4-11-2,3,6.0,2.0,4,11,2,33,22,1,50,0.38,0.06864400920692205,55.04
3-11-2-2-16-1,3,11.0,2.0,2,16,1,24,21,1,50,0.38,0.06864400920692205,50.68
4-8-0-2-19-0,4,8.0,0.0,2,19,0,12,4,2,50,0.38,0.06864400920692205,51.26
4-9-0-2-24-0,4,9.0,0.0,2,24,0,20,14,1,50,0.38,0.06864400920692205,52.34
3-9-4-3-18-2,3,9.0,4.0,3,18,2,58,42,4,50,0.38,0.06864400920692205,55.58
3-8-3-3-17-0,3,8.0,3.0,3,17,0,33,20,3,50,0.38,0.06864400920692205,51.56
3-8-2-2-15-1,3,8.0,2.0,2,15,1,33,21,1,50,0.38,0.06864400920692205,54.48
3-13-0-4-22-1,3,13.0,0.0,4,22,1,26,21,1,50,0.38,0.06864400920692205,51.2
2-7-4-2-11-2,2,7.0,4.0,2,11,2,42,36,1,50,0.38,0.06864400920692205,53.48
3-6-0-3-10-1,3,6.0,0.0,3,10,1,26,11,1,50,0.38,0.06864400920692205,51.28
4-5-0-2-12-1,4,5.0,0.0,2,12,1,35,21,1,50,0.38,0.06864400920692205,55.66
2-9-5-4-14-2,2,9.0,5.0,4,14,2,52,40,1,50,0.38,0.06864400920692205,52.5
3-14-0-2-20-1,3,14.0,0.0,2,20,1,29,15,1,50,0.38,0.06864400920692205,54.66
3-9-7-4-24-2,3,9.0,7.0,4,24,2,42,36,1,50,0.38,0.06864400920692205,55.48
3-14-3-3-25-1,3,14.0,3.0,3,25,1,24,19,1,50,0.38,0.06864400920692205,56.82
3-14-5-2-27-0,3,14.0,5.0,2,27,0,25,10,1,50,0.38,0.06864400920692205,53.26
2-13-9-3-22-0,2,13.0,9.0,3,22,0,19,14,2,50,0.38,0.06864400920692205,52.16
3-13-4-2-26-0,3,13.0,4.0,2,26,0,9,0,1,50,0.38,0.06864400920692205,53.02
4-8-0-2-14-0,4,8.0,0.0,2,14,0,26,20,1,50,0.38,0.06864400920692205,53.8
3-8-6-3-21-1,3,8.0,6.0,3,21,1,40,25,1,50,0.38,0.06864400920692205,50.6
3-7-3-2-16-1,3,7.0,3.0,2,16,1,28,15,3,50,0.38,0.06864400920692205,51.36
2-14-7-2-21-0,2,14.0,7.0,2,21,0,19,14,1,50,0.38,0.06864400920692205,52.34
2-10-8-3-18-1,2,10.0,8.0,3,18,1,39,35,4,50,0.38,0.06864400920692205,54.48
3-10-6-3-24-1,3,10.0,6.0,3,24,1,40,25,1,50,0.38,0.06864400920692205,56.46
4-7-0-2-15-0,4,7.0,0.0,2,15,0,36,24,2,50,0.38,0.06864400920692205,56.14
2-10-3-3-13-0,2,10.0,3.0,3,13,0,32,30,1,50,0.38,0.06864400920692205,53.7
3-13-2-2-21-0,3,13.0,2.0,2,21,0,32,18,1,50,0.38,0.06864400920692205,51.68
2-8-7-2-15-2,2,8.0,7.0,2,15,2,26,22,2,50,0.38,0.06864400920692205,55.22
4-6-2-2-17-0,4,6.0,2.0,2,17,0,35,10,1,50,0.38,0.06864400920692205,53.24
2-11-0-2-11-1,2,11.0,0.0,2,11,1,32,29,3,50,0.38,0.06864400920692205,55.04
3-12-9-3-31-1,3,12.0,9.0,3,31,1,32,25,2,50,0.38,0.06864400920692205,56.24
3-13-5-3-26-1,3,13.0,5.0,3,26,1,36,21,1,50,0.38,0.06864400920692205,52.66
2-10-0-2-10-2,2,10.0,0.0,2,10,2,38,36,1,50,0.38,0.06864400920692205,57.34
2-12-2-2-14-1,2,12.0,2.0,2,14,1,24,21,1,50,0.38,0.06864400920692205,55.24
3-11-6-2-27-1,3,11.0,6.0,2,27,1,31,15,1,50,0.38,0.06864400920692205,56.26
3-11-2-3-22-1,3,11.0,2.0,3,22,1,24,19,1,50,0.38,0.06864400920692205,53.84
3-13-4-2-23-0,3,13.0,4.0,2,23,0,38,20,1,50,0.38,0.06864400920692205,50.28
4-6-0-2-14-0,4,6.0,0.0,2,14,0,45,24,1,50,0.38,0.06864400920692205,53.96
3-14-3-3-25-0,3,14.0,3.0,3,25,0,13,8,1,50,0.38,0.06864400920692205,53.82
3-11-0-3-15-0,3,11.0,0.0,3,15,0,31,24,2,50,0.38,0.06864400920692205,51.92
3-9-3-2-17-1,3,9.0,3.0,2,17,1,43,31,1,50,0.38,0.06864400920692205,56.42
4-13-0-3-24-1,4,13.0,0.0,3,24,1,36,31,1,50,0.38,0.06864400920692205,57.3
3-13-0-2-19-0,3,13.0,0.0,2,19,0,24,10,2,50,0.36,0.06788225099390856,47.72
2-7-3-2-10-1,2,7.0,3.0,2,10,1,37,35,2,50,0.36,0.06788225099390856,49.16
3-12-0-3-17-0,3,12.0,0.0,3,17,0,33,20,1,50,0.36,0.06788225099390856,56.18
3-10-4-3-20-2,3,10.0,4.0,3,20,2,39,22,3,50,0.36,0.06788225099390856,55.02
2-13-0-3-13-1,2,13.0,0.0,3,13,1,42,39,2,50,0.36,0.06788225099390856,48.56
3-12-0-4-20-1,3,12.0,0.0,4,20,1,20,15,2,50,0.36,0.06788225099390856,48.0
3-8-3-2-16-2,3,8.0,3.0,2,16,2,48,36,1,50,0.36,0.06788225099390856,53.08
3-12-2-2-17-1,3,12.0,2.0,2,17,1,24,21,1,50,0.36,0.06788225099390856,54.02
4-11-0-2-16-1,4,11.0,0.0,2,16,1,22,19,1,50,0.36,0.06788225099390856,51.52
3-5-0-2-9-1,3,5.0,0.0,2,9,1,25,11,1,50,0.36,0.06788225099390856,55.14
2-10-3-4-13-2,2,10.0,3.0,4,13,2,38,36,1,50,0.36,0.06788225099390856,50.7
3-8-0-3-13-1,3,8.0,0.0,3,13,1,41,29,1,50,0.36,0.06788225099390856,53.98
3-14-8-3-31-0,3,14.0,8.0,3,31,0,17,10,1,50,0.36,0.06788225099390856,52.9
3-12-5-2-28-0,3,12.0,5.0,2,28,0,36,20,1,50,0.36,0.06788225099390856,51.06
2-13-4-2-17-2,2,13.0,4.0,2,17,2,43,36,1,50,0.36,0.06788225099390856,54.68
4-10-0-2-22-0,4,10.0,0.0,2,22,0,18,4,3,50,0.36,0.06788225099390856,50.58
3-12-7-3-27-0,3,12.0,7.0,3,27,0,11,4,2,50,0.36,0.06788225099390856,51.38
3-7-2-2-14-2,3,7.0,2.0,2,14,2,48,36,1,50,0.36,0.06788225099390856,51.76
3-14-9-3-34-0,3,14.0,9.0,3,34,0,12,4,1,50,0.36,0.06788225099390856,54.94
4-7-2-3-18-0,4,7.0,2.0,3,18,0,30,14,1,50,0.36,0.06788225099390856,50.74
3-14-2-2-20-0,3,14.0,2.0,2,20,0,21,14,1,50,0.36,0.06788225099390856,55.6
4-9-0-2-22-0,4,9.0,0.0,2,22,0,22,8,1,50,0.36,0.06788225099390856,53.22
3-8-4-2-19-1,3,8.0,4.0,2,19,1,39,31,3,50,0.36,0.06788225099390856,52.98
2-11-9-4-20-1,2,11.0,9.0,4,20,1,30,25,1,50,0.36,0.06788225099390856,54.34
3-7-5-3-18-2,3,7.0,5.0,3,18,2,53,30,1,50,0.36,0.06788225099390856,53.4
2-14-0-3-14-0,2,14.0,0.0,3,14,0,7,4,3,50,0.36,0.06788225099390856,54.3
4-7-4-3-22-0,4,7.0,4.0,3,22,0,41,14,1,50,0.36,0.06788225099390856,51.1
3-10-6-3-23-1,3,10.0,6.0,3,23,1,40,25,1,50,0.36,0.06788225099390856,55.92
3-9-4-4-19-0,3,9.0,4.0,4,19,0,35,18,1,50,0.36,0.06788225099390856,51.96
4-8-4-2-23-0,4,8.0,4.0,2,23,0,37,10,1,50,0.36,0.06788225099390856,54.1
2-8-7-2-15-0,2,8.0,7.0,2,15,0,32,28,1,50,0.36,0.06788225099390856,51.12
2-12-0-2-12-0,2,12.0,0.0,2,12,0,7,4,1,50,0.36,0.06788225099390856,52.88
3-12-0-2-18-1,3,12.0,0.0,2,18,1,25,11,3,50,0.36,0.06788225099390856,54.48
4-10-0-4-19-0,4,10.0,0.0,4,19,0,18,14,1,50,0.36,0.06788225099390856,53.9
4-12-0-3-23-0,4,12.0,0.0,3,23,0,28,4,2,50,0.36,0.06788225099390856,54.2
5-8-0-2-20-0,5,8.0,0.0,2,20,0,26,10,1,50,0.36,0.06788225099390856,53.1
3-14-0-2-22-0,3,14.0,0.0,2,22,0,13,8,1,50,0.36,0.06788225099390856,53.72
3-11-2-2-17-0,3,11.0,2.0,2,17,0,25,18,2,50,0.36,0.06788225099390856,47.86
4-11-0-3-23-0,4,11.0,0.0,3,23,0,33,24,1,50,0.36,0.06788225099390856,52.94
3-9-2-3-14-2,3,9.0,2.0,3,14,2,24,22,1,50,0.36,0.06788225099390856,51.12
3-9-2-4-17-2,3,9.0,2.0,4,17,2,39,26,1,50,0.36,0.06788225099390856,53.04
4-8-3-2-24-1,4,8.0,3.0,2,24,1,26,11,2,50,0.36,0.06788225099390856,53.18
3-10-7-2-26-0,3,10.0,7.0,2,26,0,6,0,2,50,0.36,0.06788225099390856,49.08
3-9-4-3-20-0,3,9.0,4.0,3,20,0,16,8,2,50,0.36,0.06788225099390856,46.98
3-10-5-2-21-1,3,10.0,5.0,2,21,1,38,15,2,50,0.36,0.06788225099390856,51.58
2-9-0-3-9-1,2,9.0,0.0,3,9,1,17,15,1,50,0.36,0.06788225099390856,52.78
3-12-2-4-22-0,3,12.0,2.0,4,22,0,23,18,1,50,0.36,0.06788225099390856,50.28
3-9-4-3-20-1,3,9.0,4.0,3,20,1,37,29,1,50,0.36,0.06788225099390856,54.56
3-12-4-4-26-0,3,12.0,4.0,4,26,0,33,24,1,50,0.36,0.06788225099390856,57.46
2-8-0-3-8-0,2,8.0,0.0,3,8,0,26,24,3,50,0.36,0.06788225099390856,50.32
3-12-5-2-25-0,3,12.0,5.0,2,25,0,29,14,2,50,0.36,0.06788225099390856,53.78
4-10-3-3-27-1,4,10.0,3.0,3,27,1,26,11,1,50,0.36,0.06788225099390856,54.3
1-8-8-3-8-1,1,8.0,8.0,3,8,1,33,31,5,50,0.36,0.06788225099390856,54.2
3-8-6-3-21-0,3,8.0,6.0,3,21,0,23,8,1,50,0.36,0.06788225099390856,47.54
4-7-0-3-14-1,4,7.0,0.0,3,14,1,33,21,1,50,0.36,0.06788225099390856,53.76
3-12-4-3-23-2,3,12.0,4.0,3,23,2,35,26,1,50,0.36,0.06788225099390856,57.28
2-8-5-4-13-2,2,8.0,5.0,4,13,2,44,32,1,50,0.36,0.06788225099390856,52.32
3-11-5-3-26-0,3,11.0,5.0,3,26,0,29,14,1,50,0.36,0.06788225099390856,52.06
2-13-11-2-24-1,2,13.0,11.0,2,24,1,21,15,1,50,0.36,0.06788225099390856,56.22
3-10-3-3-21-0,3,10.0,3.0,3,21,0,28,24,1,50,0.36,0.06788225099390856,53.2
2-11-5-2-16-1,2,11.0,5.0,2,16,1,58,45,1,50,0.36,0.06788225099390856,52.42
4-13-0-3-19-0,4,13.0,0.0,3,19,0,11,4,1,50,0.36,0.06788225099390856,54.04
3-3-0-3-5-2,3,3.0,0.0,3,5,2,26,26,1,50,0.36,0.06788225099390856,56.28
3-13-4-4-25-1,3,13.0,4.0,4,25,1,20,11,1,50,0.36,0.06788225099390856,54.02
3-9-0-2-13-0,3,9.0,0.0,2,13,0,10,4,1,50,0.36,0.06788225099390856,53.2
2-13-3-2-16-0,2,13.0,3.0,2,16,0,13,10,1,50,0.36,0.06788225099390856,51.24
2-9-0-2-9-2,2,9.0,0.0,2,9,2,38,36,1,50,0.36,0.06788225099390856,48.84
4-8-3-2-24-0,4,8.0,3.0,2,24,0,23,8,1,50,0.36,0.06788225099390856,56.84
3-12-2-4-19-0,3,12.0,2.0,4,19,0,23,10,1,50,0.36,0.06788225099390856,50.12
4-6-0-2-13-0,4,6.0,0.0,2,13,0,31,10,1,50,0.36,0.06788225099390856,49.9
3-13-0-4-17-0,3,13.0,0.0,4,17,0,27,20,1,50,0.36,0.06788225099390856,54.48
3-13-7-3-30-0,3,13.0,7.0,3,30,0,7,0,3,50,0.36,0.06788225099390856,53.6
2-3-0-4-3-1,2,3.0,0.0,4,3,1,25,25,1,50,0.36,0.06788225099390856,51.46
1-12-12-5-12-1,1,12.0,12.0,5,12,1,34,31,1,50,0.36,0.06788225099390856,49.08
4-12-0-3-21-0,4,12.0,0.0,3,21,0,41,24,1,50,0.36,0.06788225099390856,53.72
4-14-0-2-21-0,4,14.0,0.0,2,21,0,33,20,3,50,0.36,0.06788225099390856,54.98
3-14-5-2-28-0,3,14.0,5.0,2,28,0,19,4,1,50,0.36,0.06788225099390856,51.08
3-14-7-2-29-0,3,14.0,7.0,2,29,0,21,14,1,50,0.36,0.06788225099390856,51.72
2-10-8-3-18-0,2,10.0,8.0,3,18,0,34,30,3,50,0.36,0.06788225099390856,51.44
3-12-0-3-14-0,3,12.0,0.0,3,14,0,27,24,1,50,0.36,0.06788225099390856,53.4
3-11-4-4-25-1,3,11.0,4.0,4,25,1,24,15,1,50,0.36,0.06788225099390856,52.24
2-14-6-5-20-1,2,14.0,6.0,5,20,1,39,25,1,50,0.36,0.06788225099390856,52.84
3-10-0-3-19-1,3,10.0,0.0,3,19,1,29,25,2,50,0.36,0.06788225099390856,53.56
4-5-0-2-10-0,4,5.0,0.0,2,10,0,14,4,2,50,0.36,0.06788225099390856,50.06
3-9-2-3-14-1,3,9.0,2.0,3,14,1,23,21,1,50,0.36,0.06788225099390856,48.88
3-14-0-2-21-1,3,14.0,0.0,2,21,1,30,25,1,50,0.36,0.06788225099390856,58.08
4-10-0-4-24-1,4,10.0,0.0,4,24,1,40,25,1,50,0.36,0.06788225099390856,54.8
3-9-0-2-13-1,3,9.0,0.0,2,13,1,31,25,1,50,0.36,0.06788225099390856,50.68
3-12-3-2-20-1,3,12.0,3.0,2,20,1,28,15,2,50,0.36,0.06788225099390856,51.76
3-13-3-3-25-0,3,13.0,3.0,3,25,0,19,14,2,50,0.36,0.06788225099390856,54.7
2-13-4-2-17-1,2,13.0,4.0,2,17,1,30,23,1,50,0.36,0.06788225099390856,52.22
3-11-2-3-21-0,3,11.0,2.0,3,21,0,15,10,2,50,0.36,0.06788225099390856,50.62
2-12-5-4-17-2,2,12.0,5.0,4,17,2,35,22,2,50,0.36,0.06788225099390856,51.0
3-10-3-3-20-0,3,10.0,3.0,3,20,0,28,24,3,50,0.36,0.06788225099390856,53.74
3-12-2-3-25-0,3,12.0,2.0,3,25,0,30,24,1,50,0.34,0.0669925368977769,53.22
3-11-4-2-24-1,3,11.0,4.0,2,24,1,34,25,1,50,0.34,0.0669925368977769,50.38
3-13-2-2-24-1,3,13.0,2.0,2,24,1,20,15,1,50,0.34,0.0669925368977769,53.78
4-8-2-2-19-1,4,8.0,2.0,2,19,1,38,25,2,50,0.34,0.0669925368977769,54.9
4-10-3-3-25-0,4,10.0,3.0,3,25,0,28,14,1,50,0.34,0.0669925368977769,56.76
3-12-2-3-24-0,3,12.0,2.0,3,24,0,23,18,1,50,0.34,0.0669925368977769,52.1
3-11-6-3-26-1,3,11.0,6.0,3,26,1,37,21,2,50,0.34,0.0669925368977769,50.4
3-13-4-3-24-0,3,13.0,4.0,3,24,0,19,10,1,50,0.34,0.0669925368977769,53.86
4-6-3-2-18-1,4,6.0,3.0,2,18,1,40,15,1,50,0.34,0.0669925368977769,54.6
4-11-3-2-23-1,4,11.0,3.0,2,23,1,32,15,2,50,0.34,0.0669925368977769,54.22
3-7-3-2-14-1,3,7.0,3.0,2,14,1,41,35,1,50,0.34,0.0669925368977769,51.8
3-10-6-2-23-0,3,10.0,6.0,2,23,0,29,14,1,50,0.34,0.0669925368977769,53.42
3-8-0-3-15-2,3,8.0,0.0,3,15,2,40,36,1,50,0.34,0.0669925368977769,51.02
4-12-0-3-22-0,4,12.0,0.0,3,22,0,5,0,1,50,0.34,0.0669925368977769,52.1
4-5-0-3-12-0,4,5.0,0.0,3,12,0,24,10,1,50,0.34,0.0669925368977769,50.04
2-5-2-3-7-2,2,5.0,2.0,3,7,2,36,26,1,50,0.34,0.0669925368977769,47.26
3-11-4-3-25-0,3,11.0,4.0,3,25,0,29,20,1,50,0.34,0.0669925368977769,53.4
3-12-7-2-27-0,3,12.0,7.0,2,27,0,31,24,1,50,0.34,0.0669925368977769,50.62
3-10-4-3-21-1,3,10.0,4.0,3,21,1,23,15,2,50,0.34,0.0669925368977769,55.84
3-11-3-2-21-0,3,11.0,3.0,2,21,0,15,10,1,50,0.34,0.0669925368977769,49.86
3-14-2-3-21-0,3,14.0,2.0,3,21,0,21,8,1,50,0.34,0.0669925368977769,51.82
3-10-2-2-16-0,3,10.0,2.0,2,16,0,36,30,3,50,0.34,0.0669925368977769,48.5
2-14-3-4-17-0,2,14.0,3.0,4,17,0,17,14,1,50,0.34,0.0669925368977769,52.14
3-7-5-2-18-1,3,7.0,5.0,2,18,1,58,35,1,50,0.34,0.0669925368977769,50.96
5-11-0-1-23-0,5,11.0,0.0,1,23,0,15,10,1,50,0.34,0.0669925368977769,56.14
2-10-0-2-10-0,2,10.0,0.0,2,10,0,20,18,2,50,0.34,0.0669925368977769,47.98
3-11-3-3-18-1,3,11.0,3.0,3,18,1,28,21,1,50,0.34,0.0669925368977769,50.44
2-4-2-3-6-2,2,4.0,2.0,3,6,2,40,36,3,50,0.34,0.0669925368977769,48.88
3-8-4-3-18-0,3,8.0,4.0,3,18,0,27,10,1,50,0.34,0.0669925368977769,50.9
1-7-7-4-7-2,1,7.0,7.0,4,7,2,34,32,4,50,0.34,0.0669925368977769,49.02
4-11-3-3-26-0,4,11.0,3.0,3,26,0,19,4,1,50,0.34,0.0669925368977769,53.48
2-9-7-2-16-1,2,9.0,7.0,2,16,1,29,25,1,50,0.34,0.0669925368977769,50.48
3-10-6-2-25-0,3,10.0,6.0,2,25,0,45,30,1,50,0.34,0.0669925368977769,54.6
2-13-11-3-24-0,2,13.0,11.0,3,24,0,30,24,2,50,0.34,0.0669925368977769,51.2
4-9-0-2-23-0,4,9.0,0.0,2,23,0,19,4,1,50,0.34,0.0669925368977769,52.48
3-14-4-3-23-1,3,14.0,4.0,3,23,1,42,25,1,50,0.34,0.0669925368977769,53.38
3-11-0-3-21-0,3,11.0,0.0,3,21,0,19,14,1,50,0.34,0.0669925368977769,48.56
3-4-2-3-9-0,3,4.0,2.0,3,9,0,14,10,1,50,0.34,0.0669925368977769,47.74
3-12-0-3-15-1,3,12.0,0.0,3,15,1,18,15,2,50,0.34,0.0669925368977769,54.52
2-6-4-3-10-1,2,6.0,4.0,3,10,1,54,39,2,50,0.34,0.0669925368977769,52.08
3-10-3-3-21-1,3,10.0,3.0,3,21,1,23,19,2,50,0.34,0.0669925368977769,52.12
3-10-6-3-25-0,3,10.0,6.0,3,25,0,25,10,1,50,0.34,0.0669925368977769,51.52
2-10-3-5-13-1,2,10.0,3.0,5,13,1,27,25,1,50,0.34,0.0669925368977769,49.92
3-13-4-3-25-1,3,13.0,4.0,3,25,1,44,35,1,50,0.34,0.0669925368977769,55.7
3-6-0-3-10-0,3,6.0,0.0,3,10,0,43,28,1,50,0.34,0.0669925368977769,49.0
3-7-2-3-12-2,3,7.0,2.0,3,12,2,28,26,1,50,0.34,0.0669925368977769,52.32
2-10-5-2-15-2,2,10.0,5.0,2,15,2,38,26,1,50,0.34,0.0669925368977769,51.6
3-10-0-3-18-1,3,10.0,0.0,3,18,1,23,19,3,50,0.34,0.0669925368977769,50.46
4-6-0-2-11-1,4,6.0,0.0,2,11,1,32,21,1,50,0.34,0.0669925368977769,52.98
3-10-6-4-23-1,3,10.0,6.0,4,23,1,36,21,1,50,0.34,0.0669925368977769,48.28
3-10-2-3-20-0,3,10.0,2.0,3,20,0,12,8,1,50,0.34,0.0669925368977769,51.96
3-14-3-3-26-0,3,14.0,3.0,3,26,0,25,20,1,50,0.34,0.0669925368977769,54.08
3-13-6-2-30-0,3,13.0,6.0,2,30,0,35,18,1,50,0.34,0.0669925368977769,52.76
2-12-0-4-12-1,2,12.0,0.0,4,12,1,34,31,1,50,0.34,0.0669925368977769,51.88
3-8-3-4-18-1,3,8.0,3.0,4,18,1,39,35,1,50,0.34,0.0669925368977769,52.4
3-11-2-3-16-0,3,11.0,2.0,3,16,0,17,14,1,50,0.34,0.0669925368977769,51.72
3-10-2-4-18-0,3,10.0,2.0,4,18,0,37,24,1,50,0.34,0.0669925368977769,53.54
3-7-0-3-11-1,3,7.0,0.0,3,11,1,25,19,2,50,0.34,0.0669925368977769,47.5
3-12-4-2-22-0,3,12.0,4.0,2,22,0,32,14,1,50,0.34,0.0669925368977769,49.82
2-6-5-3-11-2,2,6.0,5.0,3,11,2,57,36,1,50,0.34,0.0669925368977769,51.12
3-10-5-2-22-1,3,10.0,5.0,2,22,1,29,15,2,50,0.34,0.0669925368977769,52.44
3-13-2-2-20-1,3,13.0,2.0,2,20,1,34,21,1,50,0.34,0.0669925368977769,52.64
3-11-3-2-20-1,3,11.0,3.0,2,20,1,49,35,1,50,0.34,0.0669925368977769,56.08
3-14-2-3-23-3,3,14.0,2.0,3,23,3,48,43,1,50,0.34,0.0669925368977769,52.9
4-8-0-2-15-0,4,8.0,0.0,2,15,0,16,10,1,50,0.34,0.0669925368977769,46.52
4-8-2-4-23-0,4,8.0,2.0,4,23,0,29,14,1,50,0.34,0.0669925368977769,50.9
3-14-4-3-25-1,3,14.0,4.0,3,25,1,24,15,1,50,0.34,0.0669925368977769,53.2
3-13-3-3-20-0,3,13.0,3.0,3,20,0,17,10,1,50,0.34,0.0669925368977769,52.04
1-12-12-4-12-1,1,12.0,12.0,4,12,1,24,21,4,50,0.34,0.0669925368977769,49.54
3-11-6-4-27-0,3,11.0,6.0,4,27,0,30,14,1,50,0.34,0.0669925368977769,49.76
2-9-3-2-12-2,2,9.0,3.0,2,12,2,34,32,1,50,0.34,0.0669925368977769,50.06
4-10-2-3-22-0,4,10.0,2.0,3,22,0,21,4,1,50,0.34,0.0669925368977769,50.98
4-11-2-2-32-0,4,11.0,2.0,2,32,0,27,20,3,50,0.34,0.0669925368977769,55.68
2-11-6-4-17-1,2,11.0,6.0,4,17,1,33,19,3,50,0.34,0.0669925368977769,48.02
3-5-2-3-10-1,3,5.0,2.0,3,10,1,35,25,2,50,0.34,0.0669925368977769,53.34
3-9-2-2-18-1,3,9.0,2.0,2,18,1,19,15,1,50,0.34,0.0669925368977769,52.36
1-4-4-4-4-2,1,4.0,4.0,4,4,2,50,46,3,50,0.34,0.0669925368977769,52.16
2-10-5-2-15-1,2,10.0,5.0,2,15,1,37,25,2,50,0.34,0.0669925368977769,53.82
2-13-4-2-17-0,2,13.0,4.0,2,17,0,21,14,1,50,0.34,0.0669925368977769,48.7
3-7-4-2-16-1,3,7.0,4.0,2,16,1,37,21,1,50,0.34,0.0669925368977769,48.94
4-8-0-3-16-0,4,8.0,0.0,3,16,0,16,4,1,50,0.34,0.0669925368977769,47.22
3-8-0-2-12-1,3,8.0,0.0,2,12,1,35,29,1,50,0.34,0.0669925368977769,51.66
2-12-4-3-16-2,2,12.0,4.0,3,16,2,39,32,2,50,0.34,0.0669925368977769,53.42
3-12-4-3-26-1,3,12.0,4.0,3,26,1,24,15,2,50,0.32,0.06596969000988256,51.2
3-8-0-3-12-1,3,8.0,0.0,3,12,1,31,25,2,50,0.32,0.06596969000988256,51.18
3-13-0-3-20-0,3,13.0,0.0,3,20,0,9,4,1,50,0.32,0.06596969000988256,51.2
3-7-4-3-17-1,3,7.0,4.0,3,17,1,38,21,2,50,0.32,0.06596969000988256,52.24
3-10-2-4-16-1,3,10.0,2.0,4,16,1,31,25,1,50,0.32,0.06596969000988256,52.56
3-14-5-2-25-0,3,14.0,5.0,2,25,0,28,4,2,50,0.32,0.06596969000988256,46.46
4-9-2-2-25-0,4,9.0,2.0,2,25,0,25,10,1,50,0.32,0.06596969000988256,53.46
4-11-0-2-22-1,4,11.0,0.0,2,22,1,16,11,3,50,0.32,0.06596969000988256,52.74
2-13-3-3-16-1,2,13.0,3.0,3,16,1,28,25,3,50,0.32,0.06596969000988256,52.18
2-14-4-4-18-1,2,14.0,4.0,4,18,1,32,25,1,50,0.32,0.06596969000988256,52.42
2-10-6-4-16-1,2,10.0,6.0,4,16,1,38,25,1,50,0.32,0.06596969000988256,50.06
4-11-0-2-17-0,4,11.0,0.0,2,17,0,21,14,1,50,0.32,0.06596969000988256,54.24
3-9-5-3-22-0,3,9.0,5.0,3,22,0,38,24,1,50,0.32,0.06596969000988256,46.46
2-4-2-3-6-0,2,4.0,2.0,3,6,0,18,14,1,50,0.32,0.06596969000988256,44.08
3-8-3-2-15-1,3,8.0,3.0,2,15,1,35,29,1,50,0.32,0.06596969000988256,49.9
3-12-2-3-22-0,3,12.0,2.0,3,22,0,9,4,2,50,0.32,0.06596969000988256,53.56
2-13-6-3-19-0,2,13.0,6.0,3,19,0,38,24,4,50,0.32,0.06596969000988256,47.18
3-4-0-2-7-1,3,4.0,0.0,2,7,1,33,29,2,50,0.32,0.06596969000988256,52.8
2-10-6-2-16-1,2,10.0,6.0,2,16,1,34,21,1,50,0.32,0.06596969000988256,52.16
3-11-0-2-14-1,3,11.0,0.0,2,14,1,18,15,1,50,0.32,0.06596969000988256,47.64
2-8-7-3-15-2,2,8.0,7.0,3,15,2,44,40,2,50,0.32,0.06596969000988256,52.1
2-10-9-2-19-1,2,10.0,9.0,2,19,1,29,25,2,50,0.32,0.06596969000988256,50.4
3-14-6-2-31-0,3,14.0,6.0,2,31,0,37,20,1,50,0.32,0.06596969000988256,54.34
4-9-2-4-25-0,4,9.0,2.0,4,25,0,29,14,1,50,0.32,0.06596969000988256,53.24
3-13-0-3-22-0,3,13.0,0.0,3,22,0,19,14,1,50,0.32,0.06596969000988256,50.44
2-13-6-3-19-1,2,13.0,6.0,3,19,1,39,25,1,50,0.32,0.06596969000988256,52.16
3-13-0-3-17-0,3,13.0,0.0,3,17,0,17,10,2,50,0.32,0.06596969000988256,48.52
3-9-6-3-23-1,3,9.0,6.0,3,23,1,30,15,2,50,0.32,0.06596969000988256,50.16
2-13-6-5-19-1,2,13.0,6.0,5,19,1,43,29,1,50,0.32,0.06596969000988256,50.98
3-12-7-3-28-1,3,12.0,7.0,3,28,1,22,15,1,50,0.32,0.06596969000988256,49.76
3-13-5-2-25-0,3,13.0,5.0,2,25,0,33,18,1,50,0.32,0.06596969000988256,49.46
3-9-2-4-16-1,3,9.0,2.0,4,16,1,33,21,1,50,0.32,0.06596969000988256,46.98
3-13-4-3-22-1,3,13.0,4.0,3,22,1,32,15,2,50,0.32,0.06596969000988256,52.72
3-8-2-4-14-0,3,8.0,2.0,4,14,0,14,8,1,50,0.32,0.06596969000988256,45.26
2-12-6-2-18-1,2,12.0,6.0,2,18,1,39,25,1,50,0.32,0.06596969000988256,51.16
2-11-0-3-11-0,2,11.0,0.0,3,11,0,15,12,2,50,0.32,0.06596969000988256,47.18
3-9-5-3-21-0,3,9.0,5.0,3,21,0,32,18,1,50,0.32,0.06596969000988256,48.52
2-7-4-3-11-2,2,7.0,4.0,3,11,2,48,42,3,50,0.32,0.06596969000988256,49.96
3-10-0-2-14-0,3,10.0,0.0,2,14,0,20,14,2,50,0.32,0.06596969000988256,48.82
3-9-6-2-22-0,3,9.0,6.0,2,22,0,33,18,2,50,0.32,0.06596969000988256,49.62
4-9-0-2-19-0,4,9.0,0.0,2,19,0,8,4,1,50,0.32,0.06596969000988256,50.24
3-9-2-3-18-0,3,9.0,2.0,3,18,0,12,8,1,50,0.32,0.06596969000988256,46.3
3-13-3-2-24-0,3,13.0,3.0,2,24,0,23,18,2,50,0.32,0.06596969000988256,51.26
3-11-5-3-24-0,3,11.0,5.0,3,24,0,15,0,1,50,0.32,0.06596969000988256,44.04
2-9-7-3-16-0,2,9.0,7.0,3,16,0,18,14,2,50,0.32,0.06596969000988256,49.32
2-9-0-2-9-1,2,9.0,0.0,2,9,1,33,31,3,50,0.32,0.06596969000988256,50.34
2-12-0-3-12-0,2,12.0,0.0,3,12,0,37,34,1,50,0.32,0.06596969000988256,51.6
2-8-5-2-13-0,2,8.0,5.0,2,13,0,16,4,1,50,0.32,0.06596969000988256,52.08
3-13-0-2-16-0,3,13.0,0.0,2,16,0,21,18,1,50,0.32,0.06596969000988256,51.46
3-11-7-4-28-1,3,11.0,7.0,4,28,1,32,25,1,50,0.32,0.06596969000988256,53.64
3-13-4-3-27-0,3,13.0,4.0,3,27,0,17,8,1,50,0.32,0.06596969000988256,52.58
3-13-3-2-20-0,3,13.0,3.0,2,20,0,15,8,2,50,0.32,0.06596969000988256,53.5
4-12-0-2-28-0,4,12.0,0.0,2,28,0,16,0,1,50,0.32,0.06596969000988256,51.76
3-10-0-3-15-1,3,10.0,0.0,3,15,1,37,25,1,50,0.32,0.06596969000988256,47.02
3-10-5-3-22-0,3,10.0,5.0,3,22,0,28,14,1,50,0.32,0.06596969000988256,48.24
2-7-2-3-9-1,2,7.0,2.0,3,9,1,33,31,3,50,0.32,0.06596969000988256,47.46
2-11-2-5-13-1,2,11.0,2.0,5,13,1,34,31,1,50,0.32,0.06596969000988256,49.34
3-6-4-2-15-0,3,6.0,4.0,2,15,0,43,18,1,50,0.32,0.06596969000988256,45.96
3-13-6-3-30-1,3,13.0,6.0,3,30,1,32,15,1,50,0.32,0.06596969000988256,50.04
3-7-0-3-10-1,3,7.0,0.0,3,10,1,37,35,1,50,0.32,0.06596969000988256,49.72
3-9-3-3-16-0,3,9.0,3.0,3,16,0,20,14,1,50,0.32,0.06596969000988256,48.98
3-10-4-2-19-0,3,10.0,4.0,2,19,0,26,10,2,50,0.32,0.06596969000988256,46.9
3-12-2-3-18-0,3,12.0,2.0,3,18,0,15,8,1,50,0.32,0.06596969000988256,49.22
3-12-4-3-22-1,3,12.0,4.0,3,22,1,39,21,2,50,0.32,0.06596969000988256,49.46
4-11-2-2-20-0,4,11.0,2.0,2,20,0,11,4,1,50,0.32,0.06596969000988256,48.18
3-12-5-3-23-0,3,12.0,5.0,3,23,0,44,20,1,50,0.32,0.06596969000988256,49.5
2-14-5-2-19-0,2,14.0,5.0,2,19,0,45,32,2,50,0.3,0.0648074069840786,51.3
4-11-4-2-26-0,4,11.0,4.0,2,26,0,42,14,1,50,0.3,0.0648074069840786,47.94
2-10-5-2-15-0,2,10.0,5.0,2,15,0,32,20,1,50,0.3,0.0648074069840786,43.92
2-11-0-4-11-1,2,11.0,0.0,4,11,1,18,15,1,50,0.3,0.0648074069840786,46.7
2-4-0-2-4-1,2,4.0,0.0,2,4,1,37,33,1,50,0.3,0.0648074069840786,48.3
2-6-0-2-6-1,2,6.0,0.0,2,6,1,36,25,1,50,0.3,0.0648074069840786,50.54
2-12-5-4-17-0,2,12.0,5.0,4,17,0,37,24,2,50,0.3,0.0648074069840786,49.02
3-9-0-3-15-0,3,9.0,0.0,3,15,0,21,8,1,50,0.3,0.0648074069840786,49.28
4-12-2-3-25-0,4,12.0,2.0,3,25,0,19,10,1,50,0.3,0.0648074069840786,52.58
3-8-3-3-18-1,3,8.0,3.0,3,18,1,19,15,1,50,0.3,0.0648074069840786,51.28
4-10-2-2-29-0,4,10.0,2.0,2,29,0,24,18,1,50,0.3,0.0648074069840786,49.66
2-7-2-4-9-1,2,7.0,2.0,4,9,1,33,31,1,50,0.3,0.0648074069840786,49.42
3-11-0-3-16-0,3,11.0,0.0,3,16,0,27,14,1,50,0.3,0.0648074069840786,50.1
4-11-2-2-24-0,4,11.0,2.0,2,24,0,13,4,2,50,0.3,0.0648074069840786,48.02
3-9-0-3-16-0,3,9.0,0.0,3,16,0,28,24,1,50,0.3,0.0648074069840786,50.1
2-13-10-3-23-0,2,13.0,10.0,3,23,0,23,18,3,50,0.3,0.0648074069840786,49.62
2-12-2-5-14-0,2,12.0,2.0,5,14,0,27,24,1,50,0.3,0.0648074069840786,49.66
3-8-3-2-15-0,3,8.0,3.0,2,15,0,30,24,1,50,0.3,0.0648074069840786,46.34
3-9-3-3-18-0,3,9.0,3.0,3,18,0,23,10,2,50,0.3,0.0648074069840786,46.9
2-9-6-3-15-1,2,9.0,6.0,3,15,1,38,25,2,50,0.3,0.0648074069840786,52.2
3-5-2-3-11-1,3,5.0,2.0,3,11,1,25,11,1,50,0.3,0.0648074069840786,41.7
1-4-4-5-4-2,1,4.0,4.0,5,4,2,40,36,1,50,0.3,0.0648074069840786,45.74
1-13-13-4-13-0,1,13.0,13.0,4,13,0,17,14,1,50,0.3,0.0648074069840786,47.28
3-12-3-2-23-0,3,12.0,3.0,2,23,0,19,14,1,50,0.3,0.0648074069840786,47.78
3-7-2-3-14-0,3,7.0,2.0,3,14,0,30,18,3,50,0.3,0.0648074069840786,46.52
2-9-7-3-16-2,2,9.0,7.0,3,16,2,30,26,3,50,0.3,0.0648074069840786,46.74
4-7-0-2-12-0,4,7.0,0.0,2,12,0,2,0,1,50,0.3,0.0648074069840786,47.56
3-9-3-3-18-1,3,9.0,3.0,3,18,1,38,25,1,50,0.3,0.0648074069840786,49.38
2-13-7-4-20-0,2,13.0,7.0,4,20,0,29,24,2,50,0.3,0.0648074069840786,51.22
2-5-2-2-7-1,2,5.0,2.0,2,7,1,21,11,2,50,0.3,0.0648074069840786,41.06
3-14-0-4-20-1,3,14.0,0.0,4,20,1,35,21,1,50,0.3,0.0648074069840786,51.8
4-13-2-2-23-0,4,13.0,2.0,2,23,0,21,8,1,50,0.3,0.0648074069840786,51.6
2-11-10-2-21-0,2,11.0,10.0,2,21,0,5,0,1,50,0.3,0.0648074069840786,43.34
3-14-0-4-20-0,3,14.0,0.0,4,20,0,28,14,1,50,0.3,0.0648074069840786,46.64
3-10-3-3-22-1,3,10.0,3.0,3,22,1,15,11,2,50,0.3,0.0648074069840786,48.36
3-9-4-4-21-0,3,9.0,4.0,4,21,0,32,24,1,50,0.3,0.0648074069840786,53.04
3-10-3-3-22-0,3,10.0,3.0,3,22,0,28,24,1,50,0.3,0.0648074069840786,48.06
3-9-2-3-16-0,3,9.0,2.0,3,16,0,30,18,1,50,0.3,0.0648074069840786,49.78
3-11-3-3-24-1,3,11.0,3.0,3,24,1,20,15,1,50,0.3,0.0648074069840786,48.42
3-13-0-2-15-0,3,13.0,0.0,2,15,0,17,14,1,50,0.3,0.0648074069840786,48.56
2-10-8-2-18-1,2,10.0,8.0,2,18,1,23,19,1,50,0.3,0.0648074069840786,47.56
2-14-4-4-18-0,2,14.0,4.0,4,18,0,25,18,1,50,0.3,0.0648074069840786,47.64
3-9-3-4-19-1,3,9.0,3.0,4,19,1,23,19,2,50,0.3,0.0648074069840786,47.96
3-11-0-2-15-0,3,11.0,0.0,2,15,0,25,18,1,50,0.3,0.0648074069840786,46.96
2-7-6-3-13-0,2,7.0,6.0,3,13,0,37,24,2,50,0.3,0.0648074069840786,45.08
3-13-2-3-18-0,3,13.0,2.0,3,18,0,17,14,2,50,0.3,0.0648074069840786,49.24
3-11-4-3-22-0,3,11.0,4.0,3,22,0,19,10,1,50,0.3,0.0648074069840786,49.24
2-4-3-2-7-0,2,4.0,3.0,2,7,0,38,34,1,50,0.3,0.0648074069840786,43.04
2-10-5-3-15-2,2,10.0,5.0,3,15,2,38,26,1,50,0.3,0.0648074069840786,47.48
2-9-6-3-15-0,2,9.0,6.0,3,15,0,37,24,1,50,0.3,0.0648074069840786,49.9
3-8-5-4-20-0,3,8.0,5.0,4,20,0,18,4,1,50,0.3,0.0648074069840786,46.32
2-8-7-2-15-1,2,8.0,7.0,2,15,1,39,35,1,50,0.3,0.0648074069840786,50.18
3-11-4-3-21-0,3,11.0,4.0,3,21,0,42,24,1,50,0.3,0.0648074069840786,50.38
3-11-3-3-23-0,3,11.0,3.0,3,23,0,15,10,1,50,0.3,0.0648074069840786,49.22
2-9-0-2-9-0,2,9.0,0.0,2,9,0,20,18,1,50,0.3,0.0648074069840786,45.82
3-10-5-3-22-1,3,10.0,5.0,3,22,1,29,15,1,50,0.3,0.0648074069840786,45.2
3-14-7-2-30-3,3,14.0,7.0,2,30,3,44,37,1,50,0.3,0.0648074069840786,51.24
2-8-7-3-15-1,2,8.0,7.0,3,15,1,29,25,4,50,0.3,0.0648074069840786,50.36
2-5-3-2-8-2,2,5.0,3.0,2,8,2,42,32,2,50,0.3,0.0648074069840786,47.2
3-7-3-2-15-1,3,7.0,3.0,2,15,1,31,19,1,50,0.3,0.0648074069840786,43.24
1-11-11-4-11-1,1,11.0,11.0,4,11,1,18,15,2,50,0.28,0.06349803146555018,44.58
3-10-2-3-16-1,3,10.0,2.0,3,16,1,21,15,5,50,0.28,0.06349803146555018,47.98
3-8-3-3-16-0,3,8.0,3.0,3,16,0,16,4,1,50,0.28,0.06349803146555018,45.6
1-2-2-5-2-2,1,2.0,2.0,5,2,2,36,36,1,50,0.28,0.06349803146555018,49.02
4-4-0-2-9-0,4,4.0,0.0,2,9,0,12,8,1,50,0.28,0.06349803146555018,44.04
4-7-0-3-15-0,4,7.0,0.0,3,15,0,21,8,1,50,0.28,0.06349803146555018,47.74
3-14-4-3-24-1,3,14.0,4.0,3,24,1,49,31,1,50,0.28,0.06349803146555018,53.42
2-5-2-3-7-1,2,5.0,2.0,3,7,1,33,23,1,50,0.28,0.06349803146555018,45.5
3-13-6-4-26-0,3,13.0,6.0,4,26,0,20,4,1,50,0.28,0.06349803146555018,51.38
3-12-3-3-21-0,3,12.0,3.0,3,21,0,38,24,1,50,0.28,0.06349803146555018,49.64
4-9-0-3-22-0,4,9.0,0.0,3,22,0,24,10,1,50,0.28,0.06349803146555018,49.06
3-10-4-3-22-0,3,10.0,4.0,3,22,0,18,10,1,50,0.28,0.06349803146555018,48.32
3-9-2-3-17-0,3,9.0,2.0,3,17,0,31,18,1,50,0.28,0.06349803146555018,46.74
3-9-0-4-16-0,3,9.0,0.0,4,16,0,8,4,1,50,0.28,0.06349803146555018,48.16
3-13-3-4-24-0,3,13.0,3.0,4,24,0,19,14,1,50,0.28,0.06349803146555018,47.62
3-10-2-2-17-0,3,10.0,2.0,2,17,0,26,14,1,50,0.28,0.06349803146555018,42.64
3-8-3-3-16-1,3,8.0,3.0,3,16,1,41,29,1,50,0.28,0.06349803146555018,51.9
4-7-3-2-19-3,4,7.0,3.0,2,19,3,49,33,1,50,0.28,0.06349803146555018,47.76
3-10-4-2-21-0,3,10.0,4.0,2,21,0,28,20,2,50,0.28,0.06349803146555018,45.3
2-6-4-2-10-1,2,6.0,4.0,2,10,1,40,25,1,50,0.28,0.06349803146555018,45.46
3-4-2-3-9-1,3,4.0,2.0,3,9,1,15,11,1,50,0.28,0.06349803146555018,46.7
2-7-5-2-12-1,2,7.0,5.0,2,12,1,27,15,1,50,0.28,0.06349803146555018,45.78
3-12-2-2-17-0,3,12.0,2.0,2,17,0,13,10,2,50,0.28,0.06349803146555018,48.54
2-11-0-3-11-1,2,11.0,0.0,3,11,1,28,25,4,50,0.28,0.06349803146555018,50.2
3-10-4-3-19-0,3,10.0,4.0,3,19,0,30,14,1,50,0.28,0.06349803146555018,46.42
2-4-0-2-4-0,2,4.0,0.0,2,4,0,12,8,1,50,0.28,0.06349803146555018,42.14
2-14-7-4-21-0,2,14.0,7.0,4,21,0,19,14,2,50,0.28,0.06349803146555018,49.16
2-6-3-2-9-0,2,6.0,3.0,2,9,0,25,14,1,50,0.28,0.06349803146555018,44.0
3-11-0-3-13-1,3,11.0,0.0,3,13,1,28,25,1,50,0.28,0.06349803146555018,49.24
3-12-0-2-18-0,3,12.0,0.0,2,18,0,28,14,2,50,0.28,0.06349803146555018,48.6
4-10-3-3-27-0,4,10.0,3.0,3,27,0,18,4,1,50,0.28,0.06349803146555018,48.42
2-12-9-3-21-0,2,12.0,9.0,3,21,0,23,18,1,50,0.28,0.06349803146555018,49.18
2-11-10-4-21-1,2,11.0,10.0,4,21,1,24,19,1,50,0.28,0.06349803146555018,49.18
3-12-0-4-21-1,3,12.0,0.0,4,21,1,26,21,1,50,0.28,0.06349803146555018,50.04
3-7-3-4-15-1,3,7.0,3.0,4,15,1,47,35,1,50,0.28,0.06349803146555018,48.96
2-10-2-3-12-1,2,10.0,2.0,3,12,1,23,21,5,50,0.28,0.06349803146555018,50.06
3-11-0-2-16-0,3,11.0,0.0,2,16,0,31,18,2,50,0.28,0.06349803146555018,47.56
2-10-0-2-10-1,2,10.0,0.0,2,10,1,27,25,2,50,0.28,0.06349803146555018,45.22
2-10-8-5-18-1,2,10.0,8.0,5,18,1,29,25,1,50,0.28,0.06349803146555018,46.94
3-9-0-3-15-1,3,9.0,0.0,3,15,1,24,11,1,50,0.28,0.06349803146555018,47.62
3-12-4-3-26-0,3,12.0,4.0,3,26,0,23,14,1,50,0.28,0.06349803146555018,45.94
3-4-0-3-6-2,3,4.0,0.0,3,6,2,26,22,1,50,0.28,0.06349803146555018,50.3
2-11-3-5-14-1,2,11.0,3.0,5,14,1,28,25,1,50,0.28,0.06349803146555018,45.36
3-9-3-2-16-0,3,9.0,3.0,2,16,0,16,10,1,50,0.28,0.06349803146555018,45.7
3-12-7-2-28-0,3,12.0,7.0,2,28,0,21,14,2,50,0.28,0.06349803146555018,52.74
3-8-2-2-14-1,3,8.0,2.0,2,14,1,27,21,1,50,0.28,0.06349803146555018,44.68
2-11-7-4-18-1,2,11.0,7.0,4,18,1,30,25,1,50,0.28,0.06349803146555018,48.12
2-8-2-4-10-0,2,8.0,2.0,4,10,0,26,24,1,50,0.28,0.06349803146555018,45.64
4-7-0-2-13-0,4,7.0,0.0,2,13,0,24,18,3,50,0.26,0.06203224967708329,48.12
3-11-3-2-20-0,3,11.0,3.0,2,20,0,42,28,1,50,0.26,0.06203224967708329,46.36
3-9-2-3-14-0,3,9.0,2.0,3,14,0,2,0,4,50,0.26,0.06203224967708329,45.22
2-6-4-2-10-0,2,6.0,4.0,2,10,0,27,12,1,50,0.26,0.06203224967708329,41.0
2-7-0-3-7-2,2,7.0,0.0,3,7,2,42,40,3,50,0.26,0.06203224967708329,44.66
2-5-0-3-5-1,2,5.0,0.0,3,5,1,41,31,3,50,0.26,0.06203224967708329,45.08
3-8-0-3-12-0,3,8.0,0.0,3,12,0,34,28,1,50,0.26,0.06203224967708329,49.82
3-8-0-2-12-0,3,8.0,0.0,2,12,0,20,14,1,50,0.26,0.06203224967708329,45.54
3-10-2-2-15-0,3,10.0,2.0,2,15,0,20,18,1,50,0.26,0.06203224967708329,48.54
2-5-3-3-8-2,2,5.0,3.0,3,8,2,46,36,3,50,0.26,0.06203224967708329,47.3
3-10-0-2-15-1,3,10.0,0.0,2,15,1,31,19,1,50,0.26,0.06203224967708329,43.18
2-11-6-5-17-1,2,11.0,6.0,5,17,1,39,25,1,50,0.26,0.06203224967708329,46.04
3-8-4-2-17-0,3,8.0,4.0,2,17,0,26,10,1,50,0.26,0.06203224967708329,45.72
3-7-0-4-11-0,3,7.0,0.0,4,11,0,20,14,1,50,0.26,0.06203224967708329,42.44
3-8-2-3-14-0,3,8.0,2.0,3,14,0,24,18,1,50,0.26,0.06203224967708329,43.32
3-11-5-3-22-0,3,11.0,5.0,3,22,0,32,8,1,50,0.26,0.06203224967708329,46.02
2-13-6-4-19-1,2,13.0,6.0,4,19,1,53,39,3,50,0.26,0.06203224967708329,48.5
3-7-0-2-10-0,3,7.0,0.0,2,10,0,6,4,1,50,0.26,0.06203224967708329,48.1
3-9-0-2-14-0,3,9.0,0.0,2,14,0,26,14,2,50,0.26,0.06203224967708329,43.0
2-3-2-4-5-2,2,3.0,2.0,4,5,2,32,32,1,50,0.26,0.06203224967708329,44.16
2-7-4-4-11-1,2,7.0,4.0,4,11,1,41,35,1,50,0.26,0.06203224967708329,46.44
2-9-4-2-13-0,2,9.0,4.0,2,13,0,30,24,2,50,0.26,0.06203224967708329,47.3
3-11-5-4-22-0,3,11.0,5.0,4,22,0,38,14,1,50,0.26,0.06203224967708329,47.58
3-14-3-4-23-0,3,14.0,3.0,4,23,0,28,14,1,50,0.26,0.06203224967708329,49.44
1-13-13-3-13-0,1,13.0,13.0,3,13,0,27,24,1,50,0.26,0.06203224967708329,51.98
3-7-0-3-13-1,3,7.0,0.0,3,13,1,38,25,1,50,0.26,0.06203224967708329,49.08
2-5-0-2-5-0,2,5.0,0.0,2,5,0,24,14,1,50,0.26,0.06203224967708329,43.18
4-9-0-3-19-0,4,9.0,0.0,3,19,0,12,8,1,50,0.26,0.06203224967708329,48.38
2-11-6-3-17-2,2,11.0,6.0,3,17,2,40,26,2,50,0.26,0.06203224967708329,47.26
2-12-11-2-23-0,2,12.0,11.0,2,23,0,6,0,2,50,0.26,0.06203224967708329,45.14
4-8-2-2-20-0,4,8.0,2.0,2,20,0,8,4,2,50,0.26,0.06203224967708329,47.58
3-8-3-3-15-0,3,8.0,3.0,3,15,0,20,14,1,50,0.26,0.06203224967708329,43.56
3-6-0-2-8-1,3,6.0,0.0,2,8,1,40,29,1,50,0.26,0.06203224967708329,46.74
1-0-0-4-0-1,1,0.0,0.0,4,0,1,31,31,1,50,0.26,0.06203224967708329,40.92
3-12-0-4-15-0,3,12.0,0.0,4,15,0,17,14,1,50,0.24,0.060398675482166,44.58
2-12-8-3-20-0,2,12.0,8.0,3,20,0,13,8,5,50,0.24,0.060398675482166,43.3
2-4-2-4-6-2,2,4.0,2.0,4,6,2,34,30,1,50,0.24,0.060398675482166,49.84
3-12-6-3-26-0,3,12.0,6.0,3,26,0,20,4,1,50,0.24,0.060398675482166,41.12
4-6-2-2-15-0,4,6.0,2.0,2,15,0,23,8,1,50,0.24,0.060398675482166,48.62
1-7-7-5-7-2,1,7.0,7.0,5,7,2,44,42,1,50,0.24,0.060398675482166,48.82
2-11-0-2-11-0,2,11.0,0.0,2,11,0,17,14,1,50,0.24,0.060398675482166,47.18
3-9-3-3-19-0,3,9.0,3.0,3,19,0,8,4,1,50,0.24,0.060398675482166,46.82
3-11-2-2-19-0,3,11.0,2.0,2,19,0,28,14,2,50,0.24,0.060398675482166,45.2
3-11-2-2-16-0,3,11.0,2.0,2,16,0,13,10,2,50,0.24,0.060398675482166,43.78
3-8-0-3-13-0,3,8.0,0.0,3,13,0,32,20,1,50,0.24,0.060398675482166,45.34
2-13-9-4-22-0,2,13.0,9.0,4,22,0,19,14,1,50,0.24,0.060398675482166,48.56
2-9-6-2-15-0,2,9.0,6.0,2,15,0,33,20,1,50,0.24,0.060398675482166,45.0
3-10-2-2-21-3,3,10.0,2.0,2,21,3,47,43,1,50,0.24,0.060398675482166,46.5
1-2-2-5-2-1,1,2.0,2.0,5,2,1,39,39,2,50,0.24,0.060398675482166,41.78
2-4-0-4-4-0,2,4.0,0.0,4,4,0,14,10,1,50,0.24,0.060398675482166,43.04
3-5-0-2-8-0,3,5.0,0.0,2,8,0,20,10,1,50,0.24,0.060398675482166,40.66
2-12-7-4-19-1,2,12.0,7.0,4,19,1,26,21,1,50,0.24,0.060398675482166,46.12
3-9-6-2-22-1,3,9.0,6.0,2,22,1,46,31,4,50,0.24,0.060398675482166,48.94
2-9-0-4-9-1,2,9.0,0.0,4,9,1,27,25,1,50,0.24,0.060398675482166,44.2
3-9-4-4-20-1,3,9.0,4.0,4,20,1,23,15,1,50,0.24,0.060398675482166,45.9
2-13-0-2-13-0,2,13.0,0.0,2,13,0,13,10,1,50,0.24,0.060398675482166,49.82
4-7-0-3-14-0,4,7.0,0.0,3,14,0,16,4,1,50,0.24,0.060398675482166,45.9
2-4-0-4-4-1,2,4.0,0.0,4,4,1,25,21,1,50,0.24,0.060398675482166,41.34
3-6-3-2-13-0,3,6.0,3.0,2,13,0,39,24,1,50,0.24,0.060398675482166,45.38
2-11-4-4-15-0,2,11.0,4.0,4,15,0,21,14,1,50,0.24,0.060398675482166,42.52
2-4-0-4-4-2,2,4.0,0.0,4,4,2,34,30,1,50,0.24,0.060398675482166,44.28
3-8-5-2-19-0,3,8.0,5.0,2,19,0,37,14,1,50,0.24,0.060398675482166,45.1
2-12-11-3-23-1,2,12.0,11.0,3,23,1,37,31,1,50,0.24,0.060398675482166,55.2
3-10-7-3-26-0,3,10.0,7.0,3,26,0,24,18,2,50,0.24,0.060398675482166,47.56
1-3-3-5-3-1,1,3.0,3.0,5,3,1,15,15,1,50,0.24,0.060398675482166,43.2
2-6-4-4-10-1,2,6.0,4.0,4,10,1,44,29,1,50,0.24,0.060398675482166,43.28
1-8-8-3-8-2,1,8.0,8.0,3,8,2,38,36,2,50,0.24,0.060398675482166,44.56
3-10-0-2-17-1,3,10.0,0.0,2,17,1,25,21,1,50,0.24,0.060398675482166,46.0
3-9-6-3-23-0,3,9.0,6.0,3,23,0,29,14,1,50,0.24,0.060398675482166,44.78
3-8-2-3-13-1,3,8.0,2.0,3,13,1,23,21,2,50,0.24,0.060398675482166,47.84
2-7-6-3-13-1,2,7.0,6.0,3,13,1,42,29,5,50,0.24,0.060398675482166,45.48
3-5-0-3-9-0,3,5.0,0.0,3,9,0,32,18,2,50,0.24,0.060398675482166,45.98
3-9-2-3-15-1,3,9.0,2.0,3,15,1,31,25,1,50,0.24,0.060398675482166,46.14
3-6-2-2-13-0,3,6.0,2.0,2,13,0,41,20,2,50,0.24,0.060398675482166,45.5
3-4-2-2-9-1,3,4.0,2.0,2,9,1,15,11,1,50,0.24,0.060398675482166,48.3
1-3-3-4-3-0,1,3.0,3.0,4,3,0,4,4,1,50,0.24,0.060398675482166,43.62
2-10-6-4-16-0,2,10.0,6.0,4,16,0,37,24,1,50,0.22,0.05858327406350724,39.52
3-11-3-3-24-0,3,11.0,3.0,3,24,0,25,20,1,50,0.22,0.05858327406350724,48.96
2-9-3-2-12-0,2,9.0,3.0,2,12,0,16,14,2,50,0.22,0.05858327406350724,41.94
3-13-0-3-18-0,3,13.0,0.0,3,18,0,27,14,1,50,0.22,0.05858327406350724,42.82
3-11-3-2-23-0,3,11.0,3.0,2,23,0,13,8,1,50,0.22,0.05858327406350724,42.52
1-10-10-4-10-0,1,10.0,10.0,4,10,0,30,28,1,50,0.22,0.05858327406350724,41.82
2-12-4-2-16-0,2,12.0,4.0,2,16,0,35,28,1,50,0.22,0.05858327406350724,45.44
1-5-5-3-5-1,1,5.0,5.0,3,5,1,29,19,5,50,0.22,0.05858327406350724,41.42
1-9-9-5-9-1,1,9.0,9.0,5,9,1,27,25,1,50,0.22,0.05858327406350724,44.88
3-7-0-2-13-0,3,7.0,0.0,2,13,0,31,18,1,50,0.22,0.05858327406350724,46.5
3-9-6-3-22-0,3,9.0,6.0,3,22,0,29,14,1,50,0.22,0.05858327406350724,45.88
2-9-7-2-16-0,2,9.0,7.0,2,16,0,16,12,2,50,0.22,0.05858327406350724,41.26
3-7-2-3-15-1,3,7.0,2.0,3,15,1,28,15,1,50,0.22,0.05858327406350724,45.36
2-3-2-2-5-1,2,3.0,2.0,2,5,1,35,35,1,50,0.22,0.05858327406350724,46.38
2-7-2-2-9-1,2,7.0,2.0,2,9,1,17,15,1,50,0.22,0.05858327406350724,46.64
2-10-7-2-17-0,2,10.0,7.0,2,17,0,12,8,1,50,0.22,0.05858327406350724,42.1
3-9-4-2-21-0,3,9.0,4.0,2,21,0,22,14,1,50,0.22,0.05858327406350724,43.74
3-4-2-2-9-0,3,4.0,2.0,2,9,0,8,4,1,50,0.22,0.05858327406350724,40.74
3-8-0-2-15-0,3,8.0,0.0,2,15,0,16,12,2,50,0.22,0.05858327406350724,43.14
2-9-5-3-14-0,2,9.0,5.0,3,14,0,26,14,2,50,0.22,0.05858327406350724,45.68
1-12-12-4-12-0,1,12.0,12.0,4,12,0,21,18,2,50,0.22,0.05858327406350724,45.52
3-5-0-3-7-1,3,5.0,0.0,3,7,1,25,15,1,50,0.22,0.05858327406350724,44.44
3-11-3-2-18-1,3,11.0,3.0,2,18,1,32,25,1,50,0.22,0.05858327406350724,48.1
2-11-3-4-14-0,2,11.0,3.0,4,14,0,23,20,1,50,0.22,0.05858327406350724,41.96
4-8-2-2-19-0,4,8.0,2.0,2,19,0,13,0,1,50,0.22,0.05858327406350724,42.46
2-3-0-3-3-0,2,3.0,0.0,3,3,0,14,14,1,50,0.22,0.05858327406350724,41.58
2-12-5-3-17-0,2,12.0,5.0,3,17,0,21,8,4,50,0.22,0.05858327406350724,47.96
3-13-5-2-24-0,3,13.0,5.0,2,24,0,28,4,1,50,0.2,0.05656854249492381,49.12
1-4-4-5-4-0,1,4.0,4.0,5,4,0,28,24,1,50,0.2,0.05656854249492381,40.4
3-11-6-2-25-0,3,11.0,6.0,2,25,0,44,28,1,50,0.2,0.05656854249492381,46.24
3-11-0-2-20-0,3,11.0,0.0,2,20,0,15,10,1,50,0.2,0.05656854249492381,46.12
3-8-2-2-13-0,3,8.0,2.0,2,13,0,6,4,2,50,0.2,0.05656854249492381,40.32
3-10-0-2-13-0,3,10.0,0.0,2,13,0,16,14,1,50,0.2,0.05656854249492381,41.32
2-2-0-3-2-0,2,2.0,0.0,3,2,0,4,4,1,50,0.2,0.05656854249492381,40.4
2-3-2-4-5-1,2,3.0,2.0,4,5,1,39,39,2,50,0.2,0.05656854249492381,43.64
2-5-2-4-7-0,2,5.0,2.0,4,7,0,18,8,1,50,0.2,0.05656854249492381,38.8
1-0-0-3-0-0,1,0.0,0.0,3,0,0,28,28,1,50,0.2,0.05656854249492381,40.84
3-12-6-4-25-0,3,12.0,6.0,4,25,0,20,4,1,50,0.2,0.05656854249492381,44.7
2-5-0-3-5-0,2,5.0,0.0,3,5,0,38,28,3,50,0.2,0.05656854249492381,41.7
1-6-6-4-6-1,1,6.0,6.0,4,6,1,42,31,4,50,0.2,0.05656854249492381,40.9
2-12-2-3-14-1,2,12.0,2.0,3,14,1,28,25,1,50,0.2,0.05656854249492381,45.52
3-6-3-2-14-0,3,6.0,3.0,2,14,0,31,10,1,50,0.18,0.054332310828824504,38.94
3-9-2-3-19-0,3,9.0,2.0,3,19,0,8,4,1,50,0.18,0.054332310828824504,42.76
2-6-5-3-11-1,2,6.0,5.0,3,11,1,32,11,2,50,0.18,0.054332310828824504,45.14
3-13-3-2-24-3,3,13.0,3.0,2,24,3,38,33,1,50,0.18,0.054332310828824504,42.42
2-12-10-4-22-1,2,12.0,10.0,4,22,1,30,25,1,50,0.18,0.054332310828824504,47.8
2-6-4-4-10-0,2,6.0,4.0,4,10,0,33,18,1,50,0.18,0.054332310828824504,38.46
2-5-0-4-5-0,2,5.0,0.0,4,5,0,14,4,1,50,0.18,0.054332310828824504,42.58
1-4-4-4-4-0,1,4.0,4.0,4,4,0,32,28,3,50,0.18,0.054332310828824504,39.88
2-12-2-4-14-0,2,12.0,2.0,4,14,0,17,14,1,50,0.18,0.054332310828824504,41.88
2-2-0-4-2-1,2,2.0,0.0,4,2,1,15,15,3,50,0.16,0.05184592558726288,41.28
2-6-3-4-9-0,2,6.0,3.0,4,9,0,25,14,2,50,0.16,0.05184592558726288,39.84
3-7-0-2-9-0,3,7.0,0.0,2,9,0,6,4,2,50,0.16,0.05184592558726288,38.84
2-9-4-3-13-0,2,9.0,4.0,3,13,0,20,14,1,50,0.16,0.05184592558726288,40.36
2-7-5-4-12-1,2,7.0,5.0,4,12,1,41,29,3,50,0.16,0.05184592558726288,40.84
2-4-0-3-4-0,2,4.0,0.0,3,4,0,38,34,3,50,0.16,0.05184592558726288,44.46
3-6-0-3-9-0,3,6.0,0.0,3,9,0,29,18,2,50,0.16,0.05184592558726288,39.26
1-9-9-4-9-0,1,9.0,9.0,4,9,0,12,10,1,50,0.16,0.05184592558726288,35.94
3-13-5-2-28-3,3,13.0,5.0,2,28,3,48,33,1,50,0.16,0.05184592558726288,40.8
1-3-3-3-3-0,1,3.0,3.0,3,3,0,30,30,3,50,0.14,0.04907137658554119,38.28
3-13-0-2-21-3,3,13.0,0.0,2,21,3,42,37,1,50,0.14,0.04907137658554119,40.48
3-9-5-2-20-3,3,9.0,5.0,2,20,3,56,33,1,50,0.14,0.04907137658554119,39.6
3-11-2-3-18-0,3,11.0,2.0,3,18,0,17,4,1,50,0.14,0.04907137658554119,39.4
2-11-3-2-14-0,2,11.0,3.0,2,14,0,11,8,1,50,0.14,0.04907137658554119,37.9
2-6-0-4-6-0,2,6.0,0.0,4,6,0,33,22,1,50,0.14,0.04907137658554119,37.66
2-13-9-3-22-3,2,13.0,9.0,3,22,3,52,47,1,50,0.12,0.04595650117230423,37.52
2-14-3-3-17-3,2,14.0,3.0,3,17,3,36,33,1,50,0.1,0.042426406871192854,38.54
0--1--1-3-0-1,0,,,3,0,1,35,35,1,50,0.1,0.042426406871192854,36.32
3-7-4-2-16-3,3,7.0,4.0,2,16,3,53,37,1,50,0.08,0.03836665218650176,32.94
3-9-0-2-15-3,3,9.0,0.0,2,15,3,46,33,1,50,0.08,0.03836665218650176,33.98
2-12-8-2-20-3,2,12.0,8.0,2,20,3,48,43,1,50,0.08,0.03836665218650176,31.5
3-6-3-3-14-3,3,6.0,3.0,3,14,3,58,37,1,50,0.06,0.03358571124749333,35.98
2-10-9-2-19-3,2,10.0,9.0,2,19,3,37,33,1,50,0.06,0.03358571124749333,26.06
2-10-7-3-17-3,2,10.0,7.0,3,17,3,41,37,1,50,0.06,0.03358571124749333,31.62
2-13-4-3-17-3,2,13.0,4.0,3,17,3,50,43,1,50,0.06,0.03358571124749333,37.98
2-7-3-3-10-3,2,7.0,3.0,3,10,3,39,37,1,50,0.04,0.027712812921102035,26.86
2-12-7-3-19-3,2,12.0,7.0,3,19,3,52,47,1,50,0.04,0.027712812921102035,33.76
1-14-14-3-14-3,1,14.0,14.0,3,14,3,60,57,1,50,0.04,0.027712812921102035,36.16
2-14-4-3-18-3,2,14.0,4.0,3,18,3,54,47,1,50,0.04,0.027712812921102035,39.0
3-9-2-3-15-3,3,9.0,2.0,3,15,3,39,33,1,50,0.04,0.027712812921102035,34.08
2-13-7-3-20-3,2,13.0,7.0,3,20,3,48,43,1,50,0.04,0.027712812921102035,39.18
2-9-7-3-16-3,2,9.0,7.0,3,16,3,41,37,1,50,0.04,0.027712812921102035,31.72
2-8-2-3-10-3,2,8.0,2.0,3,10,3,35,33,1,50,0.04,0.027712812921102035,28.54
1-3-3-3-3-3,1,3.0,3.0,3,3,3,43,43,1,50,0.02,0.01979898987322333,19.1
2-12-4-3-16-3,2,12.0,4.0,3,16,3,50,43,1,50,0.02,0.01979898987322333,31.22
2-10-4-3-14-3,2,10.0,4.0,3,14,3,43,37,1,50,0.02,0.01979898987322333,27.86
1-13-13-4-13-3,1,13.0,13.0,4,13,3,50,47,1,50,0.02,0.01979898987322333,32.8
5-14-5-2-46-1,5,14.0,5.0,2,46,1,40,11,4,1,0.0,0.0,0.0
3-13-0-2-20-1,3,13.0,,2,20,1,30,25,1,1,0.0,0.0,0.0
2-6-2-3-8-0,2,6.0,2.0,3,8,0,35,24,3,1,0.0,0.0,0.0
3-14-2-3-19-1,3,14.0,2.0,3,19,1,38,35,2,1,0.0,0.0,0.0
3-8-4-3-19-1,3,8.0,4.0,3,19,1,23,15,3,1,0.0,0.0,0.0
3-13-6-2-29-0,3,13.0,6.0,2,29,0,20,4,1,1,0.0,0.0,0.0
4-12-2-2-30-0,4,12.0,2.0,2,30,0,46,30,1,1,0.0,0.0,0.0
4-14-2-2-34-1,4,14.0,2.0,2,34,1,22,15,2,1,0.0,0.0,0.0
3-13-11-2-36-0,3,13.0,11.0,2,36,0,19,10,3,1,0.0,0.0,0.0
3-12-8-2-31-1,3,12.0,8.0,2,31,1,49,41,1,1,0.0,0.0,0.0
5-14-2-3-32-1,5,14.0,2.0,3,32,1,20,11,1,1,0.0,0.0,0.0
3-6-2-3-12-0,3,6.0,2.0,3,12,0,29,14,1,1,0.0,0.0,0.0
5-13-2-2-45-0,5,13.0,2.0,2,45,0,30,20,1,1,0.0,0.0,0.0
2-9-8-3-17-1,2,9.0,8.0,3,17,1,25,21,4,1,0.0,0.0,0.0
2-14-7-3-21-1,2,14.0,7.0,3,21,1,44,39,5,1,0.0,0.0,0.0
3-14-3-2-21-2,3,14.0,3.0,2,21,2,39,32,1,1,0.0,0.0,0.0
3-6-4-2-15-2,3,6.0,4.0,2,15,2,57,32,1,1,0.0,0.0,0.0
3-11-4-2-20-0,3,11.0,4.0,2,20,0,35,18,3,1,0.0,0.0,0.0
5-11-0-1-26-0,5,11.0,,1,26,0,25,10,2,1,0.0,0.0,0.0
5-10-0-2-21-0,5,10.0,,2,21,0,20,4,1,1,0.0,0.0,0.0
2-12-3-3-15-2,2,12.0,3.0,3,15,2,39,36,1,1,0.0,0.0,0.0
4-13-2-2-32-0,4,13.0,2.0,2,32,0,17,10,4,1,0.0,0.0,0.0
3-11-0-2-18-1,3,11.0,,2,18,1,30,25,2,1,0.0,0.0,0.0
5-13-5-2-48-1,5,13.0,5.0,2,48,1,31,11,3,1,0.0,0.0,0.0
4-13-3-2-34-0,4,13.0,3.0,2,34,0,42,34,4,1,0.0,0.0,0.0
1-9-9-3-9-2,1,9.0,9.0,3,9,2,38,36,10,1,0.0,0.0,0.0
3-12-0-2-17-1,3,12.0,,2,17,1,24,11,2,1,0.0,0.0,0.0
4-13-6-2-40-1,4,13.0,6.0,2,40,1,34,15,1,1,0.0,0.0,0.0
5-13-0-3-34-1,5,13.0,,3,34,1,23,15,1,1,0.0,0.0,0.0
2-9-6-2-15-2,2,9.0,6.0,2,15,2,49,36,2,1,0.0,0.0,0.0
2-9-2-3-11-0,2,9.0,2.0,3,11,0,24,22,2,1,0.0,0.0,0.0
2-12-3-4-15-1,2,12.0,3.0,4,15,1,32,29,2,1,0.0,0.0,0.0
2-10-6-2-16-2,2,10.0,6.0,2,16,2,49,36,2,1,0.0,0.0,0.0
2-11-6-2-17-0,2,11.0,6.0,2,17,0,32,18,1,1,0.0,0.0,0.0
4-14-0-2-39-1,4,14.0,,2,39,1,20,11,1,1,0.0,0.0,0.0
3-12-0-2-20-1,3,12.0,,2,20,1,26,21,1,1,0.0,0.0,0.0
2-13-7-3-20-1,2,13.0,7.0,3,20,1,44,39,3,1,0.0,0.0,0.0
3-14-6-2-29-1,3,14.0,6.0,2,29,1,37,21,3,1,0.0,0.0,0.0
3-13-6-3-26-1,3,13.0,6.0,3,26,1,35,19,1,1,0.0,0.0,0.0
4-14-3-3-29-0,4,14.0,3.0,3,29,0,19,10,1,1,0.0,0.0,0.0
5-14-3-2-43-0,5,14.0,3.0,2,43,0,14,4,6,1,0.0,0.0,0.0
4-7-2-3-17-1,4,7.0,2.0,3,17,1,27,15,1,1,0.0,0.0,0.0
6-14-2-2-55-0,6,14.0,2.0,2,55,0,17,4,1,1,0.0,0.0,0.0
7-14-2-1-46-0,7,14.0,2.0,1,46,0,31,0,1,1,0.0,0.0,0.0
2-12-0-2-12-2,2,12.0,,2,12,2,39,36,3,1,0.0,0.0,0.0
4-11-0-2-21-0,4,11.0,,2,21,0,15,10,3,1,0.0,0.0,0.0
4-11-0-3-27-2,4,11.0,,3,27,2,39,32,1,1,0.0,0.0,0.0
3-8-2-2-16-0,3,8.0,2.0,2,16,0,21,8,2,1,0.0,0.0,0.0
3-8-3-3-18-2,3,8.0,3.0,3,18,2,30,26,1,1,0.0,0.0,0.0
4-14-3-2-33-1,4,14.0,3.0,2,33,1,41,25,3,1,0.0,0.0,0.0
3-12-2-3-22-2,3,12.0,2.0,3,22,2,37,32,1,1,0.0,0.0,0.0
4-14-3-4-42-1,4,14.0,3.0,4,42,1,30,21,1,1,0.0,0.0,0.0
3-14-0-2-24-0,3,14.0,,2,24,0,23,18,1,1,0.0,0.0,0.0
3-12-4-3-27-0,3,12.0,4.0,3,27,0,20,10,3,1,0.0,0.0,0.0
5-12-2-2-40-1,5,12.0,2.0,2,40,1,21,11,1,1,0.0,0.0,0.0
2-14-8-3-22-3,2,14.0,8.0,3,22,3,42,37,1,1,0.0,0.0,0.0
3-14-7-3-34-0,3,14.0,7.0,3,34,0,36,28,1,1,0.0,0.0,0.0
4-12-3-2-30-0,4,12.0,3.0,2,30,0,10,0,3,1,0.0,0.0,0.0
5-10-2-1-31-1,5,10.0,2.0,1,31,1,25,15,2,1,0.0,0.0,0.0
6-12-2-1-42-0,6,12.0,2.0,1,42,0,32,4,2,1,0.0,0.0,0.0
3-8-2-3-16-0,3,8.0,2.0,3,16,0,31,18,1,1,0.0,0.0,0.0
4-13-0-2-29-0,4,13.0,,2,29,0,24,14,7,1,0.0,0.0,0.0
2-12-4-4-16-1,2,12.0,4.0,4,16,1,28,21,1,1,0.0,0.0,0.0
2-10-6-3-16-1,2,10.0,6.0,3,16,1,38,25,3,1,0.0,0.0,0.0
3-13-8-3-31-1,3,13.0,8.0,3,31,1,42,35,3,1,0.0,0.0,0.0
4-14-3-3-33-1,4,14.0,3.0,3,33,1,29,19,3,1,0.0,0.0,0.0
4-8-2-3-18-1,4,8.0,2.0,3,18,1,23,11,1,1,0.0,0.0,0.0
6-11-0-1-31-0,6,11.0,,1,31,0,29,10,1,1,0.0,0.0,0.0
3-13-2-2-26-1,3,13.0,2.0,2,26,1,21,15,2,1,0.0,0.0,0.0
5-14-0-2-41-1,5,14.0,,2,41,1,34,25,2,1,0.0,0.0,0.0
3-13-4-3-23-1,3,13.0,4.0,3,23,1,33,15,1,1,0.0,0.0,0.0
2-12-2-4-14-1,2,12.0,2.0,4,14,1,22,19,2,1,0.0,0.0,0.0
4-9-0-3-20-1,4,9.0,,3,20,1,33,25,2,1,0.0,0.0,0.0
5-14-0-1-40-0,5,14.0,,1,40,0,24,14,3,1,0.0,0.0,0.0
4-13-4-3-40-1,4,13.0,4.0,3,40,1,28,15,1,1,0.0,0.0,0.0
4-14-4-2-29-0,4,14.0,4.0,2,29,0,28,0,1,1,0.0,0.0,0.0
3-13-2-3-27-1,3,13.0,2.0,3,27,1,31,25,1,1,0.0,0.0,0.0
4-14-4-3-41-0,4,14.0,4.0,3,41,0,26,14,2,1,0.0,0.0,0.0
2-11-4-3-15-1,2,11.0,4.0,3,15,1,32,25,5,1,0.0,0.0,0.0
1-2-2-3-2-2,1,2.0,2.0,3,2,2,32,32,4,1,0.0,0.0,0.0
5-11-0-1-24-0,5,11.0,,1,24,0,32,8,1,1,0.0,0.0,0.0
3-8-0-2-13-0,3,8.0,,2,13,0,36,24,1,1,0.0,0.0,0.0
3-10-2-2-17-2,3,10.0,2.0,2,17,2,38,26,1,1,0.0,0.0,0.0
3-11-0-2-19-0,3,11.0,,2,19,0,19,14,3,1,0.0,0.0,0.0
4-9-0-2-18-0,4,9.0,,2,18,0,8,4,5,1,0.0,0.0,0.0
2-11-9-3-20-1,2,11.0,9.0,3,20,1,34,29,8,1,0.0,0.0,0.0
5-14-2-1-46-0,5,14.0,2.0,1,46,0,11,0,1,1,0.0,0.0,0.0
2-11-5-4-16-2,2,11.0,5.0,4,16,2,39,26,2,1,0.0,0.0,0.0
3-9-3-2-18-0,3,9.0,3.0,2,18,0,23,10,3,1,0.0,0.0,0.0
6-13-0-2-43-0,6,13.0,,2,43,0,29,10,2,1,0.0,0.0,0.0
3-7-0-3-9-1,3,7.0,,3,9,1,13,11,3,1,0.0,0.0,0.0
6-14-2-1-46-2,6,14.0,2.0,1,46,2,40,22,1,1,0.0,0.0,0.0
4-13-0-2-30-2,4,13.0,,2,30,2,39,22,1,1,0.0,0.0,0.0
4-14-8-2-45-0,4,14.0,8.0,2,45,0,25,14,2,1,0.0,0.0,0.0
5-14-3-2-34-0,5,14.0,3.0,2,34,0,30,10,1,1,0.0,0.0,0.0
3-11-3-2-22-2,3,11.0,3.0,2,22,2,37,32,1,1,0.0,0.0,0.0
3-8-4-3-19-0,3,8.0,4.0,3,19,0,12,4,1,1,0.0,0.0,0.0
5-14-0-1-32-1,5,14.0,,1,32,1,40,21,3,1,0.0,0.0,0.0
4-14-0-2-31-1,4,14.0,,2,31,1,38,31,3,1,0.0,0.0,0.0
2-10-2-3-12-0,2,10.0,2.0,3,12,0,22,20,3,1,0.0,0.0,0.0
3-13-2-4-25-0,3,13.0,2.0,4,25,0,23,18,1,1,0.0,0.0,0.0
3-12-2-2-23-0,3,12.0,2.0,2,23,0,9,4,2,1,0.0,0.0,0.0
4-14-2-2-35-1,4,14.0,2.0,2,35,1,18,11,2,1,0.0,0.0,0.0
4-12-5-4-36-1,4,12.0,5.0,4,36,1,43,25,1,1,0.0,0.0,0.0
3-12-0-2-22-1,3,12.0,,2,22,1,30,25,3,1,0.0,0.0,0.0
2-12-8-4-20-0,2,12.0,8.0,4,20,0,29,24,2,1,0.0,0.0,0.0
4-13-0-3-26-1,4,13.0,,3,26,1,31,25,3,1,0.0,0.0,0.0
5-9-0-2-24-1,5,9.0,,2,24,1,40,25,2,1,0.0,0.0,0.0
3-13-6-4-30-0,3,13.0,6.0,4,30,0,27,10,1,1,0.0,0.0,0.0
4-14-4-3-29-1,4,14.0,4.0,3,29,1,53,25,1,1,0.0,0.0,0.0
4-10-2-3-19-1,4,10.0,2.0,3,19,1,31,25,1,1,0.0,0.0,0.0
3-9-0-3-16-1,3,9.0,,3,16,1,15,11,5,1,0.0,0.0,0.0
1-11-11-5-11-2,1,11.0,11.0,5,11,2,35,32,1,1,0.0,0.0,0.0
3-14-2-2-24-2,3,14.0,2.0,2,24,2,57,52,2,1,0.0,0.0,0.0
5-13-2-2-32-0,5,13.0,2.0,2,32,0,24,4,2,1,0.0,0.0,0.0
3-13-9-2-32-1,3,13.0,9.0,2,32,1,26,19,2,1,0.0,0.0,0.0
5-13-5-1-45-0,5,13.0,5.0,1,45,0,37,8,1,1,0.0,0.0,0.0
4-13-9-2-44-0,4,13.0,9.0,2,44,0,10,0,2,1,0.0,0.0,0.0
1-12-12-3-12-1,1,12.0,12.0,3,12,1,44,41,10,1,0.0,0.0,0.0
6-13-5-1-54-1,6,13.0,5.0,1,54,1,53,21,1,1,0.0,0.0,0.0
3-7-0-3-9-0,3,7.0,,3,9,0,12,10,2,1,0.0,0.0,0.0
4-12-5-2-37-0,4,12.0,5.0,2,37,0,38,20,1,1,0.0,0.0,0.0
2-13-4-3-17-2,2,13.0,4.0,3,17,2,49,42,2,1,0.0,0.0,0.0
5-13-0-2-38-0,5,13.0,,2,38,0,16,4,4,1,0.0,0.0,0.0
3-8-0-3-10-2,3,8.0,,3,10,2,28,26,1,1,0.0,0.0,0.0
1-11-11-4-11-2,1,11.0,11.0,4,11,2,33,30,1,1,0.0,0.0,0.0
3-14-8-2-34-1,3,14.0,8.0,2,34,1,39,31,2,1,0.0,0.0,0.0
4-12-4-2-34-2,4,12.0,4.0,2,34,2,34,22,2,1,0.0,0.0,0.0
5-8-0-1-20-1,5,8.0,,1,20,1,15,11,1,1,0.0,0.0,0.0
4-12-0-2-23-0,4,12.0,,2,23,0,23,14,3,1,0.0,0.0,0.0
3-13-3-3-20-2,3,13.0,3.0,3,20,2,39,32,2,1,0.0,0.0,0.0
2-14-6-4-20-1,2,14.0,6.0,4,20,1,35,21,2,1,0.0,0.0,0.0
4-14-3-2-35-1,4,14.0,3.0,2,35,1,32,15,4,1,0.0,0.0,0.0
3-11-2-2-23-0,3,11.0,2.0,2,23,0,25,20,1,1,0.0,0.0,0.0
3-11-3-2-19-2,3,11.0,3.0,2,19,2,35,22,1,1,0.0,0.0,0.0
6-11-0-1-33-0,6,11.0,,1,33,0,7,0,1,1,0.0,0.0,0.0
4-14-0-2-26-0,4,14.0,,2,26,0,35,30,3,1,0.0,0.0,0.0
6-11-2-1-38-0,6,11.0,2.0,1,38,0,26,4,1,1,0.0,0.0,0.0
3-13-2-3-24-2,3,13.0,2.0,3,24,2,41,36,1,1,0.0,0.0,0.0
3-14-0-3-25-0,3,14.0,,3,25,0,16,10,1,1,0.0,0.0,0.0
4-13-6-2-41-1,4,13.0,6.0,2,41,1,50,31,1,1,0.0,0.0,0.0
3-14-0-2-26-0,3,14.0,,2,26,0,16,10,2,1,0.0,0.0,0.0
4-13-2-3-33-2,4,13.0,2.0,3,33,2,39,22,1,1,0.0,0.0,0.0
5-11-3-1-35-0,5,11.0,3.0,1,35,0,37,20,2,1,0.0,0.0,0.0
2-4-2-3-6-1,2,4.0,2.0,3,6,1,33,29,2,1,0.0,0.0,0.0
5-12-3-2-39-2,5,12.0,3.0,2,39,2,34,22,1,1,0.0,0.0,0.0
4-13-3-2-31-0,4,13.0,3.0,2,31,0,20,4,4,1,0.0,0.0,0.0
5-10-2-1-34-1,5,10.0,2.0,1,34,1,28,11,1,1,0.0,0.0,0.0
1-14-14-3-14-2,1,14.0,14.0,3,14,2,39,36,4,1,0.0,0.0,0.0
4-14-4-3-38-1,4,14.0,4.0,3,38,1,43,31,2,1,0.0,0.0,0.0
3-14-2-3-25-0,3,14.0,2.0,3,25,0,19,14,3,1,0.0,0.0,0.0
3-13-2-3-22-1,3,13.0,2.0,3,22,1,26,21,3,1,0.0,0.0,0.0
4-14-0-2-25-0,4,14.0,,2,25,0,15,10,3,1,0.0,0.0,0.0
5-14-0-3-27-1,5,14.0,,3,27,1,16,11,1,1,0.0,0.0,0.0
5-12-3-1-39-0,5,12.0,3.0,1,39,0,16,4,1,1,0.0,0.0,0.0
3-11-5-3-26-1,3,11.0,5.0,3,26,1,26,11,3,1,0.0,0.0,0.0
1-0-0-3-0-2,1,,,3,0,2,36,36,5,1,0.0,0.0,0.0
3-11-4-3-25-2,3,11.0,4.0,3,25,2,41,32,1,1,0.0,0.0,0.0
4-12-0-2-19-0,4,12.0,,2,19,0,17,4,2,1,0.0,0.0,0.0
4-11-0-3-21-0,4,11.0,,3,21,0,9,4,1,1,0.0,0.0,0.0
4-9-5-2-27-2,4,9.0,5.0,2,27,2,47,22,1,1,0.0,0.0,0.0
3-14-3-2-22-1,3,14.0,3.0,2,22,1,32,19,3,1,0.0,0.0,0.0
4-13-0-2-26-0,4,13.0,,2,26,0,29,14,3,1,0.0,0.0,0.0
4-9-0-2-18-2,4,9.0,,2,18,2,38,22,1,1,0.0,0.0,0.0
3-12-3-2-24-0,3,12.0,3.0,2,24,0,19,14,2,1,0.0,0.0,0.0
3-6-0-2-11-1,3,6.0,,2,11,1,46,25,1,1,0.0,0.0,0.0
4-10-2-2-24-0,4,10.0,2.0,2,24,0,22,18,3,1,0.0,0.0,0.0
5-13-4-2-45-0,5,13.0,4.0,2,45,0,28,14,1,1,0.0,0.0,0.0
3-12-4-3-21-1,3,12.0,4.0,3,21,1,42,25,3,1,0.0,0.0,0.0
7-14-0-1-49-0,7,14.0,,1,49,0,24,10,2,1,0.0,0.0,0.0
3-11-6-2-24-1,3,11.0,6.0,2,24,1,51,35,2,1,0.0,0.0,0.0
5-13-4-2-41-1,5,13.0,4.0,2,41,1,33,11,2,1,0.0,0.0,0.0
6-14-0-1-41-0,6,14.0,,1,41,0,32,10,1,1,0.0,0.0,0.0
3-13-8-2-31-1,3,13.0,8.0,2,31,1,38,31,1,1,0.0,0.0,0.0
1-14-14-3-14-1,1,14.0,14.0,3,14,1,38,35,7,1,0.0,0.0,0.0
3-13-3-2-21-2,3,13.0,3.0,2,21,2,55,42,1,1,0.0,0.0,0.0
5-13-0-1-43-1,5,13.0,,1,43,1,21,11,1,1,0.0,0.0,0.0
4-10-4-3-26-2,4,10.0,4.0,3,26,2,44,26,1,1,0.0,0.0,0.0
3-14-6-2-30-0,3,14.0,6.0,2,30,0,16,0,1,1,0.0,0.0,0.0
2-14-2-5-16-1,2,14.0,2.0,5,16,1,38,35,2,1,0.0,0.0,0.0
3-10-5-3-24-1,3,10.0,5.0,3,24,1,29,15,2,1,0.0,0.0,0.0
3-13-6-3-31-1,3,13.0,6.0,3,31,1,28,11,1,1,0.0,0.0,0.0
3-5-2-4-10-2,3,5.0,2.0,4,10,2,42,32,1,1,0.0,0.0,0.0
3-9-5-3-22-1,3,9.0,5.0,3,22,1,43,29,2,1,0.0,0.0,0.0
3-11-7-4-27-0,3,11.0,7.0,4,27,0,25,18,1,1,0.0,0.0,0.0
2-14-7-3-21-0,2,14.0,7.0,3,21,0,25,20,3,1,0.0,0.0,0.0
3-13-11-3-36-1,3,13.0,11.0,3,36,1,34,25,2,1,0.0,0.0,0.0
5-13-0-2-46-1,5,13.0,,2,46,1,32,21,1,1,0.0,0.0,0.0
4-13-4-3-28-0,4,13.0,4.0,3,28,0,32,4,1,1,0.0,0.0,0.0
3-13-9-3-33-1,3,13.0,9.0,3,33,1,27,19,1,1,0.0,0.0,0.0
3-12-3-2-21-1,3,12.0,3.0,2,21,1,43,29,1,1,0.0,0.0,0.0
3-10-0-3-15-0,3,10.0,,3,15,0,16,4,1,1,0.0,0.0,0.0
3-14-3-2-26-1,3,14.0,3.0,2,26,1,36,31,2,1,0.0,0.0,0.0
3-12-5-3-24-0,3,12.0,5.0,3,24,0,25,10,2,1,0.0,0.0,0.0
1-3-3-5-3-2,1,3.0,3.0,5,3,2,36,36,1,1,0.0,0.0,0.0
1-11-11-3-11-2,1,11.0,11.0,3,11,2,45,42,2,1,0.0,0.0,0.0
5-14-2-1-43-2,5,14.0,2.0,1,43,2,31,22,1,1,0.0,0.0,0.0
4-14-2-2-31-0,4,14.0,2.0,2,31,0,35,20,5,1,0.0,0.0,0.0
5-14-0-2-34-1,5,14.0,,2,34,1,35,25,4,1,0.0,0.0,0.0
3-14-0-2-23-1,3,14.0,,2,23,1,20,15,1,1,0.0,0.0,0.0
6-12-6-2-54-1,6,12.0,6.0,2,54,1,34,11,1,1,0.0,0.0,0.0
1-4-4-3-4-0,1,4.0,4.0,3,4,0,42,38,1,1,0.0,0.0,0.0
6-10-0-1-35-0,6,10.0,,1,35,0,25,4,1,1,0.0,0.0,0.0
3-11-2-2-17-1,3,11.0,2.0,2,17,1,22,15,1,1,0.0,0.0,0.0
5-14-0-2-50-1,5,14.0,,2,50,1,33,21,1,1,0.0,0.0,0.0
3-8-0-3-14-0,3,8.0,,3,14,0,35,22,2,1,0.0,0.0,0.0
3-12-3-3-20-2,3,12.0,3.0,3,20,2,39,26,2,1,0.0,0.0,0.0
4-12-6-2-35-2,4,12.0,6.0,2,35,2,44,26,1,1,0.0,0.0,0.0
4-11-0-3-17-0,4,11.0,,3,17,0,17,10,4,1,0.0,0.0,0.0
5-14-2-2-37-0,5,14.0,2.0,2,37,0,11,0,6,1,0.0,0.0,0.0
3-11-6-2-26-0,3,11.0,6.0,2,26,0,30,14,2,1,0.0,0.0,0.0
3-14-7-3-34-2,3,14.0,7.0,3,34,2,34,26,1,1,0.0,0.0,0.0
3-6-0-2-9-2,3,6.0,,2,9,2,33,22,2,1,0.0,0.0,0.0
3-11-5-2-22-0,3,11.0,5.0,2,22,0,28,4,1,1,0.0,0.0,0.0
3-13-3-2-25-2,3,13.0,3.0,2,25,2,31,26,2,1,0.0,0.0,0.0
6-13-0-1-34-1,6,13.0,,1,34,1,31,11,1,1,0.0,0.0,0.0
4-10-2-2-26-0,4,10.0,2.0,2,26,0,33,18,2,1,0.0,0.0,0.0
3-14-5-3-25-1,3,14.0,5.0,3,25,1,55,31,2,1,0.0,0.0,0.0
3-14-4-3-26-0,3,14.0,4.0,3,26,0,29,20,2,1,0.0,0.0,0.0
2-8-2-3-10-2,2,8.0,2.0,3,10,2,34,32,3,1,0.0,0.0,0.0
6-14-3-2-48-0,6,14.0,3.0,2,48,0,33,4,1,1,0.0,0.0,0.0
4-14-0-3-27-1,4,14.0,,3,27,1,25,19,3,1,0.0,0.0,0.0
3-9-2-2-16-1,3,9.0,2.0,2,16,1,37,25,1,1,0.0,0.0,0.0
5-13-2-2-40-2,5,13.0,2.0,2,40,2,34,22,1,1,0.0,0.0,0.0
3-9-3-4-20-0,3,9.0,3.0,4,20,0,18,14,1,1,0.0,0.0,0.0
2-5-4-3-9-2,2,5.0,4.0,3,9,2,36,22,3,1,0.0,0.0,0.0
3-13-0-3-19-2,3,13.0,,3,19,2,40,26,1,1,0.0,0.0,0.0
4-12-6-2-39-1,4,12.0,6.0,2,39,1,30,11,2,1,0.0,0.0,0.0
3-13-0-4-17-1,3,13.0,,4,17,1,28,21,1,1,0.0,0.0,0.0
6-14-0-1-40-0,6,14.0,,1,40,0,12,0,2,1,0.0,0.0,0.0
2-9-7-2-16-2,2,9.0,7.0,2,16,2,40,36,1,1,0.0,0.0,0.0
3-14-5-3-28-2,3,14.0,5.0,3,28,2,41,26,1,1,0.0,0.0,0.0
6-13-3-1-43-0,6,13.0,3.0,1,43,0,22,0,1,1,0.0,0.0,0.0
1-3-3-4-3-1,1,3.0,3.0,4,3,1,25,25,4,1,0.0,0.0,0.0
4-14-4-2-39-0,4,14.0,4.0,2,39,0,36,24,2,1,0.0,0.0,0.0
5-14-2-2-46-0,5,14.0,2.0,2,46,0,14,4,2,1,0.0,0.0,0.0
3-11-0-3-18-1,3,11.0,,3,18,1,34,29,2,1,0.0,0.0,0.0
4-14-5-2-38-0,4,14.0,5.0,2,38,0,28,10,4,1,0.0,0.0,0.0
2-9-4-3-13-2,2,9.0,4.0,3,13,2,38,32,3,1,0.0,0.0,0.0
4-10-4-3-27-1,4,10.0,4.0,3,27,1,39,21,3,1,0.0,0.0,0.0
5-14-0-2-36-0,5,14.0,,2,36,0,37,10,3,1,0.0,0.0,0.0
4-12-7-2-40-1,4,12.0,7.0,2,40,1,21,11,1,1,0.0,0.0,0.0
3-12-4-2-24-1,3,12.0,4.0,2,24,1,44,35,4,1,0.0,0.0,0.0
2-13-8-4-21-1,2,13.0,8.0,4,21,1,20,15,2,1,0.0,0.0,0.0
4-13-2-2-30-1,4,13.0,2.0,2,30,1,32,25,4,1,0.0,0.0,0.0
4-13-5-2-37-1,4,13.0,5.0,2,37,1,43,25,1,1,0.0,0.0,0.0
5-12-3-2-34-1,5,12.0,3.0,2,34,1,34,15,1,1,0.0,0.0,0.0
4-14-5-2-33-2,4,14.0,5.0,2,33,2,68,42,1,1,0.0,0.0,0.0
4-10-3-3-28-0,4,10.0,3.0,3,28,0,19,4,1,1,0.0,0.0,0.0
5-12-3-2-34-2,5,12.0,3.0,2,34,2,52,26,1,1,0.0,0.0,0.0
3-7-3-3-14-2,3,7.0,3.0,3,14,2,32,26,1,1,0.0,0.0,0.0
2-9-8-3-17-0,2,9.0,8.0,3,17,0,12,8,4,1,0.0,0.0,0.0
3-13-10-4-35-1,3,13.0,10.0,4,35,1,43,35,1,1,0.0,0.0,0.0
2-13-5-3-18-0,2,13.0,5.0,3,18,0,37,24,2,1,0.0,0.0,0.0
3-11-4-2-23-0,3,11.0,4.0,2,23,0,21,12,1,1,0.0,0.0,0.0
2-11-3-3-14-2,2,11.0,3.0,3,14,2,25,22,2,1,0.0,0.0,0.0
4-13-7-2-39-1,4,13.0,7.0,2,39,1,24,15,4,1,0.0,0.0,0.0
2-12-7-3-19-1,2,12.0,7.0,3,19,1,30,25,6,1,0.0,0.0,0.0
5-14-0-3-30-0,5,14.0,,3,30,0,30,14,2,1,0.0,0.0,0.0
4-11-5-2-33-0,4,11.0,5.0,2,33,0,27,10,2,1,0.0,0.0,0.0
4-9-0-2-21-0,4,9.0,,2,21,0,12,4,1,1,0.0,0.0,0.0
5-13-2-2-38-0,5,13.0,2.0,2,38,0,18,0,1,1,0.0,0.0,0.0
4-11-4-2-27-1,4,11.0,4.0,2,27,1,34,15,1,1,0.0,0.0,0.0
3-12-0-2-23-1,3,12.0,,2,23,1,21,15,1,1,0.0,0.0,0.0
4-14-0-2-35-1,4,14.0,,2,35,1,23,15,3,1,0.0,0.0,0.0
5-13-0-2-33-1,5,13.0,,2,33,1,28,11,1,1,0.0,0.0,0.0
2-14-5-3-19-0,2,14.0,5.0,3,19,0,35,22,3,1,0.0,0.0,0.0
3-11-6-2-26-1,3,11.0,6.0,2,26,1,47,31,3,1,0.0,0.0,0.0
3-12-5-3-25-2,3,12.0,5.0,3,25,2,47,32,2,1,0.0,0.0,0.0
4-14-2-2-37-0,4,14.0,2.0,2,37,0,18,10,2,1,0.0,0.0,0.0
4-13-5-2-35-0,4,13.0,5.0,2,35,0,27,0,2,1,0.0,0.0,0.0
4-13-5-2-38-1,4,13.0,5.0,2,38,1,39,21,1,1,0.0,0.0,0.0
3-12-6-3-27-1,3,12.0,6.0,3,27,1,35,19,1,1,0.0,0.0,0.0
4-11-0-2-25-2,4,11.0,,2,25,2,41,32,1,1,0.0,0.0,0.0
5-12-3-1-38-2,5,12.0,3.0,1,38,2,34,22,1,1,0.0,0.0,0.0
5-14-3-2-42-0,5,14.0,3.0,2,42,0,22,4,1,1,0.0,0.0,0.0
3-9-5-2-21-1,3,9.0,5.0,2,21,1,33,19,3,1,0.0,0.0,0.0
3-12-5-2-28-2,3,12.0,5.0,2,28,2,38,22,1,1,0.0,0.0,0.0
3-14-0-2-23-2,3,14.0,,2,23,2,27,22,1,1,0.0,0.0,0.0
4-11-2-3-27-1,4,11.0,2.0,3,27,1,41,25,1,1,0.0,0.0,0.0
4-11-5-2-30-1,4,11.0,5.0,2,30,1,47,21,1,1,0.0,0.0,0.0
3-12-3-3-20-1,3,12.0,3.0,3,20,1,38,25,1,1,0.0,0.0,0.0
6-14-3-2-44-1,6,14.0,3.0,2,44,1,52,21,1,1,0.0,0.0,0.0
1-14-14-3-14-0,1,14.0,14.0,3,14,0,17,14,2,1,0.0,0.0,0.0
2-5-0-4-5-1,2,5.0,,4,5,1,45,35,2,1,0.0,0.0,0.0
3-11-5-3-23-1,3,11.0,5.0,3,23,1,40,25,2,1,0.0,0.0,0.0
3-14-6-3-32-1,3,14.0,6.0,3,32,1,42,25,3,1,0.0,0.0,0.0
2-6-3-4-9-1,2,6.0,3.0,4,9,1,36,25,2,1,0.0,0.0,0.0
3-13-5-4-24-0,3,13.0,5.0,4,24,0,38,14,1,1,0.0,0.0,0.0
2-12-8-3-20-2,2,12.0,8.0,3,20,2,37,32,3,1,0.0,0.0,0.0
1-8-8-4-8-2,1,8.0,8.0,4,8,2,34,32,3,1,0.0,0.0,0.0
1-11-11-3-11-1,1,11.0,11.0,3,11,1,24,21,9,1,0.0,0.0,0.0
4-10-0-2-20-0,4,10.0,,2,20,0,21,4,3,1,0.0,0.0,0.0
3-10-7-3-25-0,3,10.0,7.0,3,25,0,20,14,1,1,0.0,0.0,0.0
3-13-4-3-28-1,3,13.0,4.0,3,28,1,31,21,1,1,0.0,0.0,0.0
4-10-3-2-26-1,4,10.0,3.0,2,26,1,26,11,2,1,0.0,0.0,0.0
3-7-0-2-12-0,3,7.0,,2,12,0,26,14,2,1,0.0,0.0,0.0
3-11-7-2-26-2,3,11.0,7.0,2,26,2,33,26,2,1,0.0,0.0,0.0
3-11-3-2-23-2,3,11.0,3.0,2,23,2,37,32,1,1,0.0,0.0,0.0
5-13-4-2-46-0,5,13.0,4.0,2,46,0,18,4,3,1,0.0,0.0,0.0
2-7-5-3-12-2,2,7.0,5.0,3,12,2,48,36,2,1,0.0,0.0,0.0
5-13-3-2-41-1,5,13.0,3.0,2,41,1,38,19,1,1,0.0,0.0,0.0
3-13-0-2-23-0,3,13.0,,2,23,0,13,8,1,1,0.0,0.0,0.0
4-11-0-2-24-0,4,11.0,,2,24,0,15,10,3,1,0.0,0.0,0.0
3-12-6-3-28-1,3,12.0,6.0,3,28,1,41,25,5,1,0.0,0.0,0.0
2-11-0-4-11-2,2,11.0,,4,11,2,39,36,1,1,0.0,0.0,0.0
3-9-3-2-19-1,3,9.0,3.0,2,19,1,33,29,2,1,0.0,0.0,0.0
5-11-3-1-36-1,5,11.0,3.0,1,36,1,32,21,1,1,0.0,0.0,0.0
5-14-2-2-40-1,5,14.0,2.0,2,40,1,20,11,2,1,0.0,0.0,0.0
4-13-3-3-27-0,4,13.0,3.0,3,27,0,38,14,3,1,0.0,0.0,0.0
6-12-0-1-38-0,6,12.0,,1,38,0,31,10,3,1,0.0,0.0,0.0
4-11-6-2-33-1,4,11.0,6.0,2,33,1,43,25,2,1,0.0,0.0,0.0
3-13-2-3-21-1,3,13.0,2.0,3,21,1,33,19,4,1,0.0,0.0,0.0
4-12-2-2-23-0,4,12.0,2.0,2,23,0,35,18,2,1,0.0,0.0,0.0
4-14-4-3-31-1,4,14.0,4.0,3,31,1,41,21,3,1,0.0,0.0,0.0
1-5-5-3-5-3,1,5.0,5.0,3,5,3,51,41,1,50,0.0,0.0,16.0
2-14-2-3-16-0,2,14.0,2.0,3,16,0,17,14,5,1,0.0,0.0,0.0
2-13-7-4-20-1,2,13.0,7.0,4,20,1,24,19,1,1,0.0,0.0,0.0
3-13-4-2-24-1,3,13.0,4.0,2,24,1,28,19,2,1,0.0,0.0,0.0
4-13-4-3-34-1,4,13.0,4.0,3,34,1,36,15,2,1,0.0,0.0,0.0
5-13-2-3-39-0,5,13.0,2.0,3,39,0,23,14,1,1,0.0,0.0,0.0
4-12-2-3-30-1,4,12.0,2.0,3,30,1,47,31,1,1,0.0,0.0,0.0
5-12-0-2-23-0,5,12.0,,2,23,0,18,4,1,1,0.0,0.0,0.0
4-8-2-2-20-1,4,8.0,2.0,2,20,1,32,15,1,1,0.0,0.0,0.0
3-11-5-2-24-0,3,11.0,5.0,2,24,0,29,14,2,1,0.0,0.0,0.0
3-11-6-2-26-2,3,11.0,6.0,2,26,2,52,36,2,1,0.0,0.0,0.0
3-14-0-2-21-0,3,14.0,,2,21,0,19,14,1,1,0.0,0.0,0.0
4-11-5-2-31-0,4,11.0,5.0,2,31,0,40,14,2,1,0.0,0.0,0.0
4-9-3-2-23-1,4,9.0,3.0,2,23,1,44,21,1,1,0.0,0.0,0.0
2-7-5-3-12-1,2,7.0,5.0,3,12,1,37,25,1,1,0.0,0.0,0.0
3-13-0-3-25-1,3,13.0,,3,25,1,31,25,1,1,0.0,0.0,0.0
4-10-3-3-26-0,4,10.0,3.0,3,26,0,16,8,2,1,0.0,0.0,0.0
4-14-2-3-28-1,4,14.0,2.0,3,28,1,30,21,1,1,0.0,0.0,0.0
3-12-2-3-21-1,3,12.0,2.0,3,21,1,34,29,2,1,0.0,0.0,0.0
6-14-2-1-56-0,6,14.0,2.0,1,56,0,26,10,3,1,0.0,0.0,0.0
5-14-7-1-53-1,5,14.0,7.0,1,53,1,24,11,1,1,0.0,0.0,0.0
4-13-4-2-35-0,4,13.0,4.0,2,35,0,41,20,1,1,0.0,0.0,0.0
3-10-2-2-16-1,3,10.0,2.0,2,16,1,25,19,3,1,0.0,0.0,0.0
4-12-0-2-29-0,4,12.0,,2,29,0,21,14,2,1,0.0,0.0,0.0
4-9-2-2-19-0,4,9.0,2.0,2,19,0,16,4,2,1,0.0,0.0,0.0
3-12-2-2-22-3,3,12.0,2.0,2,22,3,48,43,1,1,0.0,0.0,0.0
2-10-3-3-13-1,2,10.0,3.0,3,13,1,23,21,6,1,0.0,0.0,0.0
2-11-7-3-18-0,2,11.0,7.0,3,18,0,27,22,1,1,0.0,0.0,0.0
5-14-0-1-41-2,5,14.0,,1,41,2,51,32,1,1,0.0,0.0,0.0
2-13-2-2-15-0,2,13.0,2.0,2,15,0,17,14,2,1,0.0,0.0,0.0
3-6-2-3-12-1,3,6.0,2.0,3,12,1,26,11,3,1,0.0,0.0,0.0
3-13-6-3-27-0,3,13.0,6.0,3,27,0,30,14,1,1,0.0,0.0,0.0
3-12-6-3-26-2,3,12.0,6.0,3,26,2,48,32,2,1,0.0,0.0,0.0
4-12-3-2-35-1,4,12.0,3.0,2,35,1,33,25,1,1,0.0,0.0,0.0
2-10-9-3-19-1,2,10.0,9.0,3,19,1,29,25,4,1,0.0,0.0,0.0
2-7-3-3-10-0,2,7.0,3.0,3,10,0,26,24,4,1,0.0,0.0,0.0
6-14-5-1-53-0,6,14.0,5.0,1,53,0,35,4,1,1,0.0,0.0,0.0
4-9-0-3-21-0,4,9.0,,3,21,0,18,10,2,1,0.0,0.0,0.0
2-10-2-3-12-2,2,10.0,2.0,3,12,2,44,42,3,1,0.0,0.0,0.0
4-13-2-2-32-1,4,13.0,2.0,2,32,1,31,15,1,1,0.0,0.0,0.0
5-11-0-2-25-0,5,11.0,,2,25,0,5,0,1,1,0.0,0.0,0.0
4-14-2-2-35-0,4,14.0,2.0,2,35,0,32,24,3,1,0.0,0.0,0.0
4-10-4-2-28-1,4,10.0,4.0,2,28,1,33,15,3,1,0.0,0.0,0.0
4-12-5-3-32-0,4,12.0,5.0,3,32,0,40,14,1,1,0.0,0.0,0.0
4-12-2-2-26-1,4,12.0,2.0,2,26,1,30,15,4,1,0.0,0.0,0.0
3-12-6-2-28-3,3,12.0,6.0,2,28,3,49,33,1,1,0.0,0.0,0.0
2-8-6-3-14-1,2,8.0,6.0,3,14,1,38,25,3,1,0.0,0.0,0.0
3-13-8-2-33-0,3,13.0,8.0,2,33,0,32,24,1,1,0.0,0.0,0.0
3-8-2-2-15-2,3,8.0,2.0,2,15,2,48,36,1,1,0.0,0.0,0.0
2-10-0-3-10-0,2,10.0,,3,10,0,16,14,1,1,0.0,0.0,0.0
4-14-7-3-44-0,4,14.0,7.0,3,44,0,31,20,2,1,0.0,0.0,0.0
3-12-0-2-15-1,3,12.0,,2,15,1,14,11,1,1,0.0,0.0,0.0
2-12-8-3-20-3,2,12.0,8.0,3,20,3,52,47,4,1,0.0,0.0,0.0
4-14-8-3-41-0,4,14.0,8.0,3,41,0,23,14,1,1,0.0,0.0,0.0
3-10-0-2-18-1,3,10.0,,2,18,1,19,15,4,1,0.0,0.0,0.0
4-6-2-3-16-1,4,6.0,2.0,3,16,1,36,15,1,1,0.0,0.0,0.0
5-14-3-1-48-1,5,14.0,3.0,1,48,1,31,21,1,1,0.0,0.0,0.0
6-12-2-1-45-1,6,12.0,2.0,1,45,1,30,11,1,1,0.0,0.0,0.0
5-14-3-2-47-1,5,14.0,3.0,2,47,1,21,11,2,1,0.0,0.0,0.0
5-13-0-3-42-1,5,13.0,,3,42,1,21,11,1,1,0.0,0.0,0.0
5-11-0-2-27-0,5,11.0,,2,27,0,29,10,3,1,0.0,0.0,0.0
3-14-5-2-32-1,3,14.0,5.0,2,32,1,27,11,2,1,0.0,0.0,0.0
3-12-8-3-30-1,3,12.0,8.0,3,30,1,32,25,1,1,0.0,0.0,0.0
4-13-0-2-25-0,4,13.0,,2,25,0,19,14,7,1,0.0,0.0,0.0
3-11-4-4-22-1,3,11.0,4.0,4,22,1,34,25,1,1,0.0,0.0,0.0
2-10-4-3-14-1,2,10.0,4.0,3,14,1,35,29,4,1,0.0,0.0,0.0
5-14-0-2-48-0,5,14.0,,2,48,0,25,14,2,1,0.0,0.0,0.0
4-14-0-2-31-0,4,14.0,,2,31,0,28,12,6,1,0.0,0.0,0.0
1-2-2-4-2-2,1,2.0,2.0,4,2,2,32,32,4,1,0.0,0.0,0.0
0--1--1-3-0-2,0,,,3,0,2,26,26,4,1,0.0,0.0,0.0
4-14-0-3-27-0,4,14.0,,3,27,0,5,0,2,1,0.0,0.0,0.0
2-9-3-3-12-1,2,9.0,3.0,3,12,1,23,21,2,1,0.0,0.0,0.0
3-14-0-2-20-2,3,14.0,,2,20,2,36,22,1,1,0.0,0.0,0.0
3-14-2-2-29-1,3,14.0,2.0,2,29,1,17,11,1,1,0.0,0.0,0.0
4-14-0-4-32-1,4,14.0,,4,32,1,37,21,1,1,0.0,0.0,0.0
3-10-8-3-27-1,3,10.0,8.0,3,27,1,21,15,1,1,0.0,0.0,0.0
4-10-3-2-25-2,4,10.0,3.0,2,25,2,30,22,1,1,0.0,0.0,0.0
5-13-2-2-30-0,5,13.0,2.0,2,30,0,25,10,1,1,0.0,0.0,0.0
3-14-3-2-24-2,3,14.0,3.0,2,24,2,47,42,3,1,0.0,0.0,0.0
4-11-6-2-34-1,4,11.0,6.0,2,34,1,29,11,4,1,0.0,0.0,0.0
4-9-5-2-29-0,4,9.0,5.0,2,29,0,34,18,1,1,0.0,0.0,0.0
5-11-2-1-30-2,5,11.0,2.0,1,30,2,41,32,1,1,0.0,0.0,0.0
3-11-3-3-21-1,3,11.0,3.0,3,21,1,26,21,2,1,0.0,0.0,0.0
3-13-8-3-32-1,3,13.0,8.0,3,32,1,33,25,2,1,0.0,0.0,0.0
4-13-2-2-38-0,4,13.0,2.0,2,38,0,9,0,2,1,0.0,0.0,0.0
3-8-4-3-17-0,3,8.0,4.0,3,17,0,30,14,2,1,0.0,0.0,0.0
4-14-2-2-33-1,4,14.0,2.0,2,33,1,37,21,4,1,0.0,0.0,0.0
4-13-3-2-37-1,4,13.0,3.0,2,37,1,19,11,3,1,0.0,0.0,0.0
3-10-5-2-24-0,3,10.0,5.0,2,24,0,24,10,1,1,0.0,0.0,0.0
1-2-2-4-2-1,1,2.0,2.0,4,2,1,35,35,7,1,0.0,0.0,0.0
4-13-4-2-40-1,4,13.0,4.0,2,40,1,28,15,2,1,0.0,0.0,0.0
3-9-2-2-16-2,3,9.0,2.0,2,16,2,44,32,1,1,0.0,0.0,0.0
5-12-0-2-36-0,5,12.0,,2,36,0,17,0,1,1,0.0,0.0,0.0
1-6-6-3-6-0,1,6.0,6.0,3,6,0,29,18,3,1,0.0,0.0,0.0
3-13-7-2-32-0,3,13.0,7.0,2,32,0,16,8,1,1,0.0,0.0,0.0
2-9-5-2-14-0,2,9.0,5.0,2,14,0,26,14,1,1,0.0,0.0,0.0
3-12-0-3-21-0,3,12.0,,3,21,0,19,14,2,1,0.0,0.0,0.0
4-13-0-2-24-0,4,13.0,,2,24,0,19,10,5,1,0.0,0.0,0.0
5-13-0-1-35-0,5,13.0,,1,35,0,8,0,2,1,0.0,0.0,0.0
3-10-2-2-17-1,3,10.0,2.0,2,17,1,37,25,2,1,0.0,0.0,0.0
3-14-0-3-17-1,3,14.0,,3,17,1,28,25,2,1,0.0,0.0,0.0
5-14-3-2-44-0,5,14.0,3.0,2,44,0,19,0,4,1,0.0,0.0,0.0
5-13-3-2-44-1,5,13.0,3.0,2,44,1,25,15,1,1,0.0,0.0,0.0
5-11-0-1-35-1,5,11.0,,1,35,1,43,25,1,1,0.0,0.0,0.0
5-12-4-2-37-0,5,12.0,4.0,2,37,0,31,10,3,1,0.0,0.0,0.0
4-10-2-2-23-0,4,10.0,2.0,2,23,0,4,0,5,1,0.0,0.0,0.0
3-14-4-2-24-2,3,14.0,4.0,2,24,2,44,26,2,1,0.0,0.0,0.0
3-8-2-2-17-0,3,8.0,2.0,2,17,0,8,4,1,1,0.0,0.0,0.0
3-12-5-2-25-1,3,12.0,5.0,2,25,1,30,15,2,1,0.0,0.0,0.0
2-14-9-3-23-1,2,14.0,9.0,3,23,1,30,25,5,1,0.0,0.0,0.0
2-11-9-3-20-0,2,11.0,9.0,3,20,0,23,18,4,1,0.0,0.0,0.0
4-9-3-2-23-0,4,9.0,3.0,2,23,0,23,0,1,1,0.0,0.0,0.0
5-10-0-1-34-2,5,10.0,,1,34,2,30,22,1,1,0.0,0.0,0.0
4-13-3-2-27-2,4,13.0,3.0,2,27,2,56,32,1,1,0.0,0.0,0.0
5-10-0-1-27-0,5,10.0,,1,27,0,39,20,1,1,0.0,0.0,0.0
4-14-2-2-32-0,4,14.0,2.0,2,32,0,20,4,2,1,0.0,0.0,0.0
4-12-0-2-21-0,4,12.0,,2,21,0,28,14,6,1,0.0,0.0,0.0
1-13-13-3-13-1,1,13.0,13.0,3,13,1,32,29,7,1,0.0,0.0,0.0
4-10-0-4-15-1,4,10.0,,4,15,1,17,15,1,1,0.0,0.0,0.0
4-13-3-2-29-1,4,13.0,3.0,2,29,1,31,15,3,1,0.0,0.0,0.0
3-9-0-2-15-0,3,9.0,,2,15,0,37,24,1,1,0.0,0.0,0.0
3-11-5-3-24-2,3,11.0,5.0,3,24,2,37,22,4,1,0.0,0.0,0.0
4-14-4-2-30-0,4,14.0,4.0,2,30,0,19,0,2,1,0.0,0.0,0.0
4-10-4-3-28-1,4,10.0,4.0,3,28,1,30,11,1,1,0.0,0.0,0.0
2-6-0-3-6-0,2,6.0,,3,6,0,21,10,3,1,0.0,0.0,0.0
4-11-0-2-26-0,4,11.0,,2,26,0,24,8,3,1,0.0,0.0,0.0
4-14-3-2-32-1,4,14.0,3.0,2,32,1,45,29,5,1,0.0,0.0,0.0
5-11-2-2-34-2,5,11.0,2.0,2,34,2,29,22,1,1,0.0,0.0,0.0
3-11-3-2-22-1,3,11.0,3.0,2,22,1,30,25,4,1,0.0,0.0,0.0
3-8-0-3-11-0,3,8.0,,3,11,0,10,8,2,1,0.0,0.0,0.0
2-5-0-3-5-2,2,5.0,,3,5,2,46,36,7,1,0.0,0.0,0.0
3-11-2-2-22-0,3,11.0,2.0,2,22,0,9,4,2,1,0.0,0.0,0.0
4-14-3-3-28-1,4,14.0,3.0,3,28,1,20,11,1,1,0.0,0.0,0.0
6-14-4-1-55-1,6,14.0,4.0,1,55,1,37,11,1,1,0.0,0.0,0.0
4-13-4-2-30-1,4,13.0,4.0,2,30,1,45,25,1,1,0.0,0.0,0.0
4-11-3-2-26-0,4,11.0,3.0,2,26,0,25,10,1,1,0.0,0.0,0.0
5-13-3-2-37-1,5,13.0,3.0,2,37,1,29,11,1,1,0.0,0.0,0.0
3-13-8-2-33-2,3,13.0,8.0,2,33,2,34,26,1,1,0.0,0.0,0.0
4-12-5-2-36-0,4,12.0,5.0,2,36,0,22,4,1,1,0.0,0.0,0.0
5-12-0-1-39-0,5,12.0,,1,39,0,24,14,2,1,0.0,0.0,0.0
3-13-4-3-29-1,3,13.0,4.0,3,29,1,35,25,1,1,0.0,0.0,0.0
3-10-3-2-17-1,3,10.0,3.0,2,17,1,31,25,4,1,0.0,0.0,0.0
3-9-0-4-16-1,3,9.0,,4,16,1,23,19,2,1,0.0,0.0,0.0
3-13-6-2-29-1,3,13.0,6.0,2,29,1,45,29,3,1,0.0,0.0,0.0
4-10-3-2-27-1,4,10.0,3.0,2,27,1,45,31,3,1,0.0,0.0,0.0
2-14-0-3-14-1,2,14.0,,3,14,1,34,31,6,1,0.0,0.0,0.0
3-14-2-2-22-0,3,14.0,2.0,2,22,0,28,14,2,1,0.0,0.0,0.0
3-11-2-2-17-2,3,11.0,2.0,2,17,2,37,30,2,1,0.0,0.0,0.0
3-9-7-3-24-1,3,9.0,7.0,3,24,1,27,21,1,1,0.0,0.0,0.0
2-13-2-3-15-0,2,13.0,2.0,3,15,0,21,18,3,1,0.0,0.0,0.0
4-14-2-3-29-1,4,14.0,2.0,3,29,1,30,21,2,1,0.0,0.0,0.0
5-13-2-2-28-0,5,13.0,2.0,2,28,0,32,14,1,1,0.0,0.0,0.0
2-14-13-3-27-1,2,14.0,13.0,3,27,1,45,39,4,1,0.0,0.0,0.0
2-9-2-4-11-1,2,9.0,2.0,4,11,1,17,15,2,1,0.0,0.0,0.0
4-11-3-3-30-2,4,11.0,3.0,3,30,2,43,36,1,1,0.0,0.0,0.0
4-13-2-3-29-1,4,13.0,2.0,3,29,1,24,15,1,1,0.0,0.0,0.0
2-13-11-3-24-1,2,13.0,11.0,3,24,1,31,25,6,1,0.0,0.0,0.0
4-10-5-2-31-1,4,10.0,5.0,2,31,1,27,11,2,1,0.0,0.0,0.0
4-13-4-2-37-0,4,13.0,4.0,2,37,0,12,0,2,1,0.0,0.0,0.0
4-9-3-2-22-1,4,9.0,3.0,2,22,1,52,35,2,1,0.0,0.0,0.0
4-13-3-2-32-2,4,13.0,3.0,2,32,2,38,22,2,1,0.0,0.0,0.0
5-12-0-2-25-1,5,12.0,,2,25,1,16,11,1,1,0.0,0.0,0.0
3-9-5-3-20-0,3,9.0,5.0,3,20,0,47,24,1,1,0.0,0.0,0.0
2-14-7-2-21-1,2,14.0,7.0,2,21,1,20,15,3,1,0.0,0.0,0.0
2-9-6-3-15-3,2,9.0,6.0,3,15,3,46,33,1,1,0.0,0.0,0.0
5-12-2-2-36-0,5,12.0,2.0,2,36,0,28,10,3,1,0.0,0.0,0.0
5-12-2-2-29-0,5,12.0,2.0,2,29,0,32,4,2,1,0.0,0.0,0.0
3-11-0-2-21-1,3,11.0,,2,21,1,30,25,3,1,0.0,0.0,0.0
5-12-3-2-45-0,5,12.0,3.0,2,45,0,24,14,1,1,0.0,0.0,0.0
5-14-0-1-30-0,5,14.0,,1,30,0,26,20,1,1,0.0,0.0,0.0
4-13-2-3-29-0,4,13.0,2.0,3,29,0,20,4,2,1,0.0,0.0,0.0
4-11-0-3-30-0,4,11.0,,3,30,0,17,10,1,1,0.0,0.0,0.0
2-14-10-2-24-1,2,14.0,10.0,2,24,1,20,15,1,1,0.0,0.0,0.0
5-9-2-2-28-1,5,9.0,2.0,2,28,1,40,21,1,1,0.0,0.0,0.0
4-14-2-2-28-1,4,14.0,2.0,2,28,1,34,19,3,1,0.0,0.0,0.0
4-14-6-3-44-0,4,14.0,6.0,3,44,0,34,14,3,1,0.0,0.0,0.0
5-13-6-2-47-0,5,13.0,6.0,2,47,0,21,0,1,1,0.0,0.0,0.0
3-10-2-3-19-1,3,10.0,2.0,3,19,1,23,19,3,1,0.0,0.0,0.0
2-8-0-2-8-3,2,8.0,,2,8,3,39,37,1,1,0.0,0.0,0.0
4-12-3-2-34-0,4,12.0,3.0,2,34,0,8,0,1,1,0.0,0.0,0.0
3-7-0-3-10-0,3,7.0,,3,10,0,6,4,1,1,0.0,0.0,0.0
4-13-0-2-21-0,4,13.0,,2,21,0,14,0,2,1,0.0,0.0,0.0
0--1--1-3-0-0,0,,,3,0,0,12,12,2,1,0.0,0.0,0.0
3-6-0-2-10-0,3,6.0,,2,10,0,29,14,2,1,0.0,0.0,0.0
5-14-2-3-47-1,5,14.0,2.0,3,47,1,22,11,1,1,0.0,0.0,0.0
4-10-2-3-21-0,4,10.0,2.0,3,21,0,27,14,1,1,0.0,0.0,0.0
3-9-4-3-19-1,3,9.0,4.0,3,19,1,38,21,2,1,0.0,0.0,0.0
4-10-2-2-21-1,4,10.0,2.0,2,21,1,41,25,1,1,0.0,0.0,0.0
3-13-6-2-31-0,3,13.0,6.0,2,31,0,21,4,2,1,0.0,0.0,0.0
2-9-4-2-13-2,2,9.0,4.0,2,13,2,38,32,1,1,0.0,0.0,0.0
4-14-10-2-47-1,4,14.0,10.0,2,47,1,32,21,2,1,0.0,0.0,0.0
3-12-2-2-22-2,3,12.0,2.0,2,22,2,27,22,1,1,0.0,0.0,0.0
2-12-3-3-15-0,2,12.0,3.0,3,15,0,31,28,1,1,0.0,0.0,0.0
3-13-3-3-27-0,3,13.0,3.0,3,27,0,16,10,2,1,0.0,0.0,0.0
5-14-0-2-33-0,5,14.0,,2,33,0,24,4,5,1,0.0,0.0,0.0
2-3-0-3-3-2,2,3.0,,3,3,2,40,40,5,1,0.0,0.0,0.0
3-11-4-3-22-1,3,11.0,4.0,3,22,1,24,15,3,1,0.0,0.0,0.0
2-13-7-2-20-1,2,13.0,7.0,2,20,1,30,25,2,1,0.0,0.0,0.0
4-10-2-2-21-0,4,10.0,2.0,2,21,0,36,20,2,1,0.0,0.0,0.0
4-14-2-2-34-0,4,14.0,2.0,2,34,0,17,10,4,1,0.0,0.0,0.0
2-14-6-3-20-2,2,14.0,6.0,3,20,2,36,22,4,1,0.0,0.0,0.0
3-7-2-2-15-0,3,7.0,2.0,2,15,0,23,10,1,1,0.0,0.0,0.0
4-14-5-3-37-1,4,14.0,5.0,3,37,1,39,21,1,1,0.0,0.0,0.0
5-13-2-2-37-0,5,13.0,2.0,2,37,0,17,0,3,1,0.0,0.0,0.0
6-12-0-2-45-0,6,12.0,,2,45,0,20,0,2,1,0.0,0.0,0.0
4-11-5-3-33-0,4,11.0,5.0,3,33,0,21,4,3,1,0.0,0.0,0.0
3-10-7-3-26-1,3,10.0,7.0,3,26,1,17,11,2,1,0.0,0.0,0.0
3-6-3-3-14-1,3,6.0,3.0,3,14,1,62,41,2,1,0.0,0.0,0.0
5-12-2-1-39-0,5,12.0,2.0,1,39,0,32,14,1,1,0.0,0.0,0.0
2-10-6-3-16-0,2,10.0,6.0,3,16,0,41,28,2,1,0.0,0.0,0.0
4-14-4-2-32-1,4,14.0,4.0,2,32,1,50,31,1,1,0.0,0.0,0.0
3-12-5-2-24-0,3,12.0,5.0,2,24,0,25,10,1,1,0.0,0.0,0.0
3-12-3-2-26-0,3,12.0,3.0,2,26,0,30,24,1,1,0.0,0.0,0.0
6-14-0-1-42-1,6,14.0,,1,42,1,39,11,2,1,0.0,0.0,0.0
4-14-6-2-41-0,4,14.0,6.0,2,41,0,19,0,2,1,0.0,0.0,0.0
5-11-0-2-31-1,5,11.0,,2,31,1,35,15,3,1,0.0,0.0,0.0
4-12-0-2-25-1,4,12.0,,2,25,1,31,25,3,1,0.0,0.0,0.0
3-13-6-4-31-1,3,13.0,6.0,4,31,1,42,25,1,1,0.0,0.0,0.0
5-10-0-2-29-0,5,10.0,,2,29,0,20,14,5,1,0.0,0.0,0.0
4-14-10-3-48-1,4,14.0,10.0,3,48,1,36,25,1,1,0.0,0.0,0.0
2-14-4-3-18-0,2,14.0,4.0,3,18,0,21,14,2,1,0.0,0.0,0.0
4-11-5-2-31-1,4,11.0,5.0,2,31,1,41,15,2,1,0.0,0.0,0.0
4-14-4-2-38-2,4,14.0,4.0,2,38,2,34,22,2,1,0.0,0.0,0.0
3-7-2-2-12-1,3,7.0,2.0,2,12,1,43,41,3,1,0.0,0.0,0.0
3-10-3-3-19-0,3,10.0,3.0,3,19,0,21,8,1,1,0.0,0.0,0.0
4-7-2-2-18-0,4,7.0,2.0,2,18,0,37,24,2,1,0.0,0.0,0.0
3-13-3-3-28-0,3,13.0,3.0,3,28,0,30,24,1,1,0.0,0.0,0.0
6-14-4-2-50-0,6,14.0,4.0,2,50,0,28,4,1,1,0.0,0.0,0.0
5-11-0-2-24-1,5,11.0,,2,24,1,49,25,2,1,0.0,0.0,0.0
3-14-11-3-37-1,3,14.0,11.0,3,37,1,24,15,2,1,0.0,0.0,0.0
5-14-2-2-33-0,5,14.0,2.0,2,33,0,40,24,2,1,0.0,0.0,0.0
3-12-4-3-21-0,3,12.0,4.0,3,21,0,35,18,1,1,0.0,0.0,0.0
1-2-2-3-2-0,1,2.0,2.0,3,2,0,24,24,4,1,0.0,0.0,0.0
2-11-8-4-19-1,2,11.0,8.0,4,19,1,30,25,2,1,0.0,0.0,0.0
6-10-3-2-39-0,6,10.0,3.0,2,39,0,27,0,1,1,0.0,0.0,0.0
6-13-0-1-43-1,6,13.0,,1,43,1,50,21,2,1,0.0,0.0,0.0
4-11-5-2-30-0,4,11.0,5.0,2,30,0,30,4,5,1,0.0,0.0,0.0
5-14-5-2-47-1,5,14.0,5.0,2,47,1,40,11,1,1,0.0,0.0,0.0
2-14-9-3-23-2,2,14.0,9.0,3,23,2,41,36,2,1,0.0,0.0,0.0
3-10-3-2-21-0,3,10.0,3.0,2,21,0,12,8,3,1,0.0,0.0,0.0
3-11-8-2-28-0,3,11.0,8.0,2,28,0,35,28,2,1,0.0,0.0,0.0
3-9-2-3-19-1,3,9.0,2.0,3,19,1,25,21,3,1,0.0,0.0,0.0
4-11-3-2-24-0,4,11.0,3.0,2,24,0,22,4,1,1,0.0,0.0,0.0
3-11-0-4-21-1,3,11.0,,4,21,1,30,25,1,1,0.0,0.0,0.0
6-13-3-2-47-0,6,13.0,3.0,2,47,0,20,0,1,1,0.0,0.0,0.0
2-13-12-3-25-1,2,13.0,12.0,3,25,1,21,15,6,1,0.0,0.0,0.0
5-14-6-2-47-0,5,14.0,6.0,2,47,0,21,0,1,1,0.0,0.0,0.0
2-9-8-2-17-0,2,9.0,8.0,2,17,0,8,4,1,1,0.0,0.0,0.0
4-14-7-2-42-0,4,14.0,7.0,2,42,0,24,14,3,1,0.0,0.0,0.0
3-8-3-2-16-1,3,8.0,3.0,2,16,1,27,15,3,1,0.0,0.0,0.0
4-14-5-3-38-0,4,14.0,5.0,3,38,0,42,24,1,1,0.0,0.0,0.0
4-10-2-3-24-0,4,10.0,2.0,3,24,0,34,20,1,1,0.0,0.0,0.0
6-14-3-1-48-0,6,14.0,3.0,1,48,0,26,4,2,1,0.0,0.0,0.0
7-13-0-1-47-0,7,13.0,,1,47,0,14,0,2,1,0.0,0.0,0.0
3-11-4-2-24-2,3,11.0,4.0,2,24,2,41,32,1,1,0.0,0.0,0.0
4-12-6-3-36-1,4,12.0,6.0,3,36,1,33,15,1,1,0.0,0.0,0.0
2-14-5-4-19-1,2,14.0,5.0,4,19,1,32,19,4,1,0.0,0.0,0.0
2-4-0-3-4-2,2,4.0,,3,4,2,50,46,2,1,0.0,0.0,0.0
4-10-2-2-25-0,4,10.0,2.0,2,25,0,25,10,2,1,0.0,0.0,0.0
2-6-5-4-11-2,2,6.0,5.0,4,11,2,51,30,4,1,0.0,0.0,0.0
3-6-3-2-14-1,3,6.0,3.0,2,14,1,36,15,3,1,0.0,0.0,0.0
4-12-0-2-23-1,4,12.0,,2,23,1,20,11,4,1,0.0,0.0,0.0
3-3-0-2-5-2,3,3.0,,2,5,2,46,46,1,1,0.0,0.0,0.0
2-10-5-3-15-0,2,10.0,5.0,3,15,0,20,8,2,1,0.0,0.0,0.0
4-14-5-2-32-0,4,14.0,5.0,2,32,0,26,0,2,1,0.0,0.0,0.0
2-7-5-3-12-0,2,7.0,5.0,3,12,0,22,10,6,1,0.0,0.0,0.0
4-12-3-2-28-0,4,12.0,3.0,2,28,0,29,20,2,1,0.0,0.0,0.0
5-12-0-2-39-0,5,12.0,,2,39,0,10,0,2,1,0.0,0.0,0.0
3-11-5-2-25-0,3,11.0,5.0,2,25,0,15,0,3,1,0.0,0.0,0.0
4-13-2-2-34-1,4,13.0,2.0,2,34,1,23,15,2,1,0.0,0.0,0.0
4-12-2-2-28-0,4,12.0,2.0,2,28,0,20,4,2,1,0.0,0.0,0.0
3-9-3-2-18-1,3,9.0,3.0,2,18,1,38,25,1,1,0.0,0.0,0.0
6-13-0-1-42-0,6,13.0,,1,42,0,12,0,4,1,0.0,0.0,0.0
5-11-0-1-27-1,5,11.0,,1,27,1,26,11,2,1,0.0,0.0,0.0
4-13-0-2-27-0,4,13.0,,2,27,0,30,14,2,1,0.0,0.0,0.0
3-8-2-3-14-1,3,8.0,2.0,3,14,1,31,25,3,1,0.0,0.0,0.0
2-14-4-3-18-1,2,14.0,4.0,3,18,1,32,25,5,1,0.0,0.0,0.0
3-14-5-2-25-1,3,14.0,5.0,2,25,1,55,31,3,1,0.0,0.0,0.0
2-8-0-4-8-1,2,8.0,,4,8,1,27,25,2,1,0.0,0.0,0.0
0--1--1-4-0-0,0,,,4,0,0,18,18,2,1,0.0,0.0,0.0
2-9-7-4-16-0,2,9.0,7.0,4,16,0,32,28,2,1,0.0,0.0,0.0
4-12-0-2-29-2,4,12.0,,2,29,2,43,36,2,1,0.0,0.0,0.0
1-10-10-4-10-1,1,10.0,10.0,4,10,1,41,39,4,1,0.0,0.0,0.0
4-13-9-3-43-1,4,13.0,9.0,3,43,1,21,11,1,1,0.0,0.0,0.0
6-13-3-1-50-1,6,13.0,3.0,1,50,1,25,11,1,1,0.0,0.0,0.0
3-14-3-4-29-1,3,14.0,3.0,4,29,1,37,31,3,1,0.0,0.0,0.0
6-14-0-1-39-1,6,14.0,,1,39,1,42,15,1,1,0.0,0.0,0.0
3-10-0-3-14-0,3,10.0,,3,14,0,20,14,1,1,0.0,0.0,0.0
6-10-0-2-27-0,6,10.0,,2,27,0,24,10,1,1,0.0,0.0,0.0
6-14-2-1-42-0,6,14.0,2.0,1,42,0,18,0,1,1,0.0,0.0,0.0
4-12-0-2-32-0,4,12.0,,2,32,0,12,4,2,1,0.0,0.0,0.0
4-11-0-2-17-1,4,11.0,,2,17,1,22,15,4,1,0.0,0.0,0.0
3-10-2-4-17-0,3,10.0,2.0,4,17,0,26,14,1,1,0.0,0.0,0.0
4-9-0-2-22-1,4,9.0,,2,22,1,35,21,4,1,0.0,0.0,0.0
3-10-0-2-18-0,3,10.0,,2,18,0,24,20,3,1,0.0,0.0,0.0
4-13-4-3-30-0,4,13.0,4.0,3,30,0,33,14,3,1,0.0,0.0,0.0
4-11-6-2-34-0,4,11.0,6.0,2,34,0,28,10,2,1,0.0,0.0,0.0
4-13-2-2-28-0,4,13.0,2.0,2,28,0,20,4,4,1,0.0,0.0,0.0
4-13-7-2-41-1,4,13.0,7.0,2,41,1,31,21,2,1,0.0,0.0,0.0
2-3-0-2-3-3,2,3.0,,2,3,3,43,43,1,1,0.0,0.0,0.0
5-12-2-2-38-0,5,12.0,2.0,2,38,0,29,10,2,1,0.0,0.0,0.0
3-8-3-2-16-0,3,8.0,3.0,2,16,0,26,14,4,1,0.0,0.0,0.0
6-13-2-2-44-1,6,13.0,2.0,2,44,1,37,15,2,1,0.0,0.0,0.0
3-14-6-4-27-1,3,14.0,6.0,4,27,1,47,31,3,1,0.0,0.0,0.0
2-5-3-2-8-1,2,5.0,3.0,2,8,1,25,15,2,1,0.0,0.0,0.0
5-13-5-2-47-0,5,13.0,5.0,2,47,0,30,0,1,1,0.0,0.0,0.0
3-12-8-2-29-1,3,12.0,8.0,2,29,1,26,19,3,1,0.0,0.0,0.0
3-11-4-2-21-1,3,11.0,4.0,2,21,1,33,15,2,1,0.0,0.0,0.0
3-12-5-2-28-1,3,12.0,5.0,2,28,1,37,21,2,1,0.0,0.0,0.0
3-5-2-4-10-0,3,5.0,2.0,4,10,0,24,14,1,1,0.0,0.0,0.0
5-10-2-2-31-0,5,10.0,2.0,2,31,0,35,10,2,1,0.0,0.0,0.0
3-8-3-2-17-0,3,8.0,3.0,2,17,0,27,14,2,1,0.0,0.0,0.0
5-13-6-2-52-1,5,13.0,6.0,2,52,1,33,11,1,1,0.0,0.0,0.0
3-9-2-2-18-0,3,9.0,2.0,2,18,0,22,18,1,1,0.0,0.0,0.0
4-12-3-2-30-1,4,12.0,3.0,2,30,1,40,25,5,1,0.0,0.0,0.0
5-12-6-3-46-1,5,12.0,6.0,3,46,1,32,11,1,1,0.0,0.0,0.0
2-12-9-3-21-2,2,12.0,9.0,3,21,2,37,32,4,1,0.0,0.0,0.0
2-3-2-3-5-0,2,3.0,2.0,3,5,0,28,28,4,1,0.0,0.0,0.0
3-14-2-3-27-0,3,14.0,2.0,3,27,0,14,8,1,1,0.0,0.0,0.0
2-7-4-3-11-1,2,7.0,4.0,3,11,1,35,29,4,1,0.0,0.0,0.0
3-13-8-3-33-1,3,13.0,8.0,3,33,1,37,29,2,1,0.0,0.0,0.0
3-3-0-3-5-1,3,3.0,,3,5,1,29,29,2,1,0.0,0.0,0.0
4-8-0-2-19-1,4,8.0,,2,19,1,39,31,2,1,0.0,0.0,0.0
4-13-2-2-36-2,4,13.0,2.0,2,36,2,40,32,1,1,0.0,0.0,0.0
2-9-8-4-17-1,2,9.0,8.0,4,17,1,29,25,2,1,0.0,0.0,0.0
4-11-5-2-29-3,4,11.0,5.0,2,29,3,59,33,1,1,0.0,0.0,0.0
3-13-2-3-20-0,3,13.0,2.0,3,20,0,27,14,1,1,0.0,0.0,0.0
4-14-0-2-31-2,4,14.0,,2,31,2,49,32,2,1,0.0,0.0,0.0
4-14-7-2-40-1,4,14.0,7.0,2,40,1,39,29,2,1,0.0,0.0,0.0
1-4-4-3-4-2,1,4.0,4.0,3,4,2,40,36,5,1,0.0,0.0,0.0
4-9-0-2-21-1,4,9.0,,2,21,1,23,15,2,1,0.0,0.0,0.0
2-12-8-3-20-1,2,12.0,8.0,3,20,1,20,15,3,1,0.0,0.0,0.0
3-6-0-2-9-1,3,6.0,,2,9,1,42,31,2,1,0.0,0.0,0.0
3-13-2-3-19-0,3,13.0,2.0,3,19,0,21,14,2,1,0.0,0.0,0.0
2-7-6-2-13-1,2,7.0,6.0,2,13,1,32,19,1,1,0.0,0.0,0.0
2-10-3-3-13-2,2,10.0,3.0,3,13,2,24,22,2,1,0.0,0.0,0.0
5-13-3-1-44-0,5,13.0,3.0,1,44,0,20,10,1,1,0.0,0.0,0.0
2-11-3-3-14-0,2,11.0,3.0,3,14,0,23,20,3,1,0.0,0.0,0.0
3-14-0-4-26-0,3,14.0,,4,26,0,30,24,2,1,0.0,0.0,0.0
2-11-2-3-13-1,2,11.0,2.0,3,13,1,28,25,9,1,0.0,0.0,0.0
3-10-2-2-21-0,3,10.0,2.0,2,21,0,22,18,2,1,0.0,0.0,0.0
3-10-2-2-19-1,3,10.0,2.0,2,19,1,25,21,1,1,0.0,0.0,0.0
3-5-0-3-8-0,3,5.0,,3,8,0,24,14,4,1,0.0,0.0,0.0
2-9-5-3-14-3,2,9.0,5.0,3,14,3,49,37,1,50,0.0,0.0,27.66
4-6-2-2-16-1,4,6.0,2.0,2,16,1,36,15,2,1,0.0,0.0,0.0
1-7-7-4-7-3,1,7.0,7.0,4,7,3,49,47,3,50,0.0,0.0,21.66
0--1--1-4-0-3,0,,,4,0,3,47,47,2,50,0.0,0.0,14.44
5-14-9-2-59-0,5,14.0,9.0,2,59,0,14,0,1,1,0.0,0.0,0.0
3-11-0-2-15-1,3,11.0,,2,15,1,32,25,1,1,0.0,0.0,0.0
4-9-0-3-16-1,4,9.0,,3,16,1,27,15,2,1,0.0,0.0,0.0
2-13-2-3-15-1,2,13.0,2.0,3,15,1,28,25,6,1,0.0,0.0,0.0
2-5-2-4-7-1,2,5.0,2.0,4,7,1,45,35,3,1,0.0,0.0,0.0
4-8-0-2-18-0,4,8.0,,2,18,0,17,0,4,1,0.0,0.0,0.0
4-13-5-2-36-0,4,13.0,5.0,2,36,0,35,18,2,1,0.0,0.0,0.0
3-11-3-3-22-1,3,11.0,3.0,3,22,1,30,25,2,1,0.0,0.0,0.0
5-14-4-2-40-1,5,14.0,4.0,2,40,1,42,21,1,1,0.0,0.0,0.0
3-9-5-3-20-1,3,9.0,5.0,3,20,1,52,29,4,1,0.0,0.0,0.0
4-10-0-2-19-1,4,10.0,,2,19,1,35,31,4,1,0.0,0.0,0.0
4-13-2-2-31-2,4,13.0,2.0,2,31,2,52,36,1,1,0.0,0.0,0.0
2-6-2-4-8-1,2,6.0,2.0,4,8,1,36,25,2,1,0.0,0.0,0.0
4-11-2-2-30-0,4,11.0,2.0,2,30,0,21,14,2,1,0.0,0.0,0.0
4-14-0-2-27-1,4,14.0,,2,27,1,34,19,5,1,0.0,0.0,0.0
5-13-4-2-44-0,5,13.0,4.0,2,44,0,18,4,1,1,0.0,0.0,0.0
2-13-8-3-21-2,2,13.0,8.0,3,21,2,41,36,6,1,0.0,0.0,0.0
5-14-9-2-58-0,5,14.0,9.0,2,58,0,23,10,1,1,0.0,0.0,0.0
1-4-4-3-4-1,1,4.0,4.0,3,4,1,29,25,17,1,0.0,0.0,0.0
4-14-0-2-29-0,4,14.0,,2,29,0,35,20,11,1,0.0,0.0,0.0
1-5-5-4-5-2,1,5.0,5.0,4,5,2,42,32,3,1,0.0,0.0,0.0
0--1--1-4-0-2,0,,,4,0,2,30,30,5,1,0.0,0.0,0.0
4-13-4-2-34-1,4,13.0,4.0,2,34,1,32,21,4,1,0.0,0.0,0.0
4-13-5-2-38-0,4,13.0,5.0,2,38,0,28,10,4,1,0.0,0.0,0.0
5-14-6-2-46-1,5,14.0,6.0,2,46,1,31,11,1,1,0.0,0.0,0.0
5-12-4-1-39-0,5,12.0,4.0,1,39,0,46,24,1,1,0.0,0.0,0.0
5-14-0-2-26-0,5,14.0,,2,26,0,9,4,1,1,0.0,0.0,0.0
3-13-8-2-30-0,3,13.0,8.0,2,30,0,21,14,4,1,0.0,0.0,0.0
3-14-3-3-28-1,3,14.0,3.0,3,28,1,35,29,2,1,0.0,0.0,0.0
2-7-6-4-13-1,2,7.0,6.0,4,13,1,42,29,2,1,0.0,0.0,0.0
4-10-5-2-30-1,4,10.0,5.0,2,30,1,60,35,1,1,0.0,0.0,0.0
3-13-6-3-30-2,3,13.0,6.0,3,30,2,53,36,1,1,0.0,0.0,0.0
4-14-0-2-32-1,4,14.0,,2,32,1,29,21,6,1,0.0,0.0,0.0
5-13-0-2-39-0,5,13.0,,2,39,0,18,0,3,1,0.0,0.0,0.0
5-14-0-1-39-1,5,14.0,,1,39,1,33,21,1,1,0.0,0.0,0.0
3-14-5-3-26-1,3,14.0,5.0,3,26,1,44,29,1,1,0.0,0.0,0.0
2-6-0-2-6-0,2,6.0,,2,6,0,39,28,1,1,0.0,0.0,0.0
3-10-0-3-13-0,3,10.0,,3,13,0,16,14,3,1,0.0,0.0,0.0
5-14-6-2-50-0,5,14.0,6.0,2,50,0,31,10,3,1,0.0,0.0,0.0
3-12-0-3-14-1,3,12.0,,3,14,1,22,19,2,1,0.0,0.0,0.0
1-6-6-4-6-3,1,6.0,6.0,4,6,3,54,43,1,50,0.0,0.0,26.6
2-14-8-3-22-1,2,14.0,8.0,3,22,1,36,31,6,1,0.0,0.0,0.0
2-14-13-3-27-0,2,14.0,13.0,3,27,0,24,18,4,1,0.0,0.0,0.0
4-13-4-2-36-1,4,13.0,4.0,2,36,1,33,21,2,1,0.0,0.0,0.0
4-14-4-2-33-0,4,14.0,4.0,2,33,0,35,24,3,1,0.0,0.0,0.0
3-14-0-2-19-0,3,14.0,,2,19,0,31,18,2,1,0.0,0.0,0.0
3-8-0-3-11-1,3,8.0,,3,11,1,37,35,3,1,0.0,0.0,0.0
2-10-0-3-10-1,2,10.0,,3,10,1,27,25,2,1,0.0,0.0,0.0
5-11-3-1-38-0,5,11.0,3.0,1,38,0,29,20,1,1,0.0,0.0,0.0
2-9-7-3-16-1,2,9.0,7.0,3,16,1,29,25,6,1,0.0,0.0,0.0
4-10-4-2-27-1,4,10.0,4.0,2,27,1,44,25,3,1,0.0,0.0,0.0
3-14-3-3-22-1,3,14.0,3.0,3,22,1,34,21,1,1,0.0,0.0,0.0
2-8-5-3-13-1,2,8.0,5.0,3,13,1,53,41,3,1,0.0,0.0,0.0
4-14-3-2-34-1,4,14.0,3.0,2,34,1,28,21,7,1,0.0,0.0,0.0
2-13-3-4-16-2,2,13.0,3.0,4,16,2,35,32,2,1,0.0,0.0,0.0
4-12-0-2-24-0,4,12.0,,2,24,0,5,0,2,1,0.0,0.0,0.0
4-9-2-3-21-0,4,9.0,2.0,3,21,0,22,18,3,1,0.0,0.0,0.0
4-12-0-2-33-1,4,12.0,,2,33,1,43,35,1,1,0.0,0.0,0.0
3-12-0-2-19-0,3,12.0,,2,19,0,15,10,1,1,0.0,0.0,0.0
5-13-2-2-40-0,5,13.0,2.0,2,40,0,22,14,4,1,0.0,0.0,0.0
4-12-5-2-37-1,4,12.0,5.0,2,37,1,41,23,1,1,0.0,0.0,0.0
5-9-0-1-20-1,5,9.0,,1,20,1,24,11,1,1,0.0,0.0,0.0
3-5-0-2-9-2,3,5.0,,2,9,2,40,26,2,1,0.0,0.0,0.0
1-9-9-3-9-1,1,9.0,9.0,3,9,1,25,23,10,1,0.0,0.0,0.0
3-12-2-2-20-1,3,12.0,2.0,2,20,1,39,25,6,1,0.0,0.0,0.0
4-13-4-2-39-1,4,13.0,4.0,2,39,1,27,15,2,1,0.0,0.0,0.0
2-10-9-3-19-2,2,10.0,9.0,3,19,2,46,42,2,1,0.0,0.0,0.0
3-4-0-3-7-0,3,4.0,,3,7,0,16,12,2,1,0.0,0.0,0.0
4-12-2-3-29-0,4,12.0,2.0,3,29,0,11,4,2,1,0.0,0.0,0.0
3-14-0-2-27-0,3,14.0,,2,27,0,26,20,1,1,0.0,0.0,0.0
3-11-3-3-22-0,3,11.0,3.0,3,22,0,23,18,1,1,0.0,0.0,0.0
2-5-3-3-8-0,2,5.0,3.0,3,8,0,28,18,4,1,0.0,0.0,0.0
3-14-10-2-35-0,3,14.0,10.0,2,35,0,28,20,1,1,0.0,0.0,0.0
5-11-3-2-34-0,5,11.0,3.0,2,34,0,31,14,2,1,0.0,0.0,0.0
3-11-0-3-17-1,3,11.0,,3,17,1,29,15,2,1,0.0,0.0,0.0
2-9-5-3-14-1,2,9.0,5.0,3,14,1,41,29,6,1,0.0,0.0,0.0
2-12-6-2-18-0,2,12.0,6.0,2,18,0,32,18,2,1,0.0,0.0,0.0
2-3-2-3-5-1,2,3.0,2.0,3,5,1,15,15,2,1,0.0,0.0,0.0
3-8-2-2-13-2,3,8.0,2.0,2,13,2,48,46,1,1,0.0,0.0,0.0
4-13-0-2-30-0,4,13.0,,2,30,0,21,14,2,1,0.0,0.0,0.0
5-9-0-1-25-0,5,9.0,,1,25,0,45,30,1,1,0.0,0.0,0.0
5-14-0-2-31-1,5,14.0,,2,31,1,30,11,1,1,0.0,0.0,0.0
3-12-2-2-18-1,3,12.0,2.0,2,18,1,22,15,3,1,0.0,0.0,0.0
4-14-2-2-34-2,4,14.0,2.0,2,34,2,48,32,1,1,0.0,0.0,0.0
2-14-6-3-20-1,2,14.0,6.0,3,20,1,49,35,2,1,0.0,0.0,0.0
2-6-3-3-9-2,2,6.0,3.0,3,9,2,41,30,1,1,0.0,0.0,0.0
4-13-5-2-35-1,4,13.0,5.0,2,35,1,48,31,1,1,0.0,0.0,0.0
5-14-0-3-34-0,5,14.0,,3,34,0,20,10,1,1,0.0,0.0,0.0
6-9-2-2-35-0,6,9.0,2.0,2,35,0,20,0,1,1,0.0,0.0,0.0
4-14-0-3-20-1,4,14.0,,3,20,1,28,21,1,1,0.0,0.0,0.0
4-13-3-2-32-0,4,13.0,3.0,2,32,0,21,14,3,1,0.0,0.0,0.0
6-13-0-1-37-1,6,13.0,,1,37,1,23,11,2,1,0.0,0.0,0.0
4-12-0-2-20-2,4,12.0,,2,20,2,39,26,1,1,0.0,0.0,0.0
4-13-5-2-32-0,4,13.0,5.0,2,32,0,46,20,1,1,0.0,0.0,0.0
3-12-0-3-18-0,3,12.0,,3,18,0,18,4,3,1,0.0,0.0,0.0
6-13-0-1-49-0,6,13.0,,1,49,0,36,14,2,1,0.0,0.0,0.0
5-13-0-2-40-0,5,13.0,,2,40,0,19,10,3,1,0.0,0.0,0.0
2-8-7-4-15-1,2,8.0,7.0,4,15,1,43,39,1,1,0.0,0.0,0.0
4-12-3-2-33-0,4,12.0,3.0,2,33,0,22,14,4,1,0.0,0.0,0.0
6-9-0-1-27-0,6,9.0,,1,27,0,18,0,1,1,0.0,0.0,0.0
6-12-4-2-53-1,6,12.0,4.0,2,53,1,37,21,1,1,0.0,0.0,0.0
2-12-2-3-14-2,2,12.0,2.0,3,14,2,29,26,2,1,0.0,0.0,0.0
2-9-0-4-9-0,2,9.0,,4,9,0,12,10,1,1,0.0,0.0,0.0
2-11-8-2-19-1,2,11.0,8.0,2,19,1,30,25,6,1,0.0,0.0,0.0
5-12-0-2-29-1,5,12.0,,2,29,1,36,21,3,1,0.0,0.0,0.0
3-12-5-3-23-1,3,12.0,5.0,3,23,1,49,25,3,1,0.0,0.0,0.0
3-13-2-2-21-1,3,13.0,2.0,2,21,1,35,21,1,1,0.0,0.0,0.0
4-13-3-2-32-1,4,13.0,3.0,2,32,1,21,11,6,1,0.0,0.0,0.0
4-13-2-2-36-1,4,13.0,2.0,2,36,1,23,15,1,1,0.0,0.0,0.0
3-14-7-2-32-0,3,14.0,7.0,2,32,0,26,18,1,1,0.0,0.0,0.0
3-13-4-2-22-2,3,13.0,4.0,2,22,2,49,32,1,1,0.0,0.0,0.0
3-12-5-2-26-0,3,12.0,5.0,2,26,0,33,18,3,1,0.0,0.0,0.0
3-14-4-2-23-0,3,14.0,4.0,2,23,0,31,14,1,1,0.0,0.0,0.0
3-12-2-3-23-1,3,12.0,2.0,3,23,1,24,19,2,1,0.0,0.0,0.0
3-13-5-3-28-0,3,13.0,5.0,3,28,0,29,14,4,1,0.0,0.0,0.0
2-8-0-3-8-2,2,8.0,,3,8,2,32,30,3,1,0.0,0.0,0.0
3-14-4-2-29-0,3,14.0,4.0,2,29,0,18,8,1,1,0.0,0.0,0.0
1-5-5-3-5-2,1,5.0,5.0,3,5,2,50,40,3,1,0.0,0.0,0.0
3-14-3-2-28-1,3,14.0,3.0,2,28,1,37,31,4,1,0.0,0.0,0.0
3-12-4-2-23-1,3,12.0,4.0,2,23,1,24,15,4,1,0.0,0.0,0.0
4-13-3-2-33-1,4,13.0,3.0,2,33,1,26,19,3,1,0.0,0.0,0.0
2-5-4-5-9-0,2,5.0,4.0,5,9,0,28,14,1,1,0.0,0.0,0.0
3-14-0-3-17-0,3,14.0,,3,17,0,23,20,3,1,0.0,0.0,0.0
3-11-7-2-26-1,3,11.0,7.0,2,26,1,18,11,1,1,0.0,0.0,0.0
4-11-3-3-29-0,4,11.0,3.0,3,29,0,20,4,2,1,0.0,0.0,0.0
5-14-4-2-51-0,5,14.0,4.0,2,51,0,29,14,1,1,0.0,0.0,0.0
6-13-0-1-36-0,6,13.0,,1,36,0,34,14,2,1,0.0,0.0,0.0
5-14-7-1-49-0,5,14.0,7.0,1,49,0,26,14,1,1,0.0,0.0,0.0
4-9-5-2-28-1,4,9.0,5.0,2,28,1,46,21,1,1,0.0,0.0,0.0
4-14-8-2-46-3,4,14.0,8.0,2,46,3,48,37,1,1,0.0,0.0,0.0
4-12-5-2-33-0,4,12.0,5.0,2,33,0,36,10,3,1,0.0,0.0,0.0
3-12-2-3-25-1,3,12.0,2.0,3,25,1,37,31,3,1,0.0,0.0,0.0
3-13-3-3-21-0,3,13.0,3.0,3,21,0,27,14,1,1,0.0,0.0,0.0
4-13-2-3-27-1,4,13.0,2.0,3,27,1,20,11,1,1,0.0,0.0,0.0
4-14-3-3-29-1,4,14.0,3.0,3,29,1,36,21,1,1,0.0,0.0,0.0
6-14-2-1-53-1,6,14.0,2.0,1,53,1,32,11,1,1,0.0,0.0,0.0
6-14-0-1-42-0,6,14.0,,1,42,0,18,0,3,1,0.0,0.0,0.0
4-14-5-2-33-1,4,14.0,5.0,2,33,1,45,19,1,1,0.0,0.0,0.0
5-8-2-2-27-0,5,8.0,2.0,2,27,0,27,8,3,1,0.0,0.0,0.0
4-13-0-2-30-1,4,13.0,,2,30,1,22,15,1,1,0.0,0.0,0.0
2-11-7-4-18-0,2,11.0,7.0,4,18,0,9,4,1,1,0.0,0.0,0.0
4-14-9-2-47-1,4,14.0,9.0,2,47,1,42,31,2,1,0.0,0.0,0.0
3-14-6-3-30-0,3,14.0,6.0,3,30,0,30,14,1,1,0.0,0.0,0.0
4-14-5-3-35-1,4,14.0,5.0,3,35,1,37,11,1,1,0.0,0.0,0.0
2-9-3-3-12-2,2,9.0,3.0,3,12,2,28,26,1,1,0.0,0.0,0.0
4-9-0-2-15-0,4,9.0,,2,15,0,10,4,1,1,0.0,0.0,0.0
3-12-6-3-29-1,3,12.0,6.0,3,29,1,42,25,1,1,0.0,0.0,0.0
2-11-9-3-20-2,2,11.0,9.0,3,20,2,37,32,2,1,0.0,0.0,0.0
4-14-4-2-31-0,4,14.0,4.0,2,31,0,34,14,3,1,0.0,0.0,0.0
4-11-0-2-28-0,4,11.0,,2,28,0,11,4,1,1,0.0,0.0,0.0
4-12-0-2-24-1,4,12.0,,2,24,1,20,15,3,1,0.0,0.0,0.0
2-4-0-3-4-3,2,4.0,0.0,3,4,3,57,53,1,50,0.0,0.0,28.68
6-14-6-1-59-1,6,14.0,6.0,1,59,1,44,21,1,1,0.0,0.0,0.0
4-9-0-2-16-1,4,9.0,,2,16,1,21,15,2,1,0.0,0.0,0.0
3-14-4-3-29-0,3,14.0,4.0,3,29,0,14,4,1,1,0.0,0.0,0.0
3-13-0-2-16-1,3,13.0,,2,16,1,34,31,3,1,0.0,0.0,0.0
3-10-2-3-16-2,3,10.0,2.0,3,16,2,32,26,1,1,0.0,0.0,0.0
2-11-4-4-15-1,2,11.0,4.0,4,15,1,42,35,2,1,0.0,0.0,0.0
4-13-0-2-27-2,4,13.0,,2,27,2,38,22,5,1,0.0,0.0,0.0
3-10-7-2-26-1,3,10.0,7.0,2,26,1,25,19,2,1,0.0,0.0,0.0
6-12-2-1-39-0,6,12.0,2.0,1,39,0,16,4,3,1,0.0,0.0,0.0
3-13-7-3-28-2,3,13.0,7.0,3,28,2,39,32,1,1,0.0,0.0,0.0
4-10-5-3-32-1,4,10.0,5.0,3,32,1,31,15,1,1,0.0,0.0,0.0
5-14-2-2-34-0,5,14.0,2.0,2,34,0,34,8,1,1,0.0,0.0,0.0
3-14-10-2-37-0,3,14.0,10.0,2,37,0,22,14,2,1,0.0,0.0,0.0
6-14-2-2-53-0,6,14.0,2.0,2,53,0,21,0,1,1,0.0,0.0,0.0
4-11-2-3-28-1,4,11.0,2.0,3,28,1,41,25,1,1,0.0,0.0,0.0
3-14-4-2-27-1,3,14.0,4.0,2,27,1,24,15,2,1,0.0,0.0,0.0
3-9-3-2-20-1,3,9.0,3.0,2,20,1,19,15,2,1,0.0,0.0,0.0
5-12-0-1-28-0,5,12.0,,1,28,0,15,0,1,1,0.0,0.0,0.0
2-10-4-3-14-0,2,10.0,4.0,3,14,0,24,18,5,1,0.0,0.0,0.0
1-10-10-4-10-3,1,10.0,10.0,4,10,3,39,37,1,1,0.0,0.0,0.0
5-10-2-2-28-0,5,10.0,2.0,2,28,0,35,20,1,1,0.0,0.0,0.0
5-13-5-2-46-0,5,13.0,5.0,2,46,0,33,4,1,1,0.0,0.0,0.0
3-14-2-2-19-1,3,14.0,2.0,2,19,1,28,25,6,1,0.0,0.0,0.0
4-11-0-2-18-1,4,11.0,,2,18,1,44,31,1,1,0.0,0.0,0.0
4-12-3-2-27-0,4,12.0,3.0,2,27,0,25,10,1,1,0.0,0.0,0.0
3-11-2-3-17-1,3,11.0,2.0,3,17,1,32,25,1,1,0.0,0.0,0.0
5-13-5-2-40-0,5,13.0,5.0,2,40,0,52,24,1,1,0.0,0.0,0.0
3-12-8-4-31-1,3,12.0,8.0,4,31,1,23,15,1,1,0.0,0.0,0.0
1-10-10-4-10-2,1,10.0,10.0,4,10,2,34,32,2,1,0.0,0.0,0.0
5-14-3-2-38-1,5,14.0,3.0,2,38,1,33,15,3,1,0.0,0.0,0.0
4-14-3-2-31-1,4,14.0,3.0,2,31,1,34,25,2,1,0.0,0.0,0.0
2-12-10-3-22-1,2,12.0,10.0,3,22,1,40,35,1,1,0.0,0.0,0.0
5-14-0-2-34-0,5,14.0,,2,34,0,40,14,2,1,0.0,0.0,0.0
5-14-4-1-42-1,5,14.0,4.0,1,42,1,42,11,1,1,0.0,0.0,0.0
4-10-0-2-21-0,4,10.0,,2,21,0,37,14,7,1,0.0,0.0,0.0
5-13-2-2-44-0,5,13.0,2.0,2,44,0,14,4,1,1,0.0,0.0,0.0
5-13-0-2-41-0,5,13.0,,2,41,0,20,10,1,1,0.0,0.0,0.0
3-10-2-3-21-0,3,10.0,2.0,3,21,0,18,14,2,1,0.0,0.0,0.0
4-5-0-2-10-1,4,5.0,,2,10,1,35,25,1,1,0.0,0.0,0.0
4-7-0-3-16-1,4,7.0,,3,16,1,38,25,1,1,0.0,0.0,0.0
4-14-6-3-40-1,4,14.0,6.0,3,40,1,38,19,3,1,0.0,0.0,0.0
3-12-2-2-25-1,3,12.0,2.0,2,25,1,21,15,2,1,0.0,0.0,0.0
3-7-5-2-18-0,3,7.0,5.0,2,18,0,41,18,3,1,0.0,0.0,0.0
2-14-3-4-17-1,2,14.0,3.0,4,17,1,28,25,3,1,0.0,0.0,0.0
6-13-0-1-43-2,6,13.0,,1,43,2,32,22,1,1,0.0,0.0,0.0
4-9-2-2-20-1,4,9.0,2.0,2,20,1,34,21,1,1,0.0,0.0,0.0
5-14-2-1-45-0,5,14.0,2.0,1,45,0,19,0,2,1,0.0,0.0,0.0
5-12-3-2-38-1,5,12.0,3.0,2,38,1,29,11,2,1,0.0,0.0,0.0
5-14-2-1-40-1,5,14.0,2.0,1,40,1,39,21,1,1,0.0,0.0,0.0
5-14-2-1-37-1,5,14.0,2.0,1,37,1,38,31,5,1,0.0,0.0,0.0
6-14-0-1-43-0,6,14.0,,1,43,0,13,4,3,1,0.0,0.0,0.0
4-13-4-2-28-1,4,13.0,4.0,2,28,1,63,35,3,1,0.0,0.0,0.0
5-14-0-2-35-0,5,14.0,,2,35,0,21,4,4,1,0.0,0.0,0.0
1-6-6-4-6-0,1,6.0,6.0,4,6,0,39,28,1,1,0.0,0.0,0.0
4-12-3-2-26-0,4,12.0,3.0,2,26,0,9,0,2,1,0.0,0.0,0.0
6-12-2-2-41-1,6,12.0,2.0,2,41,1,39,11,2,1,0.0,0.0,0.0
3-10-4-3-19-1,3,10.0,4.0,3,19,1,31,15,2,1,0.0,0.0,0.0
3-9-0-3-11-1,3,9.0,,3,11,1,17,15,5,1,0.0,0.0,0.0
5-11-3-3-32-0,5,11.0,3.0,3,32,0,40,14,1,1,0.0,0.0,0.0
4-14-2-2-33-0,4,14.0,2.0,2,33,0,17,10,4,1,0.0,0.0,0.0
4-13-4-2-31-1,4,13.0,4.0,2,31,1,40,21,2,1,0.0,0.0,0.0
4-10-2-2-19-0,4,10.0,2.0,2,19,0,24,18,1,1,0.0,0.0,0.0
4-14-8-2-45-2,4,14.0,8.0,2,45,2,43,32,1,1,0.0,0.0,0.0
5-13-3-2-40-1,5,13.0,3.0,2,40,1,20,11,1,1,0.0,0.0,0.0
3-9-0-3-12-0,3,9.0,,3,12,0,20,18,5,1,0.0,0.0,0.0
5-13-2-3-38-1,5,13.0,2.0,3,38,1,32,21,1,1,0.0,0.0,0.0
3-13-10-3-35-1,3,13.0,10.0,3,35,1,29,21,2,1,0.0,0.0,0.0
3-8-0-3-10-1,3,8.0,,3,10,1,27,25,3,1,0.0,0.0,0.0
3-13-6-2-27-0,3,13.0,6.0,2,27,0,24,8,2,1,0.0,0.0,0.0
4-14-3-2-35-0,4,14.0,3.0,2,35,0,18,10,2,1,0.0,0.0,0.0
5-10-2-3-27-1,5,10.0,2.0,3,27,1,52,25,1,1,0.0,0.0,0.0
4-11-5-3-32-1,4,11.0,5.0,3,32,1,37,11,1,1,0.0,0.0,0.0
3-7-3-3-15-1,3,7.0,3.0,3,15,1,27,15,3,1,0.0,0.0,0.0
2-3-2-3-5-2,2,3.0,2.0,3,5,2,32,32,1,1,0.0,0.0,0.0
5-14-8-2-56-0,5,14.0,8.0,2,56,0,31,18,2,1,0.0,0.0,0.0
4-13-2-2-33-0,4,13.0,2.0,2,33,0,17,0,2,1,0.0,0.0,0.0
5-13-0-1-37-1,5,13.0,,1,37,1,38,21,1,1,0.0,0.0,0.0
4-12-0-2-22-1,4,12.0,,2,22,1,20,15,1,1,0.0,0.0,0.0
5-14-5-2-40-0,5,14.0,5.0,2,40,0,32,4,1,1,0.0,0.0,0.0
4-12-4-3-33-1,4,12.0,4.0,3,33,1,26,15,2,1,0.0,0.0,0.0
3-12-3-3-19-1,3,12.0,3.0,3,19,1,22,15,1,1,0.0,0.0,0.0
4-14-0-2-22-0,4,14.0,,2,22,0,23,10,3,1,0.0,0.0,0.0
3-14-3-3-27-0,3,14.0,3.0,3,27,0,29,24,1,1,0.0,0.0,0.0
5-13-0-2-28-0,5,13.0,,2,28,0,19,4,2,1,0.0,0.0,0.0
3-12-4-2-24-2,3,12.0,4.0,2,24,2,39,30,2,1,0.0,0.0,0.0
6-14-0-1-41-1,6,14.0,,1,41,1,52,21,2,1,0.0,0.0,0.0
4-7-3-2-20-0,4,7.0,3.0,2,20,0,27,10,2,1,0.0,0.0,0.0
3-14-2-2-21-0,3,14.0,2.0,2,21,0,17,4,3,1,0.0,0.0,0.0
4-14-6-4-39-0,4,14.0,6.0,4,39,0,23,4,1,1,0.0,0.0,0.0
2-6-2-3-8-2,2,6.0,2.0,3,8,2,47,36,7,1,0.0,0.0,0.0
2-11-5-4-16-1,2,11.0,5.0,4,16,1,34,21,4,1,0.0,0.0,0.0
4-8-2-2-22-1,4,8.0,2.0,2,22,1,33,19,4,1,0.0,0.0,0.0
2-9-2-3-11-2,2,9.0,2.0,3,11,2,34,32,2,1,0.0,0.0,0.0
3-13-9-2-34-1,3,13.0,9.0,2,34,1,43,35,2,1,0.0,0.0,0.0
6-14-0-2-45-1,6,14.0,,2,45,1,25,11,1,1,0.0,0.0,0.0
5-14-0-1-42-1,5,14.0,,1,42,1,37,19,1,1,0.0,0.0,0.0
3-14-4-4-25-0,3,14.0,4.0,4,25,0,19,10,1,1,0.0,0.0,0.0
4-14-0-2-29-1,4,14.0,,2,29,1,21,15,7,1,0.0,0.0,0.0
5-7-2-2-24-0,5,7.0,2.0,2,24,0,31,4,1,1,0.0,0.0,0.0
4-14-6-2-39-1,4,14.0,6.0,2,39,1,29,11,3,1,0.0,0.0,0.0
5-12-6-2-43-0,5,12.0,6.0,2,43,0,20,0,3,1,0.0,0.0,0.0
5-12-2-2-40-0,5,12.0,2.0,2,40,0,18,0,2,1,0.0,0.0,0.0
5-12-5-1-44-0,5,12.0,5.0,1,44,0,34,14,2,1,0.0,0.0,0.0
1-3-3-3-3-1,1,3.0,3.0,3,3,1,35,35,2,1,0.0,0.0,0.0
1-5-5-3-5-0,1,5.0,5.0,3,5,0,32,22,7,1,0.0,0.0,0.0
3-7-2-2-15-1,3,7.0,2.0,2,15,1,48,35,1,1,0.0,0.0,0.0
4-12-3-2-31-0,4,12.0,3.0,2,31,0,20,4,2,1,0.0,0.0,0.0
5-12-0-2-37-1,5,12.0,,2,37,1,33,15,3,1,0.0,0.0,0.0
2-12-11-4-23-1,2,12.0,11.0,4,23,1,31,25,1,1,0.0,0.0,0.0
3-11-0-4-14-1,3,11.0,,4,14,1,28,25,1,1,0.0,0.0,0.0
6-13-2-1-40-0,6,13.0,2.0,1,40,0,21,4,1,1,0.0,0.0,0.0
3-14-2-2-29-2,3,14.0,2.0,2,29,2,28,22,1,1,0.0,0.0,0.0
3-12-0-3-16-1,3,12.0,,3,16,1,22,15,3,1,0.0,0.0,0.0
4-13-2-2-26-2,4,13.0,2.0,2,26,2,27,22,2,1,0.0,0.0,0.0
2-6-0-4-6-1,2,6.0,,4,6,1,36,25,1,1,0.0,0.0,0.0
3-10-2-2-18-1,3,10.0,2.0,2,18,1,36,23,1,1,0.0,0.0,0.0
2-13-6-3-19-2,2,13.0,6.0,3,19,2,50,36,4,1,0.0,0.0,0.0
3-14-7-3-32-1,3,14.0,7.0,3,32,1,29,21,1,1,0.0,0.0,0.0
4-14-2-2-39-0,4,14.0,2.0,2,39,0,23,14,2,1,0.0,0.0,0.0
4-14-0-2-27-0,4,14.0,,2,27,0,5,0,3,1,0.0,0.0,0.0
4-12-2-2-25-0,4,12.0,2.0,2,25,0,13,4,2,1,0.0,0.0,0.0
3-14-9-4-34-1,3,14.0,9.0,4,34,1,23,15,3,1,0.0,0.0,0.0
4-13-4-2-39-0,4,13.0,4.0,2,39,0,26,14,1,1,0.0,0.0,0.0
5-14-3-2-46-1,5,14.0,3.0,2,46,1,25,15,2,1,0.0,0.0,0.0
3-7-2-3-13-2,3,7.0,2.0,3,13,2,32,26,1,1,0.0,0.0,0.0
4-14-9-2-45-1,4,14.0,9.0,2,45,1,35,25,3,1,0.0,0.0,0.0
4-12-6-2-37-1,4,12.0,6.0,2,37,1,30,11,2,1,0.0,0.0,0.0
4-10-3-3-24-0,4,10.0,3.0,3,24,0,12,4,2,1,0.0,0.0,0.0
3-7-4-4-16-1,3,7.0,4.0,4,16,1,37,21,1,1,0.0,0.0,0.0
3-14-2-3-20-0,3,14.0,2.0,3,20,0,27,20,2,1,0.0,0.0,0.0
6-14-2-2-44-0,6,14.0,2.0,2,44,0,18,0,2,1,0.0,0.0,0.0
5-12-0-2-27-0,5,12.0,,2,27,0,13,4,2,1,0.0,0.0,0.0
3-14-0-3-24-1,3,14.0,,3,24,1,16,11,1,1,0.0,0.0,0.0
4-9-2-3-23-0,4,9.0,2.0,3,23,0,24,10,1,1,0.0,0.0,0.0
3-8-3-3-15-1,3,8.0,3.0,3,15,1,17,11,3,1,0.0,0.0,0.0
5-10-0-1-23-0,5,10.0,,1,23,0,17,0,1,1,0.0,0.0,0.0
4-12-3-3-30-0,4,12.0,3.0,3,30,0,29,14,2,1,0.0,0.0,0.0
7-14-0-1-54-0,7,14.0,,1,54,0,31,0,2,1,0.0,0.0,0.0
3-8-2-4-16-2,3,8.0,2.0,4,16,2,39,26,1,1,0.0,0.0,0.0
5-14-7-2-57-0,5,14.0,7.0,2,57,0,14,0,1,1,0.0,0.0,0.0
2-6-2-2-8-0,2,6.0,2.0,2,8,0,11,0,2,1,0.0,0.0,0.0
2-5-3-3-8-1,2,5.0,3.0,3,8,1,21,11,6,1,0.0,0.0,0.0
3-13-2-3-24-1,3,13.0,2.0,3,24,1,36,31,2,1,0.0,0.0,0.0
2-14-7-3-21-3,2,14.0,7.0,3,21,3,38,33,2,1,0.0,0.0,0.0
4-10-0-2-17-0,4,10.0,,2,17,0,32,20,1,1,0.0,0.0,0.0
2-10-9-3-19-0,2,10.0,9.0,3,19,0,18,14,2,1,0.0,0.0,0.0
3-13-0-3-20-1,3,13.0,,3,20,1,16,11,1,1,0.0,0.0,0.0
4-7-0-2-14-1,4,7.0,,2,14,1,31,25,3,1,0.0,0.0,0.0
4-14-7-3-40-0,4,14.0,7.0,3,40,0,33,24,1,1,0.0,0.0,0.0
3-10-0-3-19-0,3,10.0,,3,19,0,12,8,1,1,0.0,0.0,0.0
3-13-0-2-18-1,3,13.0,,2,18,1,28,15,1,1,0.0,0.0,0.0
2-9-3-3-12-0,2,9.0,3.0,3,12,0,2,0,2,1,0.0,0.0,0.0
5-13-3-2-39-1,5,13.0,3.0,2,39,1,33,15,1,1,0.0,0.0,0.0
4-8-2-2-17-2,4,8.0,2.0,2,17,2,28,22,1,1,0.0,0.0,0.0
2-12-7-3-19-0,2,12.0,7.0,3,19,0,23,18,5,1,0.0,0.0,0.0
4-10-4-2-31-1,4,10.0,4.0,2,31,1,25,15,1,1,0.0,0.0,0.0
4-13-0-2-20-1,4,13.0,,2,20,1,18,11,2,1,0.0,0.0,0.0
1-9-9-3-9-0,1,9.0,9.0,3,9,0,12,10,5,1,0.0,0.0,0.0
3-13-7-2-30-0,3,13.0,7.0,2,30,0,11,4,2,1,0.0,0.0,0.0
4-14-4-2-37-1,4,14.0,4.0,2,37,1,36,15,6,1,0.0,0.0,0.0
4-13-4-3-38-1,4,13.0,4.0,3,38,1,47,35,1,1,0.0,0.0,0.0
4-10-2-3-23-0,4,10.0,2.0,3,23,0,18,14,1,1,0.0,0.0,0.0
5-14-3-1-38-1,5,14.0,3.0,1,38,1,42,21,1,1,0.0,0.0,0.0
3-11-9-2-30-2,3,11.0,9.0,2,30,2,39,32,1,1,0.0,0.0,0.0
2-13-10-2-23-1,2,13.0,10.0,2,23,1,26,21,3,1,0.0,0.0,0.0
4-10-0-2-18-1,4,10.0,,2,18,1,38,25,3,1,0.0,0.0,0.0
4-14-0-3-36-0,4,14.0,,3,36,0,12,4,1,1,0.0,0.0,0.0
3-14-9-2-33-1,3,14.0,9.0,2,33,1,32,25,2,1,0.0,0.0,0.0
4-14-2-2-28-0,4,14.0,2.0,2,28,0,33,18,3,1,0.0,0.0,0.0
4-11-3-2-29-1,4,11.0,3.0,2,29,1,28,21,2,1,0.0,0.0,0.0
2-9-8-3-17-2,2,9.0,8.0,3,17,2,40,36,3,1,0.0,0.0,0.0
3-13-3-2-24-1,3,13.0,3.0,2,24,1,26,21,2,1,0.0,0.0,0.0
3-10-3-2-19-0,3,10.0,3.0,2,19,0,33,20,4,1,0.0,0.0,0.0
5-12-0-2-31-0,5,12.0,,2,31,0,19,8,3,1,0.0,0.0,0.0
5-14-6-2-52-1,5,14.0,6.0,2,52,1,47,25,3,1,0.0,0.0,0.0
3-10-6-2-24-0,3,10.0,6.0,2,24,0,19,4,2,1,0.0,0.0,0.0
2-6-3-3-9-1,2,6.0,3.0,3,9,1,26,15,3,1,0.0,0.0,0.0
2-12-5-3-17-1,2,12.0,5.0,3,17,1,24,11,2,1,0.0,0.0,0.0
5-13-0-2-38-1,5,13.0,,2,38,1,33,15,2,1,0.0,0.0,0.0
5-9-2-2-27-2,5,9.0,2.0,2,27,2,36,22,1,1,0.0,0.0,0.0
3-10-0-3-16-0,3,10.0,,3,16,0,37,24,1,1,0.0,0.0,0.0
3-11-0-3-18-0,3,11.0,,3,18,0,19,14,1,1,0.0,0.0,0.0
3-11-3-3-23-1,3,11.0,3.0,3,23,1,24,19,2,1,0.0,0.0,0.0
5-14-3-1-35-0,5,14.0,3.0,1,35,0,20,0,1,1,0.0,0.0,0.0
3-8-5-3-19-0,3,8.0,5.0,3,19,0,37,14,2,1,0.0,0.0,0.0
5-11-0-2-35-1,5,11.0,,2,35,1,40,31,1,1,0.0,0.0,0.0
4-14-0-2-33-1,4,14.0,,2,33,1,33,25,2,1,0.0,0.0,0.0
4-14-6-2-39-0,4,14.0,6.0,2,39,0,39,20,3,1,0.0,0.0,0.0
2-14-6-2-20-0,2,14.0,6.0,2,20,0,44,30,2,1,0.0,0.0,0.0
2-11-2-3-13-2,2,11.0,2.0,3,13,2,29,26,1,1,0.0,0.0,0.0
4-12-3-3-30-1,4,12.0,3.0,3,30,1,30,15,1,1,0.0,0.0,0.0
2-9-2-3-11-1,2,9.0,2.0,3,11,1,31,29,4,1,0.0,0.0,0.0
4-11-3-2-32-1,4,11.0,3.0,2,32,1,18,11,1,1,0.0,0.0,0.0
5-13-5-2-45-0,5,13.0,5.0,2,45,0,39,10,1,1,0.0,0.0,0.0
2-11-9-2-20-0,2,11.0,9.0,2,20,0,19,14,2,1,0.0,0.0,0.0
5-13-6-2-46-0,5,13.0,6.0,2,46,0,31,10,4,1,0.0,0.0,0.0
1-12-12-4-12-2,1,12.0,12.0,4,12,2,35,32,3,1,0.0,0.0,0.0
3-14-0-3-22-1,3,14.0,,3,22,1,30,25,3,1,0.0,0.0,0.0
3-13-2-3-27-2,3,13.0,2.0,3,27,2,38,32,1,1,0.0,0.0,0.0
1-3-3-4-3-2,1,3.0,3.0,4,3,2,26,26,3,1,0.0,0.0,0.0
3-9-3-4-16-0,3,9.0,3.0,4,16,0,20,14,1,1,0.0,0.0,0.0
4-9-0-2-14-1,4,9.0,,2,14,1,23,21,1,1,0.0,0.0,0.0
2-13-9-3-22-1,2,13.0,9.0,3,22,1,16,11,5,1,0.0,0.0,0.0
3-10-6-3-25-1,3,10.0,6.0,3,25,1,40,25,1,1,0.0,0.0,0.0
4-7-0-2-18-2,4,7.0,,2,18,2,45,22,1,1,0.0,0.0,0.0
5-11-0-1-31-1,5,11.0,,1,31,1,32,15,1,1,0.0,0.0,0.0
3-13-10-2-34-1,3,13.0,10.0,2,34,1,43,35,1,1,0.0,0.0,0.0
2-2-0-2-2-0,2,2.0,,2,2,0,18,18,1,1,0.0,0.0,0.0
2-14-11-3-25-1,2,14.0,11.0,3,25,1,17,11,5,1,0.0,0.0,0.0
4-13-2-2-29-0,4,13.0,2.0,2,29,0,14,8,3,1,0.0,0.0,0.0
4-13-6-2-37-1,4,13.0,6.0,2,37,1,39,21,1,1,0.0,0.0,0.0
5-13-0-3-32-1,5,13.0,,3,32,1,21,11,1,1,0.0,0.0,0.0
4-14-0-3-33-1,4,14.0,,3,33,1,33,25,2,1,0.0,0.0,0.0
3-14-12-2-39-0,3,14.0,12.0,2,39,0,33,24,1,1,0.0,0.0,0.0
3-14-3-2-30-0,3,14.0,3.0,2,30,0,26,20,1,1,0.0,0.0,0.0
5-12-0-1-29-1,5,12.0,,1,29,1,30,15,2,1,0.0,0.0,0.0
4-14-3-2-36-0,4,14.0,3.0,2,36,0,22,14,2,1,0.0,0.0,0.0
4-14-9-2-46-1,4,14.0,9.0,2,46,1,26,15,2,1,0.0,0.0,0.0
4-14-0-2-22-1,4,14.0,,2,22,1,29,15,1,1,0.0,0.0,0.0
3-12-0-2-16-1,3,12.0,,2,16,1,38,31,2,1,0.0,0.0,0.0
1-10-10-3-10-0,1,10.0,10.0,3,10,0,26,24,3,1,0.0,0.0,0.0
3-11-7-2-27-2,3,11.0,7.0,2,27,2,29,22,3,1,0.0,0.0,0.0
5-14-6-2-49-0,5,14.0,6.0,2,49,0,31,10,2,1,0.0,0.0,0.0
4-12-3-2-27-2,4,12.0,3.0,2,27,2,37,22,1,1,0.0,0.0,0.0
4-7-3-2-19-2,4,7.0,3.0,2,19,2,38,22,1,1,0.0,0.0,0.0
4-10-4-2-27-0,4,10.0,4.0,2,27,0,19,0,3,1,0.0,0.0,0.0
2-13-8-3-21-0,2,13.0,8.0,3,21,0,19,14,2,1,0.0,0.0,0.0
3-10-2-2-20-1,3,10.0,2.0,2,20,1,29,25,1,1,0.0,0.0,0.0
5-14-0-2-44-0,5,14.0,,2,44,0,24,14,3,1,0.0,0.0,0.0
6-13-6-1-57-0,6,13.0,6.0,1,57,0,27,4,1,1,0.0,0.0,0.0
5-14-4-1-45-1,5,14.0,4.0,1,45,1,34,11,1,1,0.0,0.0,0.0
3-6-4-3-15-0,3,6.0,4.0,3,15,0,35,10,3,1,0.0,0.0,0.0
4-12-2-2-23-1,4,12.0,2.0,2,23,1,25,11,1,1,0.0,0.0,0.0
3-9-3-2-20-0,3,9.0,3.0,2,20,0,28,24,1,1,0.0,0.0,0.0
2-4-3-3-7-1,2,4.0,3.0,3,7,1,39,35,3,1,0.0,0.0,0.0
6-14-3-1-57-1,6,14.0,3.0,1,57,1,23,11,1,1,0.0,0.0,0.0
3-11-2-2-19-2,3,11.0,2.0,2,19,2,50,36,1,1,0.0,0.0,0.0
3-12-2-2-21-0,3,12.0,2.0,2,21,0,33,28,1,1,0.0,0.0,0.0
3-14-4-2-31-1,3,14.0,4.0,2,31,1,35,25,3,1,0.0,0.0,0.0
5-14-3-2-48-1,5,14.0,3.0,2,48,1,21,11,1,1,0.0,0.0,0.0
4-14-5-2-38-2,4,14.0,5.0,2,38,2,49,22,1,1,0.0,0.0,0.0
4-8-0-3-20-0,4,8.0,,3,20,0,32,18,1,1,0.0,0.0,0.0
4-13-3-2-33-0,4,13.0,3.0,2,33,0,11,4,5,1,0.0,0.0,0.0
4-11-4-2-34-0,4,11.0,4.0,2,34,0,19,8,1,1,0.0,0.0,0.0
6-14-0-2-42-0,6,14.0,,2,42,0,13,4,2,1,0.0,0.0,0.0
3-13-5-3-27-2,3,13.0,5.0,3,27,2,41,26,2,1,0.0,0.0,0.0
5-14-0-2-37-2,5,14.0,,2,37,2,33,22,1,1,0.0,0.0,0.0
3-14-3-3-26-1,3,14.0,3.0,3,26,1,30,25,2,1,0.0,0.0,0.0
5-11-2-1-36-1,5,11.0,2.0,1,36,1,33,15,1,1,0.0,0.0,0.0
5-12-0-2-34-0,5,12.0,,2,34,0,21,4,2,1,0.0,0.0,0.0
3-10-2-3-15-0,3,10.0,2.0,3,15,0,22,20,2,1,0.0,0.0,0.0
2-13-4-4-17-2,2,13.0,4.0,4,17,2,43,36,1,1,0.0,0.0,0.0
2-12-4-3-16-1,2,12.0,4.0,3,16,1,36,29,4,1,0.0,0.0,0.0
4-10-5-2-30-2,4,10.0,5.0,2,30,2,57,32,2,1,0.0,0.0,0.0
3-11-5-3-25-1,3,11.0,5.0,3,25,1,40,25,3,1,0.0,0.0,0.0
3-10-0-2-16-0,3,10.0,,2,16,0,37,24,2,1,0.0,0.0,0.0
3-12-3-3-26-0,3,12.0,3.0,3,26,0,16,10,1,1,0.0,0.0,0.0
4-9-5-3-28-0,4,9.0,5.0,3,28,0,29,4,2,1,0.0,0.0,0.0
4-14-4-3-36-1,4,14.0,4.0,3,36,1,26,15,1,1,0.0,0.0,0.0
2-11-7-2-18-1,2,11.0,7.0,2,18,1,16,11,2,1,0.0,0.0,0.0
4-13-5-2-33-1,4,13.0,5.0,2,33,1,32,15,3,1,0.0,0.0,0.0
5-13-3-1-38-0,5,13.0,3.0,1,38,0,11,0,3,1,0.0,0.0,0.0
5-13-3-2-41-0,5,13.0,3.0,2,41,0,22,4,1,1,0.0,0.0,0.0
3-11-6-3-25-1,3,11.0,6.0,3,25,1,37,21,3,1,0.0,0.0,0.0
4-8-3-2-23-0,4,8.0,3.0,2,23,0,34,20,2,1,0.0,0.0,0.0
3-9-0-2-15-1,3,9.0,,2,15,1,28,15,2,1,0.0,0.0,0.0
3-13-5-2-29-2,3,13.0,5.0,2,29,2,38,22,2,1,0.0,0.0,0.0
4-12-4-2-33-1,4,12.0,4.0,2,33,1,32,21,2,1,0.0,0.0,0.0
4-12-2-3-28-1,4,12.0,2.0,3,28,1,20,11,3,1,0.0,0.0,0.0
3-12-2-3-23-2,3,12.0,2.0,3,23,2,41,36,1,1,0.0,0.0,0.0
4-13-0-2-24-1,4,13.0,,2,24,1,34,25,2,1,0.0,0.0,0.0
2-12-4-2-16-1,2,12.0,4.0,2,16,1,28,21,1,1,0.0,0.0,0.0
3-9-2-3-18-1,3,9.0,2.0,3,18,1,29,25,3,1,0.0,0.0,0.0
3-12-4-2-21-0,3,12.0,4.0,2,21,0,21,4,2,1,0.0,0.0,0.0
5-12-0-2-41-0,5,12.0,,2,41,0,20,10,1,1,0.0,0.0,0.0
3-11-5-3-22-2,3,11.0,5.0,3,22,2,60,36,1,1,0.0,0.0,0.0
2-14-9-3-23-0,2,14.0,9.0,3,23,0,23,18,4,1,0.0,0.0,0.0
5-7-2-2-24-2,5,7.0,2.0,2,24,2,53,26,1,1,0.0,0.0,0.0
4-13-0-3-24-0,4,13.0,,3,24,0,19,10,2,1,0.0,0.0,0.0
3-14-0-3-16-1,3,14.0,,3,16,1,32,29,1,1,0.0,0.0,0.0
5-14-0-2-38-1,5,14.0,,2,38,1,48,21,4,1,0.0,0.0,0.0
3-14-0-2-24-1,3,14.0,,2,24,1,26,21,3,1,0.0,0.0,0.0
4-7-0-3-17-1,4,7.0,,3,17,1,32,15,2,1,0.0,0.0,0.0
4-12-4-2-35-0,4,12.0,4.0,2,35,0,19,8,2,1,0.0,0.0,0.0
5-11-2-2-34-0,5,11.0,2.0,2,34,0,25,14,3,1,0.0,0.0,0.0
3-10-0-2-15-2,3,10.0,,2,15,2,54,42,2,1,0.0,0.0,0.0
4-12-4-2-34-0,4,12.0,4.0,2,34,0,19,8,2,1,0.0,0.0,0.0
5-12-3-2-43-1,5,12.0,3.0,2,43,1,21,11,1,1,0.0,0.0,0.0
3-10-4-3-23-0,3,10.0,4.0,3,23,0,26,18,3,1,0.0,0.0,0.0
4-10-0-2-26-1,4,10.0,,2,26,1,25,19,2,1,0.0,0.0,0.0
4-10-4-2-25-2,4,10.0,4.0,2,25,2,49,22,1,1,0.0,0.0,0.0
4-14-0-2-36-1,4,14.0,,2,36,1,23,15,4,1,0.0,0.0,0.0
7-14-2-1-65-0,7,14.0,2.0,1,65,0,27,4,1,1,0.0,0.0,0.0
4-12-3-4-27-0,4,12.0,3.0,4,27,0,23,14,1,1,0.0,0.0,0.0
4-13-3-2-37-0,4,13.0,3.0,2,37,0,12,4,2,1,0.0,0.0,0.0
1-2-2-3-2-3,1,2.0,2.0,3,2,3,43,43,2,1,0.0,0.0,0.0
4-11-2-3-29-0,4,11.0,2.0,3,29,0,36,20,1,1,0.0,0.0,0.0
2-12-6-3-18-3,2,12.0,6.0,3,18,3,57,43,1,1,0.0,0.0,0.0
1-12-12-3-12-0,1,12.0,12.0,3,12,0,13,10,4,1,0.0,0.0,0.0
3-5-0-2-8-2,3,5.0,,2,8,2,36,26,2,1,0.0,0.0,0.0
2-12-6-3-18-1,2,12.0,6.0,3,18,1,33,19,5,1,0.0,0.0,0.0
5-14-6-2-49-1,5,14.0,6.0,2,49,1,40,19,1,1,0.0,0.0,0.0
4-13-3-2-34-2,4,13.0,3.0,2,34,2,39,32,1,1,0.0,0.0,0.0
4-12-5-3-34-1,4,12.0,5.0,3,34,1,38,21,1,1,0.0,0.0,0.0
3-12-0-3-20-0,3,12.0,,3,20,0,25,20,2,1,0.0,0.0,0.0
4-14-2-2-26-0,4,14.0,2.0,2,26,0,32,14,1,1,0.0,0.0,0.0
3-4-2-3-9-2,3,4.0,2.0,3,9,2,36,32,1,1,0.0,0.0,0.0
4-12-4-2-31-0,4,12.0,4.0,2,31,0,44,24,1,1,0.0,0.0,0.0
2-11-3-3-14-1,2,11.0,3.0,3,14,1,34,31,3,1,0.0,0.0,0.0
3-10-5-2-21-0,3,10.0,5.0,2,21,0,33,10,1,1,0.0,0.0,0.0
3-10-2-2-15-1,3,10.0,2.0,2,15,1,13,11,4,1,0.0,0.0,0.0
4-13-4-2-36-2,4,13.0,4.0,2,36,2,34,22,1,1,0.0,0.0,0.0
3-12-0-2-14-2,3,12.0,,2,14,2,25,22,1,1,0.0,0.0,0.0
4-11-2-2-26-0,4,11.0,2.0,2,26,0,26,10,2,1,0.0,0.0,0.0
2-14-5-3-19-1,2,14.0,5.0,3,19,1,44,31,5,1,0.0,0.0,0.0
2-11-8-3-19-1,2,11.0,8.0,3,19,1,30,25,4,1,0.0,0.0,0.0
3-14-4-3-28-2,3,14.0,4.0,3,28,2,45,36,1,1,0.0,0.0,0.0
3-12-2-2-18-2,3,12.0,2.0,2,18,2,33,26,2,1,0.0,0.0,0.0
5-13-2-2-36-1,5,13.0,2.0,2,36,1,31,11,1,1,0.0,0.0,0.0
3-13-10-2-35-1,3,13.0,10.0,2,35,1,27,19,1,1,0.0,0.0,0.0
4-14-0-3-35-1,4,14.0,,3,35,1,33,25,3,1,0.0,0.0,0.0
4-14-0-2-24-0,4,14.0,,2,24,0,22,4,5,1,0.0,0.0,0.0
3-9-4-3-19-0,3,9.0,4.0,3,19,0,31,14,1,1,0.0,0.0,0.0
4-14-0-3-33-0,4,14.0,,3,33,0,16,8,2,1,0.0,0.0,0.0
5-11-3-3-37-1,5,11.0,3.0,3,37,1,33,15,1,1,0.0,0.0,0.0
5-13-3-1-43-0,5,13.0,3.0,1,43,0,42,24,2,1,0.0,0.0,0.0
2-7-0-3-7-0,2,7.0,,3,7,0,24,22,3,1,0.0,0.0,0.0
5-13-2-2-35-0,5,13.0,2.0,2,35,0,21,14,1,1,0.0,0.0,0.0
2-13-12-2-25-1,2,13.0,12.0,2,25,1,17,11,1,1,0.0,0.0,0.0
4-14-5-2-36-0,4,14.0,5.0,2,36,0,31,4,2,1,0.0,0.0,0.0
2-8-4-3-12-1,2,8.0,4.0,3,12,1,21,15,4,1,0.0,0.0,0.0
4-8-0-2-17-0,4,8.0,,2,17,0,22,18,2,1,0.0,0.0,0.0
4-11-3-2-25-1,4,11.0,3.0,2,25,1,35,11,3,1,0.0,0.0,0.0
4-14-5-2-41-0,4,14.0,5.0,2,41,0,22,4,2,1,0.0,0.0,0.0
3-12-5-3-27-1,3,12.0,5.0,3,27,1,36,21,1,1,0.0,0.0,0.0
3-5-2-3-11-0,3,5.0,2.0,3,11,0,28,14,2,1,0.0,0.0,0.0
5-11-0-2-25-1,5,11.0,,2,25,1,30,21,1,1,0.0,0.0,0.0
4-14-6-3-36-0,4,14.0,6.0,3,36,0,32,14,1,1,0.0,0.0,0.0
3-10-2-2-20-2,3,10.0,2.0,2,20,2,30,26,2,1,0.0,0.0,0.0
3-8-3-2-18-2,3,8.0,3.0,2,18,2,30,26,3,1,0.0,0.0,0.0
4-13-4-2-32-0,4,13.0,4.0,2,32,0,34,14,3,1,0.0,0.0,0.0
4-10-4-2-25-1,4,10.0,4.0,2,25,1,62,35,1,1,0.0,0.0,0.0
2-11-4-2-15-1,2,11.0,4.0,2,15,1,32,25,2,1,0.0,0.0,0.0
5-11-4-2-39-0,5,11.0,4.0,2,39,0,23,10,2,1,0.0,0.0,0.0
4-12-0-3-29-1,4,12.0,,3,29,1,42,25,2,1,0.0,0.0,0.0
5-14-5-2-50-0,5,14.0,5.0,2,50,0,25,4,1,1,0.0,0.0,0.0
3-12-2-4-22-1,3,12.0,2.0,4,22,1,26,21,1,1,0.0,0.0,0.0
4-13-3-2-26-0,4,13.0,3.0,2,26,0,22,4,2,1,0.0,0.0,0.0
5-12-2-2-34-0,5,12.0,2.0,2,34,0,31,14,2,1,0.0,0.0,0.0
6-11-0-1-42-0,6,11.0,,1,42,0,17,4,1,1,0.0,0.0,0.0
2-14-7-2-21-2,2,14.0,7.0,2,21,2,51,46,1,1,0.0,0.0,0.0
4-11-2-2-23-1,4,11.0,2.0,2,23,1,29,11,3,1,0.0,0.0,0.0
5-12-3-1-40-1,5,12.0,3.0,1,40,1,33,15,2,1,0.0,0.0,0.0
1-0-0-3-0-1,1,,,3,0,1,39,39,7,1,0.0,0.0,0.0
3-7-2-3-15-0,3,7.0,2.0,3,15,0,17,4,2,1,0.0,0.0,0.0
3-13-5-2-29-0,3,13.0,5.0,2,29,0,20,4,3,1,0.0,0.0,0.0
4-14-2-2-38-1,4,14.0,2.0,2,38,1,39,31,1,1,0.0,0.0,0.0
2-9-4-4-13-1,2,9.0,4.0,4,13,1,35,29,2,1,0.0,0.0,0.0
6-12-3-1-40-2,6,12.0,3.0,1,40,2,52,22,1,1,0.0,0.0,0.0
2-14-6-4-20-2,2,14.0,6.0,4,20,2,50,36,1,1,0.0,0.0,0.0
1-13-13-4-13-2,1,13.0,13.0,4,13,2,39,36,5,1,0.0,0.0,0.0
4-12-5-3-33-0,4,12.0,5.0,3,33,0,31,14,2,1,0.0,0.0,0.0
4-13-0-3-34-1,4,13.0,,3,34,1,19,11,1,1,0.0,0.0,0.0
3-12-2-2-19-0,3,12.0,2.0,2,19,0,37,24,5,1,0.0,0.0,0.0
2-11-8-2-19-0,2,11.0,8.0,2,19,0,25,20,2,1,0.0,0.0,0.0
2-2-0-3-2-2,2,2.0,,3,2,2,42,42,2,1,0.0,0.0,0.0
4-9-3-2-27-0,4,9.0,3.0,2,27,0,14,8,1,1,0.0,0.0,0.0
4-13-2-2-23-1,4,13.0,2.0,2,23,1,42,29,3,1,0.0,0.0,0.0
4-14-3-3-38-0,4,14.0,3.0,3,38,0,22,14,1,1,0.0,0.0,0.0
6-14-2-1-55-0,6,14.0,2.0,1,55,0,22,0,1,1,0.0,0.0,0.0
5-7-0-3-16-1,5,7.0,,3,16,1,21,15,1,1,0.0,0.0,0.0
4-14-2-3-39-0,4,14.0,2.0,3,39,0,22,14,1,1,0.0,0.0,0.0
2-8-7-3-15-0,2,8.0,7.0,3,15,0,28,24,1,1,0.0,0.0,0.0
3-8-5-2-19-1,3,8.0,5.0,2,19,1,44,21,2,1,0.0,0.0,0.0
5-12-4-3-40-0,5,12.0,4.0,3,40,0,27,4,1,1,0.0,0.0,0.0
2-12-10-5-22-1,2,12.0,10.0,5,22,1,40,35,1,1,0.0,0.0,0.0
4-14-4-2-38-1,4,14.0,4.0,2,38,1,31,19,2,1,0.0,0.0,0.0
4-13-6-2-40-2,4,13.0,6.0,2,40,2,41,22,2,1,0.0,0.0,0.0
4-13-0-2-26-1,4,13.0,,2,26,1,26,21,2,1,0.0,0.0,0.0
3-13-5-2-27-2,3,13.0,5.0,2,27,2,45,30,1,1,0.0,0.0,0.0
2-4-0-3-4-1,2,4.0,,3,4,1,25,21,3,1,0.0,0.0,0.0
4-14-3-2-30-0,4,14.0,3.0,2,30,0,19,10,3,1,0.0,0.0,0.0
4-14-8-3-45-0,4,14.0,8.0,3,45,0,20,10,1,1,0.0,0.0,0.0
5-14-2-3-42-0,5,14.0,2.0,3,42,0,33,14,1,1,0.0,0.0,0.0
5-14-3-1-41-0,5,14.0,3.0,1,41,0,12,0,2,1,0.0,0.0,0.0
2-6-5-2-11-1,2,6.0,5.0,2,11,1,36,15,1,1,0.0,0.0,0.0
5-14-3-2-47-0,5,14.0,3.0,2,47,0,28,18,1,1,0.0,0.0,0.0
3-7-4-3-16-1,3,7.0,4.0,3,16,1,41,25,2,1,0.0,0.0,0.0
5-13-6-1-47-0,5,13.0,6.0,1,47,0,21,0,2,1,0.0,0.0,0.0
3-6-3-4-14-1,3,6.0,3.0,4,14,1,56,35,1,1,0.0,0.0,0.0
3-11-3-2-18-0,3,11.0,3.0,2,18,0,15,8,1,1,0.0,0.0,0.0
3-10-4-3-20-0,3,10.0,4.0,3,20,0,17,0,2,1,0.0,0.0,0.0
2-8-5-3-13-0,2,8.0,5.0,3,13,0,26,14,3,1,0.0,0.0,0.0
4-9-2-2-18-0,4,9.0,2.0,2,18,0,16,10,1,1,0.0,0.0,0.0
5-11-2-2-30-0,5,11.0,2.0,2,30,0,26,10,4,1,0.0,0.0,0.0
5-14-4-2-48-2,5,14.0,4.0,2,48,2,36,22,2,1,0.0,0.0,0.0
1-3-3-3-3-2,1,3.0,3.0,3,3,2,32,32,3,1,0.0,0.0,0.0
4-12-2-2-32-1,4,12.0,2.0,2,32,1,28,21,2,1,0.0,0.0,0.0
4-14-4-2-42-0,4,14.0,4.0,2,42,0,33,20,2,1,0.0,0.0,0.0
3-7-3-3-16-1,3,7.0,3.0,3,16,1,34,21,1,1,0.0,0.0,0.0
4-9-4-2-24-0,4,9.0,4.0,2,24,0,31,4,1,1,0.0,0.0,0.0
4-12-0-3-24-2,4,12.0,,3,24,2,27,22,1,1,0.0,0.0,0.0
4-12-2-2-31-2,4,12.0,2.0,2,31,2,43,26,1,1,0.0,0.0,0.0
3-13-4-2-27-1,3,13.0,4.0,2,27,1,20,11,2,1,0.0,0.0,0.0
5-14-0-1-28-0,5,14.0,,1,28,0,24,0,1,1,0.0,0.0,0.0
4-10-5-3-29-0,4,10.0,5.0,3,29,0,29,4,1,1,0.0,0.0,0.0
4-11-2-2-21-0,4,11.0,2.0,2,21,0,37,24,1,1,0.0,0.0,0.0
4-13-2-2-34-2,4,13.0,2.0,2,34,2,43,36,2,1,0.0,0.0,0.0
2-11-5-3-16-0,2,11.0,5.0,3,16,0,41,28,2,1,0.0,0.0,0.0
4-12-4-3-29-1,4,12.0,4.0,3,29,1,39,19,1,1,0.0,0.0,0.0
4-13-7-3-41-1,4,13.0,7.0,3,41,1,41,31,1,1,0.0,0.0,0.0
3-12-3-4-25-1,3,12.0,3.0,4,25,1,20,15,1,1,0.0,0.0,0.0
4-10-3-2-29-0,4,10.0,3.0,2,29,0,10,4,1,1,0.0,0.0,0.0
2-8-5-2-13-3,2,8.0,5.0,2,13,3,55,43,1,1,0.0,0.0,0.0
2-8-2-4-10-1,2,8.0,2.0,4,10,1,23,21,2,1,0.0,0.0,0.0
3-11-0-3-16-2,3,11.0,,3,16,2,45,32,1,1,0.0,0.0,0.0
4-14-0-2-19-2,4,14.0,,2,19,2,35,32,1,1,0.0,0.0,0.0
2-14-3-3-17-1,2,14.0,3.0,3,17,1,22,19,6,1,0.0,0.0,0.0
2-3-0-2-3-1,2,3.0,,2,3,1,21,21,1,1,0.0,0.0,0.0
4-14-3-2-34-0,4,14.0,3.0,2,34,0,27,20,2,1,0.0,0.0,0.0
3-14-2-3-24-1,3,14.0,2.0,3,24,1,26,21,1,1,0.0,0.0,0.0
3-12-6-2-28-1,3,12.0,6.0,2,28,1,47,31,2,1,0.0,0.0,0.0
4-13-6-3-35-1,4,13.0,6.0,3,35,1,33,15,2,1,0.0,0.0,0.0
4-9-0-2-23-1,4,9.0,,2,23,1,30,15,3,1,0.0,0.0,0.0
3-14-4-2-25-0,3,14.0,4.0,2,25,0,19,10,1,1,0.0,0.0,0.0
6-13-2-2-45-0,6,13.0,2.0,2,45,0,19,0,2,1,0.0,0.0,0.0
4-13-4-3-33-0,4,13.0,4.0,3,33,0,15,4,1,1,0.0,0.0,0.0
5-14-2-2-48-1,5,14.0,2.0,2,48,1,36,25,1,1,0.0,0.0,0.0
4-14-4-3-33-0,4,14.0,4.0,3,33,0,11,0,1,1,0.0,0.0,0.0
4-14-4-2-32-2,4,14.0,4.0,2,32,2,52,32,1,1,0.0,0.0,0.0
3-10-3-2-22-0,3,10.0,3.0,2,22,0,28,24,5,1,0.0,0.0,0.0
4-14-3-2-31-0,4,14.0,3.0,2,31,0,19,10,5,1,0.0,0.0,0.0
4-12-0-2-29-1,4,12.0,,2,29,1,22,15,3,1,0.0,0.0,0.0
3-14-3-4-22-0,3,14.0,3.0,4,22,0,31,18,1,1,0.0,0.0,0.0
4-13-0-3-22-1,4,13.0,,3,22,1,28,11,1,1,0.0,0.0,0.0
4-14-5-2-34-0,4,14.0,5.0,2,34,0,41,24,1,1,0.0,0.0,0.0
3-11-4-2-25-0,3,11.0,4.0,2,25,0,27,18,1,1,0.0,0.0,0.0
6-13-2-1-54-0,6,13.0,2.0,1,54,0,23,10,1,1,0.0,0.0,0.0
4-8-0-2-21-0,4,8.0,,2,21,0,15,0,3,1,0.0,0.0,0.0
3-10-4-3-23-1,3,10.0,4.0,3,23,1,29,21,2,1,0.0,0.0,0.0
4-13-3-3-28-0,4,13.0,3.0,3,28,0,29,14,1,1,0.0,0.0,0.0
1-9-9-4-9-2,1,9.0,9.0,4,9,2,38,36,3,1,0.0,0.0,0.0
6-14-5-2-58-0,6,14.0,5.0,2,58,0,26,4,1,1,0.0,0.0,0.0
2-11-2-3-13-0,2,11.0,2.0,3,13,0,7,4,2,1,0.0,0.0,0.0
2-14-5-3-19-2,2,14.0,5.0,3,19,2,49,36,2,1,0.0,0.0,0.0
5-13-0-1-38-0,5,13.0,,1,38,0,19,10,1,1,0.0,0.0,0.0
1-4-4-3-4-3,1,4.0,4.0,3,4,3,37,33,1,50,0.0,0.0,18.8
3-11-3-3-20-0,3,11.0,3.0,3,20,0,14,0,2,1,0.0,0.0,0.0
3-14-0-3-22-2,3,14.0,,3,22,2,27,22,1,1,0.0,0.0,0.0
4-13-0-2-28-1,4,13.0,,2,28,1,21,11,2,1,0.0,0.0,0.0
4-7-2-2-16-0,4,7.0,2.0,2,16,0,34,28,1,1,0.0,0.0,0.0
3-11-2-2-19-1,3,11.0,2.0,2,19,1,29,15,4,1,0.0,0.0,0.0
4-11-0-2-19-1,4,11.0,,2,19,1,34,21,2,1,0.0,0.0,0.0
3-10-0-2-15-0,3,10.0,,2,15,0,16,4,4,1,0.0,0.0,0.0
5-9-3-3-27-1,5,9.0,3.0,3,27,1,52,25,1,1,0.0,0.0,0.0
6-13-2-1-47-0,6,13.0,2.0,1,47,0,10,0,3,1,0.0,0.0,0.0
3-10-3-2-18-0,3,10.0,3.0,2,18,0,20,8,1,1,0.0,0.0,0.0
3-13-2-3-20-2,3,13.0,2.0,3,20,2,49,36,1,1,0.0,0.0,0.0
2-4-3-4-7-1,2,4.0,3.0,4,7,1,25,21,1,1,0.0,0.0,0.0
4-12-2-2-34-0,4,12.0,2.0,2,34,0,22,14,2,1,0.0,0.0,0.0
4-12-4-3-30-1,4,12.0,4.0,3,30,1,45,25,2,1,0.0,0.0,0.0
3-10-3-2-20-1,3,10.0,3.0,2,20,1,29,25,2,1,0.0,0.0,0.0
3-14-5-2-27-2,3,14.0,5.0,2,27,2,57,42,1,1,0.0,0.0,0.0
4-14-4-2-31-1,4,14.0,4.0,2,31,1,40,21,2,1,0.0,0.0,0.0
6-11-0-1-38-1,6,11.0,,1,38,1,32,11,1,1,0.0,0.0,0.0
4-13-3-3-39-2,4,13.0,3.0,3,39,2,35,26,1,1,0.0,0.0,0.0
7-11-0-1-37-0,7,11.0,,1,37,0,27,10,1,1,0.0,0.0,0.0
3-13-2-3-26-0,3,13.0,2.0,3,26,0,6,0,2,1,0.0,0.0,0.0
4-11-0-2-27-1,4,11.0,,2,27,1,32,25,2,1,0.0,0.0,0.0
2-11-7-2-18-2,2,11.0,7.0,2,18,2,41,36,1,1,0.0,0.0,0.0
4-14-2-2-30-0,4,14.0,2.0,2,30,0,6,0,2,1,0.0,0.0,0.0
5-13-4-2-39-0,5,13.0,4.0,2,39,0,32,10,3,1,0.0,0.0,0.0
3-9-4-2-21-1,3,9.0,4.0,2,21,1,33,25,1,1,0.0,0.0,0.0
3-10-5-3-24-0,3,10.0,5.0,3,24,0,24,10,3,1,0.0,0.0,0.0
4-12-3-3-28-1,4,12.0,3.0,3,28,1,34,25,3,1,0.0,0.0,0.0
4-13-5-2-39-1,4,13.0,5.0,2,39,1,33,15,3,1,0.0,0.0,0.0
5-13-3-2-46-0,5,13.0,3.0,2,46,0,24,14,1,1,0.0,0.0,0.0
2-14-8-4-22-1,2,14.0,8.0,4,22,1,20,15,2,1,0.0,0.0,0.0
6-14-0-2-39-0,6,14.0,,2,39,0,22,10,2,1,0.0,0.0,0.0
4-12-3-2-32-1,4,12.0,3.0,2,32,1,18,11,3,1,0.0,0.0,0.0
4-14-2-3-32-1,4,14.0,2.0,3,32,1,21,15,1,1,0.0,0.0,0.0
6-14-0-1-53-0,6,14.0,,1,53,0,16,4,1,1,0.0,0.0,0.0
2-8-2-3-10-1,2,8.0,2.0,3,10,1,17,15,1,1,0.0,0.0,0.0
6-12-0-2-48-0,6,12.0,,2,48,0,16,4,1,1,0.0,0.0,0.0
3-12-6-3-29-2,3,12.0,6.0,3,29,2,39,22,1,1,0.0,0.0,0.0
5-14-3-1-38-0,5,14.0,3.0,1,38,0,31,10,1,1,0.0,0.0,0.0
5-10-3-2-37-1,5,10.0,3.0,2,37,1,23,15,1,1,0.0,0.0,0.0
3-13-2-3-27-0,3,13.0,2.0,3,27,0,24,18,1,1,0.0,0.0,0.0
4-9-3-2-25-0,4,9.0,3.0,2,25,0,33,18,3,1,0.0,0.0,0.0
1-7-7-3-7-0,1,7.0,7.0,3,7,0,22,20,3,1,0.0,0.0,0.0
5-13-0-1-32-0,5,13.0,,1,32,0,17,0,2,1,0.0,0.0,0.0
4-12-4-2-32-1,4,12.0,4.0,2,32,1,22,11,4,1,0.0,0.0,0.0
3-10-5-2-24-1,3,10.0,5.0,2,24,1,45,31,2,1,0.0,0.0,0.0
6-13-0-2-44-1,6,13.0,,2,44,1,40,11,1,1,0.0,0.0,0.0
4-13-2-3-32-2,4,13.0,2.0,3,32,2,52,36,1,1,0.0,0.0,0.0
2-5-0-4-5-2,2,5.0,,4,5,2,36,26,1,1,0.0,0.0,0.0
4-12-2-2-32-0,4,12.0,2.0,2,32,0,31,24,2,1,0.0,0.0,0.0
5-13-3-3-39-1,5,13.0,3.0,3,39,1,33,21,1,1,0.0,0.0,0.0
3-11-2-2-16-2,3,11.0,2.0,2,16,2,29,26,1,1,0.0,0.0,0.0
4-12-5-3-37-1,4,12.0,5.0,3,37,1,33,15,1,1,0.0,0.0,0.0
3-12-6-2-29-2,3,12.0,6.0,2,29,2,53,36,2,1,0.0,0.0,0.0
4-14-3-3-35-2,4,14.0,3.0,3,35,2,38,22,1,1,0.0,0.0,0.0
2-12-8-2-20-0,2,12.0,8.0,2,20,0,33,28,2,1,0.0,0.0,0.0
3-9-4-2-19-2,3,9.0,4.0,2,19,2,49,32,1,1,0.0,0.0,0.0
5-14-2-2-38-1,5,14.0,2.0,2,38,1,28,11,5,1,0.0,0.0,0.0
6-13-5-2-48-0,6,13.0,5.0,2,48,0,40,10,1,1,0.0,0.0,0.0
2-12-0-3-12-1,2,12.0,,3,12,1,24,21,5,1,0.0,0.0,0.0
5-13-5-2-42-2,5,13.0,5.0,2,42,2,51,22,1,1,0.0,0.0,0.0
4-14-7-2-42-1,4,14.0,7.0,2,42,1,31,21,2,1,0.0,0.0,0.0
3-9-2-2-18-2,3,9.0,2.0,2,18,2,26,22,1,1,0.0,0.0,0.0
2-9-2-2-11-0,2,9.0,2.0,2,11,0,20,18,1,1,0.0,0.0,0.0
5-13-3-1-38-1,5,13.0,3.0,1,38,1,29,11,1,1,0.0,0.0,0.0
4-12-5-2-32-0,4,12.0,5.0,2,32,0,44,18,1,1,0.0,0.0,0.0
4-14-4-2-35-0,4,14.0,4.0,2,35,0,25,14,2,1,0.0,0.0,0.0
4-14-0-3-32-1,4,14.0,,3,32,1,41,25,3,1,0.0,0.0,0.0
4-13-2-3-34-1,4,13.0,2.0,3,34,1,29,21,1,1,0.0,0.0,0.0
3-11-5-3-23-0,3,11.0,5.0,3,23,0,19,4,4,1,0.0,0.0,0.0
3-14-6-3-28-0,3,14.0,6.0,3,28,0,24,8,2,1,0.0,0.0,0.0
3-14-0-2-27-1,3,14.0,,2,27,1,37,31,5,1,0.0,0.0,0.0
3-5-0-2-7-2,3,5.0,,2,7,2,46,36,2,1,0.0,0.0,0.0
4-11-2-3-22-0,4,11.0,2.0,3,22,0,18,4,3,1,0.0,0.0,0.0
5-13-0-2-25-0,5,13.0,,2,25,0,27,10,2,1,0.0,0.0,0.0
5-14-5-3-43-0,5,14.0,5.0,3,43,0,38,10,1,1,0.0,0.0,0.0
4-7-2-2-16-1,4,7.0,2.0,2,16,1,17,11,1,1,0.0,0.0,0.0
3-5-0-2-7-1,3,5.0,,2,7,1,21,11,2,1,0.0,0.0,0.0
4-14-9-2-44-1,4,14.0,9.0,2,44,1,21,11,1,1,0.0,0.0,0.0
5-14-4-2-39-0,5,14.0,4.0,2,39,0,22,0,3,1,0.0,0.0,0.0
5-12-0-2-36-1,5,12.0,,2,36,1,29,21,1,1,0.0,0.0,0.0
5-14-0-2-36-1,5,14.0,,2,36,1,32,15,2,1,0.0,0.0,0.0
1-11-11-3-11-0,1,11.0,11.0,3,11,0,17,14,1,1,0.0,0.0,0.0
5-12-2-3-36-1,5,12.0,2.0,3,36,1,28,11,1,1,0.0,0.0,0.0
4-11-6-3-33-0,4,11.0,6.0,3,33,0,22,4,1,1,0.0,0.0,0.0
4-14-4-2-40-2,4,14.0,4.0,2,40,2,44,32,2,1,0.0,0.0,0.0
2-11-3-2-14-2,2,11.0,3.0,2,14,2,29,26,1,1,0.0,0.0,0.0
3-14-0-3-24-2,3,14.0,,3,24,2,51,46,1,1,0.0,0.0,0.0
1-6-6-3-6-1,1,6.0,6.0,3,6,1,44,33,3,1,0.0,0.0,0.0
5-11-3-2-33-1,5,11.0,3.0,2,33,1,31,11,1,1,0.0,0.0,0.0
3-11-3-2-22-0,3,11.0,3.0,2,22,0,9,4,1,1,0.0,0.0,0.0
5-9-4-2-33-0,5,9.0,4.0,2,33,0,24,4,1,1,0.0,0.0,0.0
4-14-2-2-36-0,4,14.0,2.0,2,36,0,22,14,3,1,0.0,0.0,0.0
4-13-0-2-34-0,4,13.0,,2,34,0,18,10,2,1,0.0,0.0,0.0
6-12-0-2-36-0,6,12.0,,2,36,0,11,0,2,1,0.0,0.0,0.0
3-12-6-2-25-1,3,12.0,6.0,2,25,1,45,29,3,1,0.0,0.0,0.0
5-14-8-2-58-0,5,14.0,8.0,2,58,0,24,10,1,1,0.0,0.0,0.0
0--1--1-5-0-1,0,,,5,0,1,29,29,1,1,0.0,0.0,0.0
1-0-0-3-0-3,1,0.0,0.0,3,0,3,43,43,1,50,0.0,0.0,20.5
3-14-0-3-21-0,3,14.0,,3,21,0,15,10,1,1,0.0,0.0,0.0
6-14-2-2-40-1,6,14.0,2.0,2,40,1,26,15,1,1,0.0,0.0,0.0
4-14-0-2-23-1,4,14.0,,2,23,1,39,25,5,1,0.0,0.0,0.0
3-14-5-3-29-1,3,14.0,5.0,3,29,1,26,11,1,1,0.0,0.0,0.0
2-10-2-2-12-1,2,10.0,2.0,2,12,1,31,29,2,1,0.0,0.0,0.0
4-14-0-2-33-0,4,14.0,,2,33,0,28,20,2,1,0.0,0.0,0.0
4-9-2-3-19-0,4,9.0,2.0,3,19,0,22,10,1,1,0.0,0.0,0.0
3-12-0-3-16-0,3,12.0,,3,16,0,15,8,3,1,0.0,0.0,0.0
2-12-7-2-19-2,2,12.0,7.0,2,19,2,41,36,2,1,0.0,0.0,0.0
4-9-2-3-20-0,4,9.0,2.0,3,20,0,27,14,1,1,0.0,0.0,0.0
1-3-3-4-3-3,1,3.0,3.0,4,3,3,53,53,1,50,0.0,0.0,22.18
3-13-2-4-23-0,3,13.0,2.0,4,23,0,19,14,1,1,0.0,0.0,0.0
3-10-4-2-20-1,3,10.0,4.0,2,20,1,38,21,2,1,0.0,0.0,0.0
4-14-6-2-36-0,4,14.0,6.0,2,36,0,22,4,2,1,0.0,0.0,0.0
3-12-2-2-18-0,3,12.0,2.0,2,18,0,35,28,1,1,0.0,0.0,0.0
5-7-0-2-20-0,5,7.0,,2,20,0,47,24,1,1,0.0,0.0,0.0
3-14-5-2-27-1,3,14.0,5.0,2,27,1,34,19,1,1,0.0,0.0,0.0
5-9-0-2-26-0,5,9.0,,2,26,0,19,0,2,1,0.0,0.0,0.0
2-11-8-3-19-2,2,11.0,8.0,3,19,2,31,26,1,1,0.0,0.0,0.0
3-3-0-3-5-0,3,3.0,,3,5,0,14,14,1,1,0.0,0.0,0.0
2-10-5-3-15-1,2,10.0,5.0,3,15,1,33,21,1,1,0.0,0.0,0.0
5-13-6-1-46-0,5,13.0,6.0,1,46,0,41,20,1,1,0.0,0.0,0.0
3-9-3-2-17-0,3,9.0,3.0,2,17,0,30,18,2,1,0.0,0.0,0.0
3-11-6-4-25-1,3,11.0,6.0,4,25,1,41,25,1,1,0.0,0.0,0.0
4-12-0-3-27-1,4,12.0,,3,27,1,25,15,2,1,0.0,0.0,0.0
4-12-6-2-33-0,4,12.0,6.0,2,33,0,26,8,1,1,0.0,0.0,0.0
4-7-3-2-20-1,4,7.0,3.0,2,20,1,42,25,1,1,0.0,0.0,0.0
4-14-5-3-37-0,4,14.0,5.0,3,37,0,27,10,2,1,0.0,0.0,0.0
2-8-7-5-15-1,2,8.0,7.0,5,15,1,25,21,1,1,0.0,0.0,0.0
4-12-2-2-31-1,4,12.0,2.0,2,31,1,32,15,4,1,0.0,0.0,0.0
5-14-0-2-32-1,5,14.0,,2,32,1,27,11,3,1,0.0,0.0,0.0
4-14-2-2-38-0,4,14.0,2.0,2,38,0,12,4,2,1,0.0,0.0,0.0
3-14-4-2-25-1,3,14.0,4.0,2,25,1,44,35,1,1,0.0,0.0,0.0
4-8-2-2-18-1,4,8.0,2.0,2,18,1,23,11,2,1,0.0,0.0,0.0
4-9-0-2-20-0,4,9.0,,2,20,0,18,14,3,1,0.0,0.0,0.0
3-12-0-3-20-3,3,12.0,,3,20,3,52,47,1,1,0.0,0.0,0.0
5-14-5-2-52-2,5,14.0,5.0,2,52,2,43,22,1,1,0.0,0.0,0.0
3-14-7-5-31-1,3,14.0,7.0,5,31,1,32,25,1,1,0.0,0.0,0.0
3-13-0-2-25-2,3,13.0,,2,25,2,28,22,1,1,0.0,0.0,0.0
3-10-3-2-19-1,3,10.0,3.0,2,19,1,38,25,1,1,0.0,0.0,0.0
3-12-3-4-22-0,3,12.0,3.0,4,22,0,19,14,1,1,0.0,0.0,0.0
4-14-2-3-33-1,4,14.0,2.0,3,33,1,22,15,1,1,0.0,0.0,0.0
4-11-8-2-38-0,4,11.0,8.0,2,38,0,19,10,2,1,0.0,0.0,0.0
2-13-9-4-22-1,2,13.0,9.0,4,22,1,30,25,3,1,0.0,0.0,0.0
5-13-3-1-40-1,5,13.0,3.0,1,40,1,24,15,1,1,0.0,0.0,0.0
3-13-0-3-21-0,3,13.0,,3,21,0,13,8,5,1,0.0,0.0,0.0
2-9-4-4-13-0,2,9.0,4.0,4,13,0,20,14,1,1,0.0,0.0,0.0
3-12-2-2-24-0,3,12.0,2.0,2,24,0,29,24,1,1,0.0,0.0,0.0
2-9-4-3-13-1,2,9.0,4.0,3,13,1,37,31,4,1,0.0,0.0,0.0
3-13-6-3-29-2,3,13.0,6.0,3,29,2,58,42,1,1,0.0,0.0,0.0
3-11-5-2-22-2,3,11.0,5.0,2,22,2,66,42,1,1,0.0,0.0,0.0
5-8-0-1-21-0,5,8.0,,1,21,0,27,10,2,1,0.0,0.0,0.0
2-11-3-4-14-1,2,11.0,3.0,4,14,1,32,29,1,1,0.0,0.0,0.0
3-14-2-2-23-0,3,14.0,2.0,2,23,0,33,28,1,1,0.0,0.0,0.0
3-8-4-2-17-1,3,8.0,4.0,2,17,1,37,21,2,1,0.0,0.0,0.0
3-4-0-2-6-0,3,4.0,,2,6,0,8,4,4,1,0.0,0.0,0.0
4-12-3-3-26-1,4,12.0,3.0,3,26,1,45,21,1,1,0.0,0.0,0.0
4-14-2-3-31-1,4,14.0,2.0,3,31,1,37,21,2,1,0.0,0.0,0.0
4-14-0-3-28-0,4,14.0,,3,28,0,20,4,1,1,0.0,0.0,0.0
4-14-2-2-25-1,4,14.0,2.0,2,25,1,39,25,2,1,0.0,0.0,0.0
4-14-8-2-47-1,4,14.0,8.0,2,47,1,32,21,1,1,0.0,0.0,0.0
3-14-0-3-24-0,3,14.0,,3,24,0,9,4,3,1,0.0,0.0,0.0
3-10-6-5-23-1,3,10.0,6.0,5,23,1,40,25,1,1,0.0,0.0,0.0
3-8-3-2-15-2,3,8.0,3.0,2,15,2,32,26,3,1,0.0,0.0,0.0
5-14-3-2-38-0,5,14.0,3.0,2,38,0,20,0,1,1,0.0,0.0,0.0
3-14-10-3-37-0,3,14.0,10.0,3,37,0,26,18,2,1,0.0,0.0,0.0
3-10-0-3-13-1,3,10.0,,3,13,1,23,21,4,1,0.0,0.0,0.0
6-13-0-1-43-0,6,13.0,,1,43,0,24,14,1,1,0.0,0.0,0.0
5-13-3-3-41-1,5,13.0,3.0,3,41,1,44,25,1,1,0.0,0.0,0.0
3-12-7-3-30-3,3,12.0,7.0,3,30,3,51,43,1,1,0.0,0.0,0.0
7-12-3-1-52-1,7,12.0,3.0,1,52,1,35,11,1,1,0.0,0.0,0.0
4-14-3-3-37-0,4,14.0,3.0,3,37,0,12,4,3,1,0.0,0.0,0.0
3-14-5-2-30-0,3,14.0,5.0,2,30,0,30,14,2,1,0.0,0.0,0.0
3-9-5-2-20-0,3,9.0,5.0,2,20,0,47,24,1,1,0.0,0.0,0.0
4-13-3-3-33-2,4,13.0,3.0,3,33,2,33,26,1,1,0.0,0.0,0.0
3-14-0-2-25-1,3,14.0,,2,25,1,37,31,2,1,0.0,0.0,0.0
2-13-5-4-18-3,2,13.0,5.0,4,18,3,60,47,1,1,0.0,0.0,0.0
2-11-4-3-15-2,2,11.0,4.0,3,15,2,39,32,3,1,0.0,0.0,0.0
3-13-0-3-16-1,3,13.0,,3,16,1,24,21,3,1,0.0,0.0,0.0
3-9-5-2-22-0,3,9.0,5.0,2,22,0,28,14,5,1,0.0,0.0,0.0
3-6-2-2-13-2,3,6.0,2.0,2,13,2,53,32,1,1,0.0,0.0,0.0
3-13-5-2-25-1,3,13.0,5.0,2,25,1,36,21,3,1,0.0,0.0,0.0
2-3-2-3-5-3,2,3.0,2.0,3,5,3,41,41,1,1,0.0,0.0,0.0
4-13-7-2-39-2,4,13.0,7.0,2,39,2,31,22,2,1,0.0,0.0,0.0
4-10-0-2-20-1,4,10.0,,2,20,1,42,25,1,1,0.0,0.0,0.0
6-12-0-1-39-0,6,12.0,,1,39,0,18,0,5,1,0.0,0.0,0.0
3-10-0-3-12-1,3,10.0,,3,12,1,37,35,1,1,0.0,0.0,0.0
2-11-7-3-18-1,2,11.0,7.0,3,18,1,36,31,6,1,0.0,0.0,0.0
3-12-3-2-19-1,3,12.0,3.0,2,19,1,28,21,1,1,0.0,0.0,0.0
5-14-7-2-52-0,5,14.0,7.0,2,52,0,22,10,2,1,0.0,0.0,0.0
4-9-2-2-21-1,4,9.0,2.0,2,21,1,35,31,2,1,0.0,0.0,0.0
6-14-0-1-47-0,6,14.0,,1,47,0,34,14,2,1,0.0,0.0,0.0
4-11-7-3-36-1,4,11.0,7.0,3,36,1,28,19,1,1,0.0,0.0,0.0
3-8-6-2-21-2,3,8.0,6.0,2,21,2,47,32,1,1,0.0,0.0,0.0
3-13-3-3-22-2,3,13.0,3.0,3,22,2,50,36,1,1,0.0,0.0,0.0
3-11-4-3-23-0,3,11.0,4.0,3,23,0,27,18,1,1,0.0,0.0,0.0
4-9-2-3-24-1,4,9.0,2.0,3,24,1,29,15,1,1,0.0,0.0,0.0
2-8-3-3-11-1,2,8.0,3.0,3,11,1,27,25,5,1,0.0,0.0,0.0
4-12-4-2-32-0,4,12.0,4.0,2,32,0,24,4,4,1,0.0,0.0,0.0
4-14-0-2-24-2,4,14.0,,2,24,2,37,32,1,1,0.0,0.0,0.0
2-7-0-2-7-0,2,7.0,,2,7,0,22,20,1,1,0.0,0.0,0.0
3-14-10-3-35-2,3,14.0,10.0,3,35,2,40,32,1,1,0.0,0.0,0.0
3-13-6-3-29-1,3,13.0,6.0,3,29,1,31,15,4,1,0.0,0.0,0.0
4-9-2-2-21-0,4,9.0,2.0,2,21,0,31,14,1,1,0.0,0.0,0.0
5-13-2-2-36-0,5,13.0,2.0,2,36,0,26,18,3,1,0.0,0.0,0.0
4-8-5-2-26-0,4,8.0,5.0,2,26,0,29,4,2,1,0.0,0.0,0.0
5-13-0-2-34-0,5,13.0,,2,34,0,11,0,4,1,0.0,0.0,0.0
6-13-0-1-44-0,6,13.0,,1,44,0,24,10,2,1,0.0,0.0,0.0
4-11-2-2-25-1,4,11.0,2.0,2,25,1,24,15,3,1,0.0,0.0,0.0
5-11-0-1-29-0,5,11.0,,1,29,0,31,24,1,1,0.0,0.0,0.0
3-13-0-3-19-1,3,13.0,,3,19,1,33,19,2,1,0.0,0.0,0.0
4-13-6-2-34-0,4,13.0,6.0,2,34,0,32,14,2,1,0.0,0.0,0.0
3-13-5-3-30-1,3,13.0,5.0,3,30,1,31,15,1,1,0.0,0.0,0.0
3-11-4-2-25-1,3,11.0,4.0,2,25,1,28,19,1,1,0.0,0.0,0.0
3-12-2-2-25-0,3,12.0,2.0,2,25,0,10,4,2,1,0.0,0.0,0.0
5-12-4-1-40-0,5,12.0,4.0,1,40,0,36,14,1,1,0.0,0.0,0.0
2-8-2-3-10-0,2,8.0,2.0,3,10,0,26,24,1,1,0.0,0.0,0.0
4-13-2-3-22-1,4,13.0,2.0,3,22,1,22,15,1,1,0.0,0.0,0.0
3-14-9-2-33-2,3,14.0,9.0,2,33,2,33,26,1,1,0.0,0.0,0.0
4-12-8-3-39-1,4,12.0,8.0,3,39,1,20,11,1,1,0.0,0.0,0.0
4-14-6-2-45-1,4,14.0,6.0,2,45,1,35,15,1,1,0.0,0.0,0.0
3-13-3-4-20-0,3,13.0,3.0,4,20,0,17,10,1,1,0.0,0.0,0.0
3-13-0-3-24-2,3,13.0,,3,24,2,38,32,1,1,0.0,0.0,0.0
3-12-2-3-23-0,3,12.0,2.0,3,23,0,19,14,1,1,0.0,0.0,0.0
5-12-2-2-42-0,5,12.0,2.0,2,42,0,10,0,1,1,0.0,0.0,0.0
3-11-5-2-25-1,3,11.0,5.0,2,25,1,30,15,1,1,0.0,0.0,0.0
4-12-0-3-30-1,4,12.0,,3,30,1,32,25,1,1,0.0,0.0,0.0
4-14-7-2-42-2,4,14.0,7.0,2,42,2,36,26,1,1,0.0,0.0,0.0
5-13-2-1-39-1,5,13.0,2.0,1,39,1,39,21,1,1,0.0,0.0,0.0
4-12-2-2-33-1,4,12.0,2.0,2,33,1,29,21,1,1,0.0,0.0,0.0
4-10-4-2-31-0,4,10.0,4.0,2,31,0,10,0,2,1,0.0,0.0,0.0
3-7-5-3-18-0,3,7.0,5.0,3,18,0,23,0,1,1,0.0,0.0,0.0
4-13-2-3-30-1,4,13.0,2.0,3,30,1,46,31,1,1,0.0,0.0,0.0
4-11-0-2-21-1,4,11.0,,2,21,1,26,21,3,1,0.0,0.0,0.0
3-12-7-2-29-2,3,12.0,7.0,2,29,2,39,32,1,1,0.0,0.0,0.0
3-11-0-3-16-1,3,11.0,,3,16,1,34,21,5,1,0.0,0.0,0.0
2-8-4-4-12-1,2,8.0,4.0,4,12,1,41,35,1,1,0.0,0.0,0.0
4-11-3-2-28-2,4,11.0,3.0,2,28,2,35,26,1,1,0.0,0.0,0.0
5-10-2-1-29-0,5,10.0,2.0,1,29,0,28,10,1,1,0.0,0.0,0.0
6-13-0-1-45-0,6,13.0,,1,45,0,24,14,2,1,0.0,0.0,0.0
3-14-4-2-25-2,3,14.0,4.0,2,25,2,35,26,1,1,0.0,0.0,0.0
4-12-2-2-25-1,4,12.0,2.0,2,25,1,43,19,1,1,0.0,0.0,0.0
4-11-5-2-35-1,4,11.0,5.0,2,35,1,48,31,1,1,0.0,0.0,0.0
2-13-11-3-24-2,2,13.0,11.0,3,24,2,36,30,4,1,0.0,0.0,0.0
3-13-9-3-32-0,3,13.0,9.0,3,32,0,21,14,2,1,0.0,0.0,0.0
3-13-3-2-21-1,3,13.0,3.0,2,21,1,44,31,3,1,0.0,0.0,0.0
4-13-4-2-28-0,4,13.0,4.0,2,28,0,40,12,2,1,0.0,0.0,0.0
2-13-5-3-18-1,2,13.0,5.0,3,18,1,38,25,7,1,0.0,0.0,0.0
3-11-0-3-19-1,3,11.0,,3,19,1,20,15,3,1,0.0,0.0,0.0
2-8-6-3-14-0,2,8.0,6.0,3,14,0,37,24,3,1,0.0,0.0,0.0
3-12-4-2-24-3,3,12.0,4.0,2,24,3,46,37,1,1,0.0,0.0,0.0
3-11-4-2-24-0,3,11.0,4.0,2,24,0,33,24,3,1,0.0,0.0,0.0
4-13-0-2-23-0,4,13.0,,2,23,0,39,34,3,1,0.0,0.0,0.0
5-9-0-1-18-2,5,9.0,,1,18,2,28,22,1,1,0.0,0.0,0.0
4-14-6-3-43-1,4,14.0,6.0,3,43,1,45,25,3,1,0.0,0.0,0.0
4-13-3-2-26-1,4,13.0,3.0,2,26,1,39,21,2,1,0.0,0.0,0.0
5-14-0-2-27-2,5,14.0,,2,27,2,27,22,1,1,0.0,0.0,0.0
1-5-5-4-5-1,1,5.0,5.0,4,5,1,45,35,2,1,0.0,0.0,0.0
5-14-2-2-38-2,5,14.0,2.0,2,38,2,43,32,2,1,0.0,0.0,0.0
4-10-4-3-28-0,4,10.0,4.0,3,28,0,18,0,1,1,0.0,0.0,0.0
4-11-2-3-24-0,4,11.0,2.0,3,24,0,9,4,1,1,0.0,0.0,0.0
4-12-7-2-40-0,4,12.0,7.0,2,40,0,14,4,2,1,0.0,0.0,0.0
5-13-3-3-46-1,5,13.0,3.0,3,46,1,31,21,1,1,0.0,0.0,0.0
3-13-5-3-30-2,3,13.0,5.0,3,30,2,48,32,1,1,0.0,0.0,0.0
3-13-4-2-22-1,3,13.0,4.0,2,22,1,48,31,2,1,0.0,0.0,0.0
3-14-4-3-29-1,3,14.0,4.0,3,29,1,35,25,2,1,0.0,0.0,0.0
3-13-2-3-21-0,3,13.0,2.0,3,21,0,22,8,2,1,0.0,0.0,0.0
5-14-0-1-41-1,5,14.0,,1,41,1,25,15,1,1,0.0,0.0,0.0
5-14-6-2-55-0,5,14.0,6.0,2,55,0,26,4,2,1,0.0,0.0,0.0
4-7-0-2-15-1,4,7.0,,2,15,1,34,21,3,1,0.0,0.0,0.0
3-12-0-2-17-0,3,12.0,,2,17,0,33,20,1,1,0.0,0.0,0.0
4-12-2-2-26-0,4,12.0,2.0,2,26,0,13,4,4,1,0.0,0.0,0.0
3-14-3-2-23-0,3,14.0,3.0,2,23,0,48,34,2,1,0.0,0.0,0.0
3-10-5-4-24-1,3,10.0,5.0,4,24,1,39,25,1,1,0.0,0.0,0.0
5-11-5-2-43-0,5,11.0,5.0,2,43,0,33,14,1,1,0.0,0.0,0.0
4-12-5-3-30-0,4,12.0,5.0,3,30,0,46,20,1,1,0.0,0.0,0.0
4-14-2-2-31-1,4,14.0,2.0,2,31,1,37,21,3,1,0.0,0.0,0.0
2-13-9-3-22-2,2,13.0,9.0,3,22,2,31,26,5,1,0.0,0.0,0.0
3-13-4-3-28-0,3,13.0,4.0,3,28,0,30,20,3,1,0.0,0.0,0.0
4-14-0-2-32-0,4,14.0,,2,32,0,11,4,3,1,0.0,0.0,0.0
3-8-2-4-15-0,3,8.0,2.0,4,15,0,30,18,1,1,0.0,0.0,0.0
3-5-0-2-7-0,3,5.0,,2,7,0,24,14,4,1,0.0,0.0,0.0
2-12-10-4-22-0,2,12.0,10.0,4,22,0,19,14,2,1,0.0,0.0,0.0
4-14-4-2-33-1,4,14.0,4.0,2,33,1,31,11,2,1,0.0,0.0,0.0
3-13-5-4-28-1,3,13.0,5.0,4,28,1,40,25,1,1,0.0,0.0,0.0
4-14-9-2-46-0,4,14.0,9.0,2,46,0,25,14,2,1,0.0,0.0,0.0
4-11-3-2-32-0,4,11.0,3.0,2,32,0,27,20,2,1,0.0,0.0,0.0
1-7-7-3-7-2,1,7.0,7.0,3,7,2,38,36,5,1,0.0,0.0,0.0
4-14-2-3-35-0,4,14.0,2.0,3,35,0,11,4,2,1,0.0,0.0,0.0
4-11-2-2-30-3,4,11.0,2.0,2,30,3,40,33,1,1,0.0,0.0,0.0
4-8-0-3-18-1,4,8.0,,3,18,1,28,11,2,1,0.0,0.0,0.0
3-11-5-2-24-2,3,11.0,5.0,2,24,2,47,32,2,1,0.0,0.0,0.0
4-11-2-2-31-0,4,11.0,2.0,2,31,0,27,20,1,1,0.0,0.0,0.0
4-9-3-3-24-1,4,9.0,3.0,3,24,1,39,25,1,1,0.0,0.0,0.0
4-9-3-2-22-0,4,9.0,3.0,2,22,0,27,10,1,1,0.0,0.0,0.0
5-14-2-2-42-0,5,14.0,2.0,2,42,0,8,0,2,1,0.0,0.0,0.0
4-14-7-2-43-0,4,14.0,7.0,2,43,0,20,10,2,1,0.0,0.0,0.0
4-13-6-2-39-2,4,13.0,6.0,2,39,2,45,26,1,1,0.0,0.0,0.0
5-14-7-2-53-0,5,14.0,7.0,2,53,0,23,10,1,1,0.0,0.0,0.0
4-14-8-3-44-1,4,14.0,8.0,3,44,1,31,21,2,1,0.0,0.0,0.0
3-13-7-3-30-1,3,13.0,7.0,3,30,1,32,25,2,1,0.0,0.0,0.0
2-14-8-2-22-2,2,14.0,8.0,2,22,2,51,46,1,1,0.0,0.0,0.0
4-14-4-3-42-1,4,14.0,4.0,3,42,1,32,19,1,1,0.0,0.0,0.0
2-14-3-3-17-2,2,14.0,3.0,3,17,2,43,40,4,1,0.0,0.0,0.0
4-13-0-2-32-0,4,13.0,,2,32,0,8,0,3,1,0.0,0.0,0.0
5-13-2-2-35-1,5,13.0,2.0,2,35,1,41,21,3,1,0.0,0.0,0.0
2-7-2-3-9-0,2,7.0,2.0,3,9,0,10,8,1,1,0.0,0.0,0.0
5-14-2-3-38-0,5,14.0,2.0,3,38,0,12,4,1,1,0.0,0.0,0.0
4-13-3-2-31-1,4,13.0,3.0,2,31,1,36,29,5,1,0.0,0.0,0.0
2-6-2-3-8-1,2,6.0,2.0,3,8,1,40,29,3,1,0.0,0.0,0.0
3-10-5-3-21-2,3,10.0,5.0,3,21,2,59,36,1,1,0.0,0.0,0.0
4-13-4-3-31-0,4,13.0,4.0,3,31,0,24,4,1,1,0.0,0.0,0.0
3-14-6-3-28-1,3,14.0,6.0,3,28,1,37,21,1,1,0.0,0.0,0.0
3-13-3-3-22-0,3,13.0,3.0,3,22,0,28,14,1,1,0.0,0.0,0.0
4-12-0-2-27-2,4,12.0,,2,27,2,29,22,1,1,0.0,0.0,0.0
3-14-8-3-35-1,3,14.0,8.0,3,35,1,23,15,2,1,0.0,0.0,0.0
4-10-2-2-27-1,4,10.0,2.0,2,27,1,26,11,1,1,0.0,0.0,0.0
3-14-4-3-27-0,3,14.0,4.0,3,27,0,29,20,1,1,0.0,0.0,0.0
4-11-2-2-28-1,4,11.0,2.0,2,28,1,18,11,3,1,0.0,0.0,0.0
4-14-10-3-49-2,4,14.0,10.0,3,49,2,33,22,1,1,0.0,0.0,0.0
5-14-0-2-37-0,5,14.0,,2,37,0,21,10,3,1,0.0,0.0,0.0
7-11-0-1-41-0,7,11.0,,1,41,0,21,0,1,1,0.0,0.0,0.0
4-12-2-2-32-2,4,12.0,2.0,2,32,2,33,26,1,1,0.0,0.0,0.0
3-11-0-2-17-1,3,11.0,,2,17,1,35,21,4,1,0.0,0.0,0.0
2-13-10-3-23-1,2,13.0,10.0,3,23,1,24,19,5,1,0.0,0.0,0.0
4-7-3-2-19-0,4,7.0,3.0,2,19,0,26,10,1,1,0.0,0.0,0.0
2-14-2-4-16-2,2,14.0,2.0,4,16,2,43,40,2,1,0.0,0.0,0.0
4-12-4-2-29-0,4,12.0,4.0,2,29,0,29,10,4,1,0.0,0.0,0.0
5-12-0-1-34-1,5,12.0,,1,34,1,26,19,1,1,0.0,0.0,0.0
4-13-0-2-28-2,4,13.0,,2,28,2,39,32,2,1,0.0,0.0,0.0
4-10-2-2-22-0,4,10.0,2.0,2,22,0,35,18,2,1,0.0,0.0,0.0
2-4-2-2-6-0,2,4.0,2.0,2,6,0,14,10,1,1,0.0,0.0,0.0
4-14-7-3-42-1,4,14.0,7.0,3,42,1,25,15,1,1,0.0,0.0,0.0
3-14-2-3-28-1,3,14.0,2.0,3,28,1,25,19,3,1,0.0,0.0,0.0
7-12-3-1-56-1,7,12.0,3.0,1,56,1,34,11,1,1,0.0,0.0,0.0
4-12-4-3-33-0,4,12.0,4.0,3,33,0,15,4,2,1,0.0,0.0,0.0
3-11-0-2-14-0,3,11.0,,2,14,0,13,10,1,1,0.0,0.0,0.0
6-13-3-1-49-0,6,13.0,3.0,1,49,0,20,0,2,1,0.0,0.0,0.0
2-13-10-3-23-2,2,13.0,10.0,3,23,2,37,32,3,1,0.0,0.0,0.0
3-12-9-3-32-1,3,12.0,9.0,3,32,1,43,35,1,1,0.0,0.0,0.0
2-3-0-3-3-1,2,3.0,,3,3,1,39,39,5,1,0.0,0.0,0.0
3-14-3-3-27-1,3,14.0,3.0,3,27,1,40,35,2,1,0.0,0.0,0.0
2-13-6-2-19-1,2,13.0,6.0,2,19,1,49,35,1,1,0.0,0.0,0.0
5-14-0-1-29-0,5,14.0,,1,29,0,19,4,1,1,0.0,0.0,0.0
2-14-10-4-24-0,2,14.0,10.0,4,24,0,19,14,1,1,0.0,0.0,0.0
5-14-2-2-43-2,5,14.0,2.0,2,43,2,32,22,1,1,0.0,0.0,0.0
6-14-2-1-48-0,6,14.0,2.0,1,48,0,14,0,3,1,0.0,0.0,0.0
5-6-2-1-20-1,5,6.0,2.0,1,20,1,36,11,1,1,0.0,0.0,0.0
5-12-0-2-29-0,5,12.0,,2,29,0,19,4,2,1,0.0,0.0,0.0
2-7-4-2-11-1,2,7.0,4.0,2,11,1,41,35,1,1,0.0,0.0,0.0
4-10-7-2-34-0,4,10.0,7.0,2,34,0,28,20,3,1,0.0,0.0,0.0
5-10-0-2-30-0,5,10.0,,2,30,0,10,0,2,1,0.0,0.0,0.0
5-13-0-1-40-0,5,13.0,,1,40,0,18,0,1,1,0.0,0.0,0.0
3-14-0-3-18-2,3,14.0,,3,18,2,33,26,1,1,0.0,0.0,0.0
5-7-0-2-20-1,5,7.0,,2,20,1,28,11,2,1,0.0,0.0,0.0
3-8-0-3-14-1,3,8.0,,3,14,1,28,15,2,1,0.0,0.0,0.0
1-4-4-4-4-1,1,4.0,4.0,4,4,1,33,29,7,1,0.0,0.0,0.0
3-11-6-3-24-2,3,11.0,6.0,3,24,2,48,32,2,1,0.0,0.0,0.0
4-12-5-2-34-2,4,12.0,5.0,2,34,2,39,22,1,1,0.0,0.0,0.0
3-9-6-2-23-0,3,9.0,6.0,2,23,0,53,38,3,1,0.0,0.0,0.0
3-14-10-2-36-1,3,14.0,10.0,2,36,1,29,21,3,1,0.0,0.0,0.0
3-14-3-3-21-1,3,14.0,3.0,3,21,1,22,15,2,1,0.0,0.0,0.0
4-12-3-2-27-1,4,12.0,3.0,2,27,1,26,11,1,1,0.0,0.0,0.0
2-5-4-3-9-1,2,5.0,4.0,3,9,1,49,35,3,1,0.0,0.0,0.0
4-12-2-2-27-0,4,12.0,2.0,2,27,0,19,10,2,1,0.0,0.0,0.0
3-12-4-2-21-1,3,12.0,4.0,2,21,1,42,25,2,1,0.0,0.0,0.0
3-11-0-2-13-1,3,11.0,,2,13,1,18,15,2,1,0.0,0.0,0.0
3-7-5-3-18-1,3,7.0,5.0,3,18,1,38,15,2,1,0.0,0.0,0.0
2-14-0-4-14-1,2,14.0,,4,14,1,34,31,2,1,0.0,0.0,0.0
4-14-0-2-30-1,4,14.0,,2,30,1,17,11,8,1,0.0,0.0,0.0
4-11-0-2-27-2,4,11.0,,2,27,2,29,22,1,1,0.0,0.0,0.0
3-14-0-3-21-1,3,14.0,,3,21,1,34,29,1,1,0.0,0.0,0.0
2-5-4-3-9-0,2,5.0,4.0,3,9,0,28,14,2,1,0.0,0.0,0.0
3-14-9-3-35-1,3,14.0,9.0,3,35,1,23,15,1,1,0.0,0.0,0.0
3-13-5-3-25-1,3,13.0,5.0,3,25,1,36,21,1,1,0.0,0.0,0.0
1-10-10-3-10-1,1,10.0,10.0,3,10,1,31,29,12,1,0.0,0.0,0.0
1-9-9-4-9-1,1,9.0,9.0,4,9,1,31,29,4,1,0.0,0.0,0.0
5-13-2-1-33-0,5,13.0,2.0,1,33,0,19,0,3,1,0.0,0.0,0.0
2-13-2-2-15-2,2,13.0,2.0,2,15,2,35,32,1,1,0.0,0.0,0.0
4-12-0-2-27-0,4,12.0,,2,27,0,15,8,1,1,0.0,0.0,0.0
4-10-0-2-23-0,4,10.0,,2,23,0,22,14,2,1,0.0,0.0,0.0
4-9-2-2-26-0,4,9.0,2.0,2,26,0,24,18,1,1,0.0,0.0,0.0
5-12-0-2-24-0,5,12.0,,2,24,0,26,8,2,1,0.0,0.0,0.0
3-12-3-3-22-0,3,12.0,3.0,3,22,0,19,14,2,1,0.0,0.0,0.0
1-2-2-3-2-1,1,2.0,2.0,3,2,1,21,21,8,1,0.0,0.0,0.0
3-7-4-2-16-0,3,7.0,4.0,2,16,0,26,10,3,1,0.0,0.0,0.0
3-6-2-2-12-1,3,6.0,2.0,2,12,1,40,25,5,1,0.0,0.0,0.0
4-13-3-3-39-1,4,13.0,3.0,3,39,1,28,19,1,1,0.0,0.0,0.0
3-8-3-2-18-1,3,8.0,3.0,2,18,1,25,21,1,1,0.0,0.0,0.0
4-9-3-3-25-1,4,9.0,3.0,3,25,1,35,21,1,1,0.0,0.0,0.0
2-10-7-4-17-0,2,10.0,7.0,4,17,0,18,14,1,1,0.0,0.0,0.0
4-14-3-2-38-1,4,14.0,3.0,2,38,1,27,19,3,1,0.0,0.0,0.0
1-5-5-4-5-3,1,5.0,5.0,4,5,3,57,47,1,1,0.0,0.0,0.0
4-12-3-3-34-0,4,12.0,3.0,3,34,0,18,10,1,1,0.0,0.0,0.0
2-2-0-3-2-1,2,2.0,,3,2,1,25,25,6,1,0.0,0.0,0.0
5-14-4-2-46-0,5,14.0,4.0,2,46,0,23,0,2,1,0.0,0.0,0.0
3-13-2-2-20-0,3,13.0,2.0,2,20,0,31,18,2,1,0.0,0.0,0.0
5-11-3-1-37-0,5,11.0,3.0,1,37,0,21,4,1,1,0.0,0.0,0.0
3-7-0-3-12-1,3,7.0,,3,12,1,23,11,4,1,0.0,0.0,0.0
3-12-7-3-30-0,3,12.0,7.0,3,30,0,22,14,2,1,0.0,0.0,0.0
2-14-2-3-16-1,2,14.0,2.0,3,16,1,28,25,2,1,0.0,0.0,0.0
4-13-2-2-25-0,4,13.0,2.0,2,25,0,28,10,4,1,0.0,0.0,0.0
3-13-0-3-23-0,3,13.0,,3,23,0,13,8,1,1,0.0,0.0,0.0
2-13-0-3-13-0,2,13.0,,3,13,0,7,4,2,1,0.0,0.0,0.0
6-12-2-1-43-1,6,12.0,2.0,1,43,1,31,21,1,1,0.0,0.0,0.0
3-14-11-3-38-1,3,14.0,11.0,3,38,1,34,25,3,1,0.0,0.0,0.0
2-13-7-3-20-0,2,13.0,7.0,3,20,0,13,8,3,1,0.0,0.0,0.0
2-10-6-2-16-0,2,10.0,6.0,2,16,0,21,8,2,1,0.0,0.0,0.0
3-14-3-4-26-1,3,14.0,3.0,4,26,1,30,25,1,1,0.0,0.0,0.0
2-8-4-3-12-0,2,8.0,4.0,3,12,0,34,28,2,1,0.0,0.0,0.0
5-14-3-2-46-0,5,14.0,3.0,2,46,0,24,14,2,1,0.0,0.0,0.0
5-11-5-2-39-1,5,11.0,5.0,2,39,1,47,19,2,1,0.0,0.0,0.0
5-10-0-3-23-0,5,10.0,,3,23,0,18,14,1,1,0.0,0.0,0.0
3-13-3-3-24-0,3,13.0,3.0,3,24,0,19,14,2,1,0.0,0.0,0.0
5-14-3-2-40-0,5,14.0,3.0,2,40,0,35,14,2,1,0.0,0.0,0.0
3-13-5-3-24-1,3,13.0,5.0,3,24,1,39,15,3,1,0.0,0.0,0.0
3-9-3-3-20-0,3,9.0,3.0,3,20,0,8,4,1,1,0.0,0.0,0.0
5-13-0-2-37-0,5,13.0,,2,37,0,23,14,1,1,0.0,0.0,0.0
3-6-3-3-13-1,3,6.0,3.0,3,13,1,30,15,2,1,0.0,0.0,0.0
4-14-5-2-40-0,4,14.0,5.0,2,40,0,32,14,2,1,0.0,0.0,0.0
3-14-7-2-32-2,3,14.0,7.0,2,32,2,38,30,1,1,0.0,0.0,0.0
5-11-2-2-29-1,5,11.0,2.0,2,29,1,27,11,1,1,0.0,0.0,0.0
3-10-2-3-21-2,3,10.0,2.0,3,21,2,26,22,1,1,0.0,0.0,0.0
4-11-2-2-22-1,4,11.0,2.0,2,22,1,32,15,3,1,0.0,0.0,0.0
3-14-2-3-27-1,3,14.0,2.0,3,27,1,41,35,3,1,0.0,0.0,0.0
6-12-0-1-37-0,6,12.0,,1,37,0,22,4,1,1,0.0,0.0,0.0
4-14-2-2-24-0,4,14.0,2.0,2,24,0,23,10,2,1,0.0,0.0,0.0
3-14-7-4-30-1,3,14.0,7.0,4,30,1,38,31,2,1,0.0,0.0,0.0
5-14-5-2-53-0,5,14.0,5.0,2,53,0,21,0,2,1,0.0,0.0,0.0
2-6-3-3-9-0,2,6.0,3.0,3,9,0,29,18,6,1,0.0,0.0,0.0
5-14-5-2-46-0,5,14.0,5.0,2,46,0,43,14,1,1,0.0,0.0,0.0
6-12-6-2-56-0,6,12.0,6.0,2,56,0,27,4,1,1,0.0,0.0,0.0
2-13-8-3-21-1,2,13.0,8.0,3,21,1,36,31,5,1,0.0,0.0,0.0
2-5-2-3-7-0,2,5.0,2.0,3,7,0,20,10,2,1,0.0,0.0,0.0
2-14-7-3-21-2,2,14.0,7.0,3,21,2,31,26,2,1,0.0,0.0,0.0
4-12-7-2-40-2,4,12.0,7.0,2,40,2,32,22,1,1,0.0,0.0,0.0
3-14-6-2-31-1,3,14.0,6.0,2,31,1,52,35,1,1,0.0,0.0,0.0
2-7-0-3-7-1,2,7.0,,3,7,1,33,31,6,1,0.0,0.0,0.0
2-11-4-3-15-0,2,11.0,4.0,3,15,0,17,10,2,1,0.0,0.0,0.0
4-14-3-2-42-0,4,14.0,3.0,2,42,0,23,14,1,1,0.0,0.0,0.0
3-14-12-2-39-1,3,14.0,12.0,2,39,1,30,21,3,1,0.0,0.0,0.0
3-14-4-2-23-1,3,14.0,4.0,2,23,1,36,19,2,1,0.0,0.0,0.0
3-14-9-2-34-1,3,14.0,9.0,2,34,1,33,25,1,1,0.0,0.0,0.0
3-14-4-3-30-0,3,14.0,4.0,3,30,0,34,24,1,1,0.0,0.0,0.0
3-10-4-2-20-2,3,10.0,4.0,2,20,2,49,32,2,1,0.0,0.0,0.0
3-12-5-3-25-0,3,12.0,5.0,3,25,0,35,20,1,1,0.0,0.0,0.0
3-11-7-3-27-0,3,11.0,7.0,3,27,0,35,28,1,1,0.0,0.0,0.0
2-13-0-4-13-0,2,13.0,,4,13,0,21,18,1,1,0.0,0.0,0.0
2-11-6-2-17-1,2,11.0,6.0,2,17,1,43,29,1,1,0.0,0.0,0.0
2-9-2-2-11-1,2,9.0,2.0,2,11,1,27,25,2,1,0.0,0.0,0.0
0--1--1-3-0-3,0,,,3,0,3,43,43,2,1,0.0,0.0,0.0
3-7-2-3-14-2,3,7.0,2.0,3,14,2,38,26,1,1,0.0,0.0,0.0
3-12-2-2-22-0,3,12.0,2.0,2,22,0,29,24,2,1,0.0,0.0,0.0
4-13-5-2-34-1,4,13.0,5.0,2,34,1,47,21,2,1,0.0,0.0,0.0
4-13-4-2-31-0,4,13.0,4.0,2,31,0,48,28,3,1,0.0,0.0,0.0
4-14-0-3-30-0,4,14.0,,3,30,0,26,10,4,1,0.0,0.0,0.0
2-14-8-2-22-1,2,14.0,8.0,2,22,1,28,23,2,1,0.0,0.0,0.0
3-14-0-3-26-2,3,14.0,,3,26,2,42,36,1,1,0.0,0.0,0.0
4-14-6-3-39-0,4,14.0,6.0,3,39,0,23,4,2,1,0.0,0.0,0.0
5-12-0-2-28-0,5,12.0,,2,28,0,20,4,2,1,0.0,0.0,0.0
3-10-0-3-14-1,3,10.0,,3,14,1,31,25,1,1,0.0,0.0,0.0
4-14-3-3-40-1,4,14.0,3.0,3,40,1,27,19,1,1,0.0,0.0,0.0
3-8-0-2-15-1,3,8.0,,2,15,1,29,25,2,1,0.0,0.0,0.0
2-6-5-3-11-0,2,6.0,5.0,3,11,0,31,10,9,1,0.0,0.0,0.0
3-7-2-4-14-2,3,7.0,2.0,4,14,2,38,26,1,1,0.0,0.0,0.0
2-7-3-3-10-1,2,7.0,3.0,3,10,1,13,11,6,1,0.0,0.0,0.0
3-12-7-2-27-1,3,12.0,7.0,2,27,1,22,15,1,1,0.0,0.0,0.0
2-9-6-2-15-1,2,9.0,6.0,2,15,1,32,19,1,1,0.0,0.0,0.0
4-14-2-2-23-1,4,14.0,2.0,2,23,1,22,15,1,1,0.0,0.0,0.0
3-8-2-2-17-2,3,8.0,2.0,2,17,2,30,26,1,1,0.0,0.0,0.0
2-9-2-4-11-0,2,9.0,2.0,4,11,0,26,24,1,1,0.0,0.0,0.0
5-9-0-2-29-1,5,9.0,,2,29,1,27,11,1,1,0.0,0.0,0.0
3-14-4-2-24-1,3,14.0,4.0,2,24,1,49,31,4,1,0.0,0.0,0.0
2-14-10-3-24-2,2,14.0,10.0,3,24,2,45,40,1,1,0.0,0.0,0.0
3-6-2-3-13-0,3,6.0,2.0,3,13,0,31,10,1,1,0.0,0.0,0.0
3-13-0-2-19-1,3,13.0,,2,19,1,43,29,2,1,0.0,0.0,0.0
3-12-0-3-23-0,3,12.0,,3,23,0,16,10,2,1,0.0,0.0,0.0
4-13-6-3-41-1,4,13.0,6.0,3,41,1,30,11,1,1,0.0,0.0,0.0
4-13-2-3-29-2,4,13.0,2.0,3,29,2,28,22,1,1,0.0,0.0,0.0
3-10-6-2-25-1,3,10.0,6.0,2,25,1,34,19,1,1,0.0,0.0,0.0
2-3-0-2-3-0,2,3.0,,2,3,0,14,14,2,1,0.0,0.0,0.0
3-14-3-3-30-0,3,14.0,3.0,3,30,0,20,14,2,1,0.0,0.0,0.0
5-13-3-2-43-0,5,13.0,3.0,2,43,0,29,10,1,1,0.0,0.0,0.0
7-11-2-1-42-0,7,11.0,2.0,1,42,0,25,4,1,1,0.0,0.0,0.0
2-12-3-3-15-1,2,12.0,3.0,3,15,1,18,15,5,1,0.0,0.0,0.0
4-14-6-2-42-0,4,14.0,6.0,2,42,0,33,14,3,1,0.0,0.0,0.0
6-13-0-2-49-1,6,13.0,,2,49,1,30,15,1,1,0.0,0.0,0.0
5-14-2-2-41-0,5,14.0,2.0,2,41,0,22,10,4,1,0.0,0.0,0.0
6-14-7-1-60-0,6,14.0,7.0,1,60,0,14,0,1,1,0.0,0.0,0.0
4-14-5-2-39-0,4,14.0,5.0,2,39,0,36,18,4,1,0.0,0.0,0.0
2-13-11-4-24-2,2,13.0,11.0,4,24,2,42,36,1,1,0.0,0.0,0.0
4-12-4-2-30-0,4,12.0,4.0,2,30,0,33,14,2,1,0.0,0.0,0.0
3-10-2-2-18-0,3,10.0,2.0,2,18,0,37,24,1,1,0.0,0.0,0.0
6-14-2-1-47-0,6,14.0,2.0,1,47,0,20,10,1,1,0.0,0.0,0.0
1-12-12-3-12-2,1,12.0,12.0,3,12,2,43,40,7,1,0.0,0.0,0.0
4-8-0-2-16-2,4,8.0,,2,16,2,39,26,1,1,0.0,0.0,0.0
2-11-8-3-19-0,2,11.0,8.0,3,19,0,29,24,4,1,0.0,0.0,0.0
3-7-3-2-14-0,3,7.0,3.0,2,14,0,28,22,2,1,0.0,0.0,0.0
3-13-0-2-21-1,3,13.0,,2,21,1,40,35,4,1,0.0,0.0,0.0
6-12-3-1-44-1,6,12.0,3.0,1,44,1,40,11,1,1,0.0,0.0,0.0
3-9-5-2-22-2,3,9.0,5.0,2,22,2,40,26,2,1,0.0,0.0,0.0
1-11-11-3-11-3,1,11.0,11.0,3,11,3,56,53,1,50,0.0,0.0,28.08
4-13-0-3-22-0,4,13.0,,3,22,0,21,4,1,1,0.0,0.0,0.0
5-9-0-1-21-1,5,9.0,,1,21,1,27,11,1,1,0.0,0.0,0.0
5-11-3-2-38-0,5,11.0,3.0,2,38,0,23,14,1,1,0.0,0.0,0.0
6-12-3-1-48-2,6,12.0,3.0,1,48,2,43,22,1,1,0.0,0.0,0.0
4-10-2-3-28-1,4,10.0,2.0,3,28,1,27,21,1,1,0.0,0.0,0.0
3-9-3-2-19-0,3,9.0,3.0,2,19,0,28,24,3,1,0.0,0.0,0.0
3-12-0-3-18-1,3,12.0,,3,18,1,25,11,3,1,0.0,0.0,0.0
3-14-3-3-25-2,3,14.0,3.0,3,25,2,37,32,1,1,0.0,0.0,0.0
5-10-2-1-30-1,5,10.0,2.0,1,30,1,30,11,1,1,0.0,0.0,0.0
3-8-0-3-10-0,3,8.0,,3,10,0,6,4,1,1,0.0,0.0,0.0
4-14-5-2-33-0,4,14.0,5.0,2,33,0,26,0,1,1,0.0,0.0,0.0
3-11-0-2-18-0,3,11.0,,2,18,0,19,14,2,1,0.0,0.0,0.0
4-11-0-2-20-1,4,11.0,,2,20,1,20,15,2,1,0.0,0.0,0.0
4-14-4-3-38-2,4,14.0,4.0,3,38,2,44,32,1,1,0.0,0.0,0.0
5-14-2-2-35-1,5,14.0,2.0,2,35,1,34,15,2,1,0.0,0.0,0.0
5-13-0-2-35-0,5,13.0,,2,35,0,22,14,2,1,0.0,0.0,0.0
4-14-0-3-31-1,4,14.0,,3,31,1,28,21,2,1,0.0,0.0,0.0
4-12-0-3-24-0,4,12.0,,3,24,0,19,14,2,1,0.0,0.0,0.0
3-6-3-3-14-0,3,6.0,3.0,3,14,0,29,8,1,1,0.0,0.0,0.0
4-13-0-2-31-0,4,13.0,,2,31,0,17,10,1,1,0.0,0.0,0.0
4-14-2-2-32-1,4,14.0,2.0,2,32,1,25,15,8,1,0.0,0.0,0.0
3-14-5-2-32-0,3,14.0,5.0,2,32,0,40,24,4,1,0.0,0.0,0.0
3-10-2-3-20-2,3,10.0,2.0,3,20,2,30,26,1,1,0.0,0.0,0.0
1-9-9-5-9-0,1,9.0,9.0,5,9,0,26,24,1,1,0.0,0.0,0.0
2-13-11-4-24-1,2,13.0,11.0,4,24,1,31,25,1,1,0.0,0.0,0.0
5-13-4-2-39-1,5,13.0,4.0,2,39,1,32,11,1,1,0.0,0.0,0.0
2-14-12-2-26-1,2,14.0,12.0,2,26,1,17,11,1,1,0.0,0.0,0.0
3-10-8-2-27-0,3,10.0,8.0,2,27,0,6,0,4,1,0.0,0.0,0.0
2-10-6-3-16-2,2,10.0,6.0,3,16,2,39,26,3,1,0.0,0.0,0.0
4-10-4-3-29-1,4,10.0,4.0,3,29,1,38,19,1,1,0.0,0.0,0.0
3-14-7-3-30-0,3,14.0,7.0,3,30,0,31,24,1,1,0.0,0.0,0.0
4-10-3-2-22-1,4,10.0,3.0,2,22,1,27,11,1,1,0.0,0.0,0.0
4-14-10-3-47-0,4,14.0,10.0,3,47,0,25,14,1,1,0.0,0.0,0.0
3-13-11-2-36-1,3,13.0,11.0,2,36,1,34,25,2,1,0.0,0.0,0.0
2-13-9-2-22-0,2,13.0,9.0,2,22,0,19,14,1,1,0.0,0.0,0.0
3-12-5-3-26-1,3,12.0,5.0,3,26,1,36,21,2,1,0.0,0.0,0.0
5-14-4-3-50-0,5,14.0,4.0,3,50,0,29,14,1,1,0.0,0.0,0.0
4-14-2-2-29-1,4,14.0,2.0,2,29,1,26,11,1,1,0.0,0.0,0.0
3-13-2-2-25-0,3,13.0,2.0,2,25,0,15,10,1,1,0.0,0.0,0.0
4-11-6-2-36-2,4,11.0,6.0,2,36,2,40,22,2,1,0.0,0.0,0.0
4-12-0-2-26-0,4,12.0,,2,26,0,23,8,4,1,0.0,0.0,0.0
5-11-0-2-26-0,5,11.0,,2,26,0,52,24,2,1,0.0,0.0,0.0
4-14-2-2-28-2,4,14.0,2.0,2,28,2,31,22,1,1,0.0,0.0,0.0
3-13-7-3-31-1,3,13.0,7.0,3,31,1,23,15,4,1,0.0,0.0,0.0
4-11-3-3-28-0,4,11.0,3.0,3,28,0,29,14,1,1,0.0,0.0,0.0
4-14-4-2-36-0,4,14.0,4.0,2,36,0,25,14,4,1,0.0,0.0,0.0
3-14-2-4-19-1,3,14.0,2.0,4,19,1,18,15,1,1,0.0,0.0,0.0
4-14-2-3-30-0,4,14.0,2.0,3,30,0,35,20,1,1,0.0,0.0,0.0
3-13-0-2-24-0,3,13.0,,2,24,0,16,10,2,1,0.0,0.0,0.0
4-8-2-2-22-0,4,8.0,2.0,2,22,0,22,8,1,1,0.0,0.0,0.0
6-14-0-1-48-0,6,14.0,,1,48,0,11,0,3,1,0.0,0.0,0.0
4-12-2-3-26-2,4,12.0,2.0,3,26,2,31,22,1,1,0.0,0.0,0.0
3-14-2-3-24-0,3,14.0,2.0,3,24,0,5,0,1,1,0.0,0.0,0.0
4-14-0-3-29-0,4,14.0,,3,29,0,20,14,1,1,0.0,0.0,0.0
3-7-2-3-13-1,3,7.0,2.0,3,13,1,31,25,1,1,0.0,0.0,0.0
5-14-2-2-34-1,5,14.0,2.0,2,34,1,28,21,4,1,0.0,0.0,0.0
4-10-3-2-28-2,4,10.0,3.0,2,28,2,37,22,1,1,0.0,0.0,0.0
3-12-5-3-26-0,3,12.0,5.0,3,26,0,29,14,2,1,0.0,0.0,0.0
4-14-9-2-45-2,4,14.0,9.0,2,45,2,36,26,1,1,0.0,0.0,0.0
3-12-4-2-23-0,3,12.0,4.0,2,23,0,17,8,2,1,0.0,0.0,0.0
4-14-8-2-44-0,4,14.0,8.0,2,44,0,24,14,2,1,0.0,0.0,0.0
3-12-0-2-15-0,3,12.0,,2,15,0,3,0,2,1,0.0,0.0,0.0
4-14-2-2-36-1,4,14.0,2.0,2,36,1,43,35,1,1,0.0,0.0,0.0
4-13-0-2-29-2,4,13.0,,2,29,2,43,36,1,1,0.0,0.0,0.0
4-10-0-2-25-0,4,10.0,,2,25,0,39,24,3,1,0.0,0.0,0.0
4-8-2-2-23-0,4,8.0,2.0,2,23,0,29,14,2,1,0.0,0.0,0.0
2-10-2-2-12-2,2,10.0,2.0,2,12,2,28,26,1,1,0.0,0.0,0.0
5-13-2-2-45-1,5,13.0,2.0,2,45,1,21,11,2,1,0.0,0.0,0.0
3-13-2-4-21-0,3,13.0,2.0,4,21,0,24,10,1,1,0.0,0.0,0.0
5-11-0-1-33-1,5,11.0,,1,33,1,36,19,1,1,0.0,0.0,0.0
5-14-2-2-38-0,5,14.0,2.0,2,38,0,18,10,3,1,0.0,0.0,0.0
6-13-0-2-36-0,6,13.0,,2,36,0,17,0,1,1,0.0,0.0,0.0
2-13-4-3-17-1,2,13.0,4.0,3,17,1,52,45,2,1,0.0,0.0,0.0
5-12-4-2-41-0,5,12.0,4.0,2,41,0,36,14,1,1,0.0,0.0,0.0
6-13-2-2-37-1,6,13.0,2.0,2,37,1,40,21,1,1,0.0,0.0,0.0
0--1--1-4-0-1,0,,,4,0,1,33,33,7,1,0.0,0.0,0.0
4-14-4-2-35-2,4,14.0,4.0,2,35,2,47,26,1,1,0.0,0.0,0.0
4-9-2-2-21-2,4,9.0,2.0,2,21,2,40,36,1,1,0.0,0.0,0.0
4-11-0-2-19-0,4,11.0,,2,19,0,23,10,3,1,0.0,0.0,0.0
4-14-0-2-28-1,4,14.0,,2,28,1,36,21,4,1,0.0,0.0,0.0
3-13-8-3-30-0,3,13.0,8.0,3,30,0,25,18,3,1,0.0,0.0,0.0
2-12-11-2-23-2,2,12.0,11.0,2,23,2,38,32,1,1,0.0,0.0,0.0
4-12-0-2-26-1,4,12.0,,2,26,1,17,11,3,1,0.0,0.0,0.0
3-12-5-2-26-1,3,12.0,5.0,2,26,1,36,21,1,1,0.0,0.0,0.0
2-13-9-4-22-2,2,13.0,9.0,4,22,2,47,42,1,1,0.0,0.0,0.0
5-14-4-2-49-1,5,14.0,4.0,2,49,1,26,11,1,1,0.0,0.0,0.0
1-10-10-3-10-2,1,10.0,10.0,3,10,2,48,46,4,1,0.0,0.0,0.0
3-14-10-3-37-1,3,14.0,10.0,3,37,1,27,19,5,1,0.0,0.0,0.0
5-14-3-3-45-0,5,14.0,3.0,3,45,0,23,4,1,1,0.0,0.0,0.0
5-13-0-1-29-0,5,13.0,,1,29,0,23,14,1,1,0.0,0.0,0.0
1-0-0-4-0-2,1,,,4,0,2,26,26,1,1,0.0,0.0,0.0
8-14-3-0-72-0,8,14.0,3.0,0,72,0,28,0,1,1,0.0,0.0,0.0
5-11-0-2-33-0,5,11.0,,2,33,0,15,4,1,1,0.0,0.0,0.0
3-14-2-2-22-1,3,14.0,2.0,2,22,1,29,15,3,1,0.0,0.0,0.0
3-3-0-2-5-1,3,3.0,,2,5,1,21,21,1,1,0.0,0.0,0.0
3-13-8-4-30-1,3,13.0,8.0,4,30,1,22,15,1,1,0.0,0.0,0.0
4-13-6-2-42-2,4,13.0,6.0,2,42,2,42,22,1,1,0.0,0.0,0.0
4-13-5-4-38-1,4,13.0,5.0,4,38,1,39,21,1,1,0.0,0.0,0.0
2-10-4-2-14-2,2,10.0,4.0,2,14,2,32,26,1,1,0.0,0.0,0.0
3-12-2-3-18-1,3,12.0,2.0,3,18,1,42,35,1,1,0.0,0.0,0.0
3-14-4-2-27-0,3,14.0,4.0,2,27,0,13,4,2,1,0.0,0.0,0.0
3-7-4-3-16-0,3,7.0,4.0,3,16,0,26,10,1,1,0.0,0.0,0.0
2-10-7-3-17-0,2,10.0,7.0,3,17,0,24,20,3,1,0.0,0.0,0.0
2-11-9-2-20-1,2,11.0,9.0,2,20,1,26,21,1,1,0.0,0.0,0.0
5-14-0-2-30-1,5,14.0,,2,30,1,37,21,3,1,0.0,0.0,0.0
1-7-7-3-7-1,1,7.0,7.0,3,7,1,41,39,7,1,0.0,0.0,0.0
5-11-5-1-43-0,5,11.0,5.0,1,43,0,23,4,1,1,0.0,0.0,0.0
5-11-4-2-38-1,5,11.0,4.0,2,38,1,33,11,1,1,0.0,0.0,0.0
5-14-0-2-40-0,5,14.0,,2,40,0,22,10,4,1,0.0,0.0,0.0
3-14-3-3-24-1,3,14.0,3.0,3,24,1,26,21,5,1,0.0,0.0,0.0
4-12-4-2-29-1,4,12.0,4.0,2,29,1,41,21,2,1,0.0,0.0,0.0
2-8-3-4-11-1,2,8.0,3.0,4,11,1,27,25,2,1,0.0,0.0,0.0
3-13-0-2-17-0,3,13.0,,2,17,0,31,24,1,1,0.0,0.0,0.0
5-14-4-2-37-1,5,14.0,4.0,2,37,1,45,15,1,1,0.0,0.0,0.0
3-10-5-3-21-1,3,10.0,5.0,3,21,1,48,25,4,1,0.0,0.0,0.0
3-10-3-3-18-0,3,10.0,3.0,3,18,0,36,24,1,1,0.0,0.0,0.0
4-12-0-2-31-0,4,12.0,,2,31,0,12,4,2,1,0.0,0.0,0.0
4-11-4-3-31-2,4,11.0,4.0,3,31,2,37,26,1,1,0.0,0.0,0.0
3-14-9-2-36-2,3,14.0,9.0,2,36,2,54,46,1,1,0.0,0.0,0.0
3-8-3-2-18-0,3,8.0,3.0,2,18,0,28,24,3,1,0.0,0.0,0.0
3-11-4-2-20-2,3,11.0,4.0,2,20,2,39,22,2,1,0.0,0.0,0.0
3-9-2-2-14-1,3,9.0,2.0,2,14,1,23,21,3,1,0.0,0.0,0.0
4-13-4-3-34-0,4,13.0,4.0,3,34,0,31,10,2,1,0.0,0.0,0.0
6-11-4-1-47-0,6,11.0,4.0,1,47,0,28,4,1,1,0.0,0.0,0.0
5-14-3-2-39-0,5,14.0,3.0,2,39,0,17,0,1,1,0.0,0.0,0.0
4-7-2-3-18-2,4,7.0,2.0,3,18,2,48,32,1,1,0.0,0.0,0.0
3-10-5-3-23-0,3,10.0,5.0,3,23,0,38,24,2,1,0.0,0.0,0.0
1-11-11-4-11-0,1,11.0,11.0,4,11,0,7,4,3,1,0.0,0.0,0.0
3-13-0-2-17-2,3,13.0,,2,17,2,33,26,1,1,0.0,0.0,0.0
3-14-8-2-31-2,3,14.0,8.0,2,31,2,43,36,1,1,0.0,0.0,0.0
3-14-3-2-24-1,3,14.0,3.0,2,24,1,36,31,1,1,0.0,0.0,0.0
5-13-4-2-45-1,5,13.0,4.0,2,45,1,38,15,1,1,0.0,0.0,0.0
2-4-2-2-6-1,2,4.0,2.0,2,6,1,27,23,2,1,0.0,0.0,0.0
3-13-3-2-25-1,3,13.0,3.0,2,25,1,36,31,1,1,0.0,0.0,0.0
4-14-6-2-35-0,4,14.0,6.0,2,35,0,32,14,1,1,0.0,0.0,0.0
5-12-2-2-31-0,5,12.0,2.0,2,31,0,23,14,2,1,0.0,0.0,0.0
3-14-6-4-33-1,3,14.0,6.0,4,33,1,32,15,1,1,0.0,0.0,0.0
3-10-2-3-18-0,3,10.0,2.0,3,18,0,17,4,1,1,0.0,0.0,0.0
3-14-5-3-27-0,3,14.0,5.0,3,27,0,39,24,2,1,0.0,0.0,0.0
3-12-7-2-28-1,3,12.0,7.0,2,28,1,42,35,2,1,0.0,0.0,0.0
4-13-4-2-30-2,4,13.0,4.0,2,30,2,41,22,1,1,0.0,0.0,0.0
5-12-4-2-42-1,5,12.0,4.0,2,42,1,44,21,2,1,0.0,0.0,0.0
2-14-10-3-24-0,2,14.0,10.0,3,24,0,19,14,2,1,0.0,0.0,0.0
3-5-0-3-9-1,3,5.0,,3,9,1,39,25,2,1,0.0,0.0,0.0
4-14-0-2-25-1,4,14.0,,2,25,1,30,21,4,1,0.0,0.0,0.0
4-12-0-3-26-1,4,12.0,,3,26,1,40,25,1,1,0.0,0.0,0.0
3-6-0-2-10-1,3,6.0,,2,10,1,46,31,4,1,0.0,0.0,0.0
3-9-0-3-12-1,3,9.0,,3,12,1,21,19,2,1,0.0,0.0,0.0
5-14-2-1-41-0,5,14.0,2.0,1,41,0,19,10,2,1,0.0,0.0,0.0
4-10-0-2-19-0,4,10.0,,2,19,0,30,14,3,1,0.0,0.0,0.0
5-13-2-2-44-2,5,13.0,2.0,2,44,2,42,32,1,1,0.0,0.0,0.0
3-6-3-2-14-2,3,6.0,3.0,2,14,2,53,32,1,1,0.0,0.0,0.0
3-12-7-4-30-0,3,12.0,7.0,4,30,0,22,14,1,1,0.0,0.0,0.0
2-11-6-3-17-1,2,11.0,6.0,3,17,1,39,25,11,1,0.0,0.0,0.0
4-11-0-2-26-1,4,11.0,,2,26,1,41,25,2,1,0.0,0.0,0.0
3-14-0-3-27-0,3,14.0,,3,27,0,10,4,3,1,0.0,0.0,0.0
4-13-0-3-34-0,4,13.0,,3,34,0,32,24,1,1,0.0,0.0,0.0
5-14-7-1-49-1,5,14.0,7.0,1,49,1,33,21,1,1,0.0,0.0,0.0
6-13-2-1-42-0,6,13.0,2.0,1,42,0,18,0,1,1,0.0,0.0,0.0
2-13-0-4-13-1,2,13.0,,4,13,1,28,25,2,1,0.0,0.0,0.0
3-7-4-3-16-2,3,7.0,4.0,3,16,2,38,22,2,1,0.0,0.0,0.0
4-14-5-2-38-1,4,14.0,5.0,2,38,1,37,19,2,1,0.0,0.0,0.0
2-7-3-3-10-2,2,7.0,3.0,3,10,2,34,32,1,1,0.0,0.0,0.0
4-12-5-2-38-0,4,12.0,5.0,2,38,0,22,4,2,1,0.0,0.0,0.0
2-13-0-3-13-2,2,13.0,,3,13,2,35,32,1,1,0.0,0.0,0.0
5-13-0-2-35-1,5,13.0,,2,35,1,32,11,2,1,0.0,0.0,0.0
3-13-2-2-19-0,3,13.0,2.0,2,19,0,17,10,1,1,0.0,0.0,0.0
4-14-5-2-35-0,4,14.0,5.0,2,35,0,30,4,1,1,0.0,0.0,0.0
4-11-6-2-36-1,4,11.0,6.0,2,36,1,39,21,2,1,0.0,0.0,0.0
4-12-3-3-29-0,4,12.0,3.0,3,29,0,20,4,2,1,0.0,0.0,0.0
4-13-5-3-37-2,4,13.0,5.0,3,37,2,49,32,1,1,0.0,0.0,0.0
3-12-8-2-30-1,3,12.0,8.0,2,30,1,32,25,1,1,0.0,0.0,0.0
4-10-0-3-18-0,4,10.0,,3,18,0,21,8,3,1,0.0,0.0,0.0
1-14-14-4-14-2,1,14.0,14.0,4,14,2,39,36,1,1,0.0,0.0,0.0
5-11-5-2-39-0,5,11.0,5.0,2,39,0,38,10,2,1,0.0,0.0,0.0
3-12-2-4-25-0,3,12.0,2.0,4,25,0,30,24,1,1,0.0,0.0,0.0
4-14-3-2-29-1,4,14.0,3.0,2,29,1,30,21,1,1,0.0,0.0,0.0
3-9-4-2-19-0,3,9.0,4.0,2,19,0,27,10,1,1,0.0,0.0,0.0
3-12-8-2-29-0,3,12.0,8.0,2,29,0,15,8,2,1,0.0,0.0,0.0
3-11-2-2-18-1,3,11.0,2.0,2,18,1,38,25,1,1,0.0,0.0,0.0
1-7-7-4-7-1,1,7.0,7.0,4,7,1,37,35,5,1,0.0,0.0,0.0
3-3-0-2-5-0,3,3.0,,2,5,0,20,20,3,1,0.0,0.0,0.0
3-14-3-2-27-1,3,14.0,3.0,2,27,1,26,21,2,1,0.0,0.0,0.0
4-14-2-2-36-2,4,14.0,2.0,2,36,2,50,42,2,1,0.0,0.0,0.0
2-12-11-3-23-2,2,12.0,11.0,3,23,2,38,32,2,1,0.0,0.0,0.0
2-12-10-2-22-1,2,12.0,10.0,2,22,1,30,25,2,1,0.0,0.0,0.0
4-10-0-2-22-1,4,10.0,,2,22,1,19,15,3,1,0.0,0.0,0.0
4-13-2-2-24-0,4,13.0,2.0,2,24,0,14,0,1,1,0.0,0.0,0.0
3-13-2-2-18-2,3,13.0,2.0,2,18,2,25,22,1,1,0.0,0.0,0.0
5-12-3-2-36-0,5,12.0,3.0,2,36,0,22,4,1,1,0.0,0.0,0.0
3-12-5-2-27-2,3,12.0,5.0,2,27,2,45,30,2,1,0.0,0.0,0.0
5-13-2-1-35-0,5,13.0,2.0,1,35,0,20,0,2,1,0.0,0.0,0.0
5-13-2-2-37-1,5,13.0,2.0,2,37,1,28,21,2,1,0.0,0.0,0.0
4-14-4-4-39-0,4,14.0,4.0,4,39,0,16,4,1,1,0.0,0.0,0.0
3-11-2-3-16-1,3,11.0,2.0,3,16,1,28,25,2,1,0.0,0.0,0.0
3-10-5-2-22-0,3,10.0,5.0,2,22,0,14,0,1,1,0.0,0.0,0.0
4-10-0-2-25-1,4,10.0,,2,25,1,26,11,3,1,0.0,0.0,0.0
1-8-8-3-8-3,1,8.0,8.0,3,8,3,45,43,1,1,0.0,0.0,0.0
4-10-0-3-22-1,4,10.0,,3,22,1,39,25,2,1,0.0,0.0,0.0
3-14-2-4-28-2,3,14.0,2.0,4,28,2,32,26,1,1,0.0,0.0,0.0
3-14-3-2-24-0,3,14.0,3.0,2,24,0,13,8,3,1,0.0,0.0,0.0
5-13-4-1-44-0,5,13.0,4.0,1,44,0,37,14,1,1,0.0,0.0,0.0
5-13-4-1-41-1,5,13.0,4.0,1,41,1,34,11,2,1,0.0,0.0,0.0
4-13-3-2-27-0,4,13.0,3.0,2,27,0,34,10,2,1,0.0,0.0,0.0
2-10-7-3-17-1,2,10.0,7.0,3,17,1,25,21,8,1,0.0,0.0,0.0
4-11-0-3-26-1,4,11.0,,3,26,1,28,21,1,1,0.0,0.0,0.0
5-14-6-3-48-0,5,14.0,6.0,3,48,0,31,10,2,1,0.0,0.0,0.0
2-5-4-4-9-2,2,5.0,4.0,4,9,2,50,36,1,1,0.0,0.0,0.0
4-13-3-2-36-1,4,13.0,3.0,2,36,1,33,25,1,1,0.0,0.0,0.0
3-13-0-2-25-1,3,13.0,,2,25,1,21,15,2,1,0.0,0.0,0.0
2-12-2-2-14-0,2,12.0,2.0,2,14,0,13,10,2,1,0.0,0.0,0.0
6-14-0-2-44-0,6,14.0,,2,44,0,36,14,1,1,0.0,0.0,0.0
4-12-7-2-37-0,4,12.0,7.0,2,37,0,23,14,2,1,0.0,0.0,0.0
3-10-7-4-25-1,3,10.0,7.0,4,25,1,21,15,1,1,0.0,0.0,0.0
4-12-6-2-34-0,4,12.0,6.0,2,34,0,42,24,2,1,0.0,0.0,0.0
3-4-0-2-6-3,3,4.0,,2,6,3,47,43,1,1,0.0,0.0,0.0
3-14-2-3-26-0,3,14.0,2.0,3,26,0,19,14,1,1,0.0,0.0,0.0
6-11-2-2-43-1,6,11.0,2.0,2,43,1,20,11,1,1,0.0,0.0,0.0
2-8-5-3-13-2,2,8.0,5.0,3,13,2,42,30,2,1,0.0,0.0,0.0
2-6-0-2-6-2,2,6.0,,2,6,2,47,36,1,1,0.0,0.0,0.0
6-10-2-1-36-0,6,10.0,2.0,1,36,0,24,4,1,1,0.0,0.0,0.0
6-14-2-1-44-0,6,14.0,2.0,1,44,0,45,14,1,1,0.0,0.0,0.0
6-14-0-2-32-0,6,14.0,,2,32,0,28,0,1,1,0.0,0.0,0.0
4-11-0-2-23-1,4,11.0,,2,23,1,16,11,4,1,0.0,0.0,0.0
3-12-5-3-24-1,3,12.0,5.0,3,24,1,30,15,1,1,0.0,0.0,0.0
3-8-2-3-16-2,3,8.0,2.0,3,16,2,49,36,1,1,0.0,0.0,0.0
2-5-3-4-8-0,2,5.0,3.0,4,8,0,20,10,1,1,0.0,0.0,0.0
4-14-2-3-30-2,4,14.0,2.0,3,30,2,38,22,1,1,0.0,0.0,0.0
3-13-10-3-35-0,3,13.0,10.0,3,35,0,22,14,1,1,0.0,0.0,0.0
2-12-5-2-17-0,2,12.0,5.0,2,17,0,21,8,1,1,0.0,0.0,0.0
2-11-5-3-16-1,2,11.0,5.0,3,16,1,42,29,5,1,0.0,0.0,0.0
4-12-4-2-34-1,4,12.0,4.0,2,34,1,37,25,4,1,0.0,0.0,0.0
3-11-7-2-28-1,3,11.0,7.0,2,28,1,36,29,1,1,0.0,0.0,0.0
3-14-7-3-32-0,3,14.0,7.0,3,32,0,28,20,3,1,0.0,0.0,0.0
2-9-3-4-12-1,2,9.0,3.0,4,12,1,31,29,1,1,0.0,0.0,0.0
2-13-12-2-25-2,2,13.0,12.0,2,25,2,36,30,1,1,0.0,0.0,0.0
4-14-2-3-34-0,4,14.0,2.0,3,34,0,21,4,2,1,0.0,0.0,0.0
2-14-2-3-16-3,2,14.0,2.0,3,16,3,46,43,1,1,0.0,0.0,0.0
3-12-3-3-22-2,3,12.0,3.0,3,22,2,51,46,1,1,0.0,0.0,0.0
3-12-4-3-24-0,3,12.0,4.0,3,24,0,13,4,1,1,0.0,0.0,0.0
4-10-0-2-21-1,4,10.0,,2,21,1,25,21,5,1,0.0,0.0,0.0
3-11-0-2-18-3,3,11.0,,2,18,3,48,43,1,1,0.0,0.0,0.0
4-8-0-3-18-0,4,8.0,,3,18,0,8,4,1,1,0.0,0.0,0.0
5-13-0-2-40-1,5,13.0,,2,40,1,21,11,1,1,0.0,0.0,0.0
3-11-4-3-24-0,3,11.0,4.0,3,24,0,29,20,1,1,0.0,0.0,0.0
4-9-0-2-23-3,4,9.0,,2,23,3,48,33,1,1,0.0,0.0,0.0
5-11-0-1-28-0,5,11.0,,1,28,0,16,0,1,1,0.0,0.0,0.0
4-10-0-2-15-0,4,10.0,,2,15,0,2,0,1,1,0.0,0.0,0.0
